-- MySQL dump 10.13  Distrib 8.0.43, for Win64 (x86_64)
--
-- Host: localhost    Database: escapade_parfaite
-- ------------------------------------------------------
-- Server version	5.5.5-10.4.32-MariaDB

/*!40101 SET @OLD_CHARACTER_SET_CLIENT=@@CHARACTER_SET_CLIENT */;
/*!40101 SET @OLD_CHARACTER_SET_RESULTS=@@CHARACTER_SET_RESULTS */;
/*!40101 SET @OLD_COLLATION_CONNECTION=@@COLLATION_CONNECTION */;
/*!50503 SET NAMES utf8mb4 */;
/*!40103 SET @OLD_TIME_ZONE=@@TIME_ZONE */;
/*!40103 SET TIME_ZONE='+00:00' */;
/*!40014 SET @OLD_UNIQUE_CHECKS=@@UNIQUE_CHECKS, UNIQUE_CHECKS=0 */;
/*!40014 SET @OLD_FOREIGN_KEY_CHECKS=@@FOREIGN_KEY_CHECKS, FOREIGN_KEY_CHECKS=0 */;
/*!40101 SET @OLD_SQL_MODE=@@SQL_MODE, SQL_MODE='NO_AUTO_VALUE_ON_ZERO' */;
/*!40111 SET @OLD_SQL_NOTES=@@SQL_NOTES, SQL_NOTES=0 */;

--
-- Table structure for table `administrador`
--

DROP TABLE IF EXISTS `administrador`;
/*!40101 SET @saved_cs_client     = @@character_set_client */;
/*!50503 SET character_set_client = utf8mb4 */;
CREATE TABLE `administrador` (
  `id` int(11) NOT NULL AUTO_INCREMENT,
  `nombre` varchar(30) DEFAULT NULL,
  `correo` varchar(50) DEFAULT NULL,
  `celular` varchar(15) DEFAULT NULL,
  `tipo_identificacion` varchar(5) DEFAULT NULL,
  `identificacion` varchar(15) DEFAULT NULL,
  `contrasena` varchar(100) DEFAULT NULL,
  `intentos_fallidos` int(11) DEFAULT NULL,
  `bloqueado_hasta` datetime DEFAULT NULL,
  PRIMARY KEY (`id`),
  UNIQUE KEY `celular` (`celular`),
  UNIQUE KEY `correo` (`correo`),
  UNIQUE KEY `identificacion` (`identificacion`)
) ENGINE=InnoDB AUTO_INCREMENT=2 DEFAULT CHARSET=utf8mb4 COLLATE=utf8mb4_general_ci;
/*!40101 SET character_set_client = @saved_cs_client */;

--
-- Dumping data for table `administrador`
--

LOCK TABLES `administrador` WRITE;
/*!40000 ALTER TABLE `administrador` DISABLE KEYS */;
INSERT INTO `administrador` VALUES (1,'James Rendon','vanegasjames01@gmail.com','3134568354','CC','1028941954','$2b$12$v.gEz6L6pEPyUeywJAnQVe1wJPtB3Kc1UWolTCYxm2wNe1Iz2HaQG',0,NULL);
/*!40000 ALTER TABLE `administrador` ENABLE KEYS */;
UNLOCK TABLES;

--
-- Table structure for table `alembic_version`
--

DROP TABLE IF EXISTS `alembic_version`;
/*!40101 SET @saved_cs_client     = @@character_set_client */;
/*!50503 SET character_set_client = utf8mb4 */;
CREATE TABLE `alembic_version` (
  `version_num` varchar(32) NOT NULL,
  PRIMARY KEY (`version_num`)
) ENGINE=InnoDB DEFAULT CHARSET=utf8mb4 COLLATE=utf8mb4_general_ci;
/*!40101 SET character_set_client = @saved_cs_client */;

--
-- Dumping data for table `alembic_version`
--

LOCK TABLES `alembic_version` WRITE;
/*!40000 ALTER TABLE `alembic_version` DISABLE KEYS */;
INSERT INTO `alembic_version` VALUES ('1f2d678cc330');
/*!40000 ALTER TABLE `alembic_version` ENABLE KEYS */;
UNLOCK TABLES;

--
-- Table structure for table `auditoria_plan`
--

DROP TABLE IF EXISTS `auditoria_plan`;
/*!40101 SET @saved_cs_client     = @@character_set_client */;
/*!50503 SET character_set_client = utf8mb4 */;
CREATE TABLE `auditoria_plan` (
  `id` int(11) NOT NULL AUTO_INCREMENT,
  `accion` varchar(10) NOT NULL,
  `fecha` datetime DEFAULT current_timestamp(),
  `admin_id` int(11) DEFAULT NULL,
  `old_data` longtext CHARACTER SET utf8mb4 COLLATE utf8mb4_bin DEFAULT NULL CHECK (json_valid(`old_data`)),
  `new_data` longtext CHARACTER SET utf8mb4 COLLATE utf8mb4_bin DEFAULT NULL CHECK (json_valid(`new_data`)),
  PRIMARY KEY (`id`),
  KEY `admin_id` (`admin_id`),
  KEY `ix_auditoria_plan_id` (`id`),
  CONSTRAINT `auditoria_plan_ibfk_1` FOREIGN KEY (`admin_id`) REFERENCES `administrador` (`id`)
) ENGINE=InnoDB AUTO_INCREMENT=688 DEFAULT CHARSET=utf8mb4 COLLATE=utf8mb4_general_ci;
/*!40101 SET character_set_client = @saved_cs_client */;

--
-- Dumping data for table `auditoria_plan`
--

LOCK TABLES `auditoria_plan` WRITE;
/*!40000 ALTER TABLE `auditoria_plan` DISABLE KEYS */;
INSERT INTO `auditoria_plan` VALUES (98,'INSERT','2025-10-15 20:42:30',NULL,NULL,'{\"id\": 33, \"nombre\": \"Tour Café (Zona Cafetera)\", \"descripcion\": \"Experiencia cafetera en finca de Quindío o Risaralda: recorrido por cafetales, proceso y cata. Duración 4 horas aprox.\", \"descripcion_corta\": \"Experiencia cafetera tradicional.\", \"costo_persona\": 90000, \"imagen\": \"2f8adce976d34e578f00d7d85adb0cb2.png\", \"id_ciudad\": 2, \"id_informe\": null}'),(99,'INSERT','2025-10-15 20:47:46',NULL,NULL,'{\"id\": 34, \"nombre\": \"Caminata al Salto del Tequenda\", \"descripcion\": \"Caminata guiada por senderos naturales hasta el mirador de la cascada Salto del Tequendama. Duración 3 horas.\", \"descripcion_corta\": \"Senderismo al Salto del Tequendama.\", \"costo_persona\": 50000, \"imagen\": \"cfee742fcb8e4bfaa718d3fd6732a99b.png\", \"id_ciudad\": 3, \"id_informe\": null}'),(100,'INSERT','2025-10-16 07:53:20',NULL,NULL,'{\"id\": 35, \"nombre\": \"Monserrate & Museo del Oro \", \"descripcion\": \"Tour de medio día que incluye subida al cerro de Monserrate para ver vista panorámica de Bogotá + visita al Museo del Oro para conocer la colección prehispánica.\", \"descripcion_corta\": \"Vista y cultura en Bogotá.\", \"costo_persona\": 190000, \"imagen\": \"28ac0779f5d34bfc82c163d88257a791.png\", \"id_ciudad\": 1, \"id_informe\": null}'),(101,'INSERT','2025-10-16 07:54:28',NULL,NULL,'{\"id\": 36, \"nombre\": \"Mina de Sal de Zipaquirá\", \"descripcion\": \"Excursión de medio día para visitar la Catedral de Sal; recorrido por galerías subterráneas y sala de tormentas.\", \"descripcion_corta\": \"Catedral de Sal.\", \"costo_persona\": 265000, \"imagen\": null, \"id_ciudad\": 8, \"id_informe\": null}'),(102,'UPDATE','2025-10-16 07:55:09',NULL,'{\"id\": 36, \"nombre\": \"Mina de Sal de Zipaquirá\", \"descripcion\": \"Excursión de medio día para visitar la Catedral de Sal; recorrido por galerías subterráneas y sala de tormentas.\", \"descripcion_corta\": \"Catedral de Sal.\", \"costo_persona\": 265000, \"imagen\": null, \"id_ciudad\": 8, \"id_informe\": null}','{\"id\": 36, \"nombre\": \"Mina de Sal de Zipaquirá\", \"descripcion\": \"Excursión de medio día para visitar la Catedral de Sal; recorrido por galerías subterráneas y sala de tormentas.\", \"descripcion_corta\": \"Catedral de Sal.\", \"costo_persona\": 265000, \"imagen\": \"d19f74d395f04f6ab243adc614b88e32.png\", \"id_ciudad\": 8, \"id_informe\": null}'),(103,'INSERT','2025-10-16 07:56:47',NULL,NULL,'{\"id\": 37, \"nombre\": \"La Chorrera \", \"descripcion\": \"Caminata / senderismo hacia la cascada La Chorrera, con guía, naturaleza, vistas y tiempo para baño si el clima lo permite.\", \"descripcion_corta\": \"Cascada La Chorrera.\", \"costo_persona\": 270000, \"imagen\": \"dcf436b3fb7d45e482b4ac52d9a5a737.png\", \"id_ciudad\": 8, \"id_informe\": null}'),(104,'INSERT','2025-10-16 08:02:58',NULL,NULL,'{\"id\": 38, \"nombre\": \"Parque Natural Chicaque\", \"descripcion\": \"Excursión de medio día en bosque de niebla con senderos, miradores y contacto con naturaleza cerca de Bogotá.\", \"descripcion_corta\": \"Bosque de niebla en Chicaque.\", \"costo_persona\": 250000, \"imagen\": \"457b58b01b32414dbe9871cc38e5c182.png\", \"id_ciudad\": 8, \"id_informe\": null}'),(105,'INSERT','2025-10-16 08:05:16',NULL,NULL,'{\"id\": 39, \"nombre\": \"Tour Ciudad Vieja & Castillo S\", \"descripcion\": \"Recorrido guiado de unas pocas horas por Getsemaní, la Ciudad Amurallada y el Castillo San Felipe de Barajas, apreciando arquitectura colonial.\", \"descripcion_corta\": \"Historia colonial en Cartagena.\", \"costo_persona\": 200000, \"imagen\": \"1f777466607d4efea4fe7bd254420768.png\", \"id_ciudad\": 5, \"id_informe\": null}'),(106,'INSERT','2025-10-16 08:14:30',NULL,NULL,'{\"id\": 40, \"nombre\": \"Free Bike Tour Bogotá\", \"descripcion\": \"Recorrido en bicicleta por zonas representativas de Bogotá, explorando parques, arte callejero y panorámicas, guiado.\", \"descripcion_corta\": \"Bici por Bogotá gratis.\", \"costo_persona\": 0, \"imagen\": \"e4e0b4c8f4e8490fbf9e8e94f8bd6c35.png\", \"id_ciudad\": 1, \"id_informe\": null}'),(107,'INSERT','2025-10-16 08:15:26',NULL,NULL,'{\"id\": 41, \"nombre\": \"Graffiti & Identity \", \"descripcion\": \"Tour guiado de arte urbano y grafiti en Bogotá, aprendiendo sobre los artistas, los mensajes y la transformación cultural.\", \"descripcion_corta\": \"Grafiti y arte urbano Bogotá.\", \"costo_persona\": 60000, \"imagen\": null, \"id_ciudad\": 1, \"id_informe\": null}'),(108,'UPDATE','2025-10-16 08:16:23',NULL,'{\"id\": 41, \"nombre\": \"Graffiti & Identity \", \"descripcion\": \"Tour guiado de arte urbano y grafiti en Bogotá, aprendiendo sobre los artistas, los mensajes y la transformación cultural.\", \"descripcion_corta\": \"Grafiti y arte urbano Bogotá.\", \"costo_persona\": 60000, \"imagen\": null, \"id_ciudad\": 1, \"id_informe\": null}','{\"id\": 41, \"nombre\": \"Graffiti & Identity \", \"descripcion\": \"Tour guiado de arte urbano y grafiti en Bogotá, aprendiendo sobre los artistas, los mensajes y la transformación cultural.\", \"descripcion_corta\": \"Grafiti y arte urbano Bogotá.\", \"costo_persona\": 60000, \"imagen\": \"9bfd30a35ffc44ecadd9c8ce82a30b67.png\", \"id_ciudad\": 1, \"id_informe\": null}'),(109,'UPDATE','2025-11-05 00:49:48',NULL,'{\"id\": 28, \"nombre\": \"Tour por la Candelaria\", \"descripcion\": \"Recorrido guiado a pie por el barrio histórico La Candelaria, visitando murales, arquitectura colonial, Plaza de Bolívar y Museo del Oro.\", \"descripcion_corta\": \"Tour a pie por el centro histórico de Bogotá.\", \"costo_persona\": 70000, \"imagen\": \"088056bc84cc46449023b8c394537c5e.png\", \"id_ciudad\": 1, \"id_informe\": null}','{\"id\": 28, \"nombre\": \"Tour por la Candelaria\", \"descripcion\": \"Recorrido guiado a pie por el barrio histórico La Candelaria, visitando murales, arquitectura colonial, Plaza de Bolívar y Museo del Oro.\", \"descripcion_corta\": \"Tour a pie por el centro histórico de Bogotá.\", \"costo_persona\": 70000, \"imagen\": \"088056bc84cc46449023b8c394537c5e.png\", \"id_ciudad\": 1, \"id_informe\": null}'),(110,'UPDATE','2025-11-05 00:50:22',NULL,'{\"id\": 34, \"nombre\": \"Caminata al Salto del Tequenda\", \"descripcion\": \"Caminata guiada por senderos naturales hasta el mirador de la cascada Salto del Tequendama. Duración 3 horas.\", \"descripcion_corta\": \"Senderismo al Salto del Tequendama.\", \"costo_persona\": 50000, \"imagen\": \"cfee742fcb8e4bfaa718d3fd6732a99b.png\", \"id_ciudad\": 3, \"id_informe\": null}','{\"id\": 34, \"nombre\": \"Caminata al Salto del Tequenda\", \"descripcion\": \"Caminata guiada por senderos naturales hasta el mirador de la cascada Salto del Tequendama. Duración 3 horas.\", \"descripcion_corta\": \"Senderismo al Salto del Tequendama.\", \"costo_persona\": 50000, \"imagen\": \"cfee742fcb8e4bfaa718d3fd6732a99b.png\", \"id_ciudad\": 3, \"id_informe\": null}'),(244,'INSERT','2025-11-06 21:43:03',NULL,NULL,'{\"id\": 176, \"nombre\": \"Visionary full-range projectio\", \"descripcion\": \"Campaña noche a justicia lenguaje. Llamado temas afirmó fecha tu principio. Hace resultados padre. Fácil medios he cabo.\", \"descripcion_corta\": \"R existen países nuestras.\", \"costo_persona\": 425439, \"imagen\": \"66bd8b1ebeda405093aba72dc0501b74.jpg\", \"id_ciudad\": 2, \"id_informe\": null}'),(245,'INSERT','2025-11-06 21:43:03',NULL,NULL,'{\"id\": 177, \"nombre\": \"Vision-oriented methodical fun\", \"descripcion\": \"Española mujeres rosa le solución amigo análisis cosas. Don políticos g.\", \"descripcion_corta\": \"Grande propios barcelona.\", \"costo_persona\": 254584, \"imagen\": \"plan_11.jpg\", \"id_ciudad\": 2, \"id_informe\": null}'),(246,'INSERT','2025-11-06 21:43:03',NULL,NULL,'{\"id\": 178, \"nombre\": \"Optimized incremental neural-n\", \"descripcion\": \"Popular nuevos cosas encima tribunal producto. Estructura ocasión político formación no nueva.\", \"descripcion_corta\": \"Muerto conocimiento toma habría.\", \"costo_persona\": 451499, \"imagen\": \"2f8adce976d34e578f00d7d85adb0cb2.png\", \"id_ciudad\": 2, \"id_informe\": null}'),(247,'INSERT','2025-11-06 21:43:03',NULL,NULL,'{\"id\": 179, \"nombre\": \"Monitored exuding access\", \"descripcion\": \"Lenguaje hecho libre sentido hemos. Encuentra pequeña grandes movimiento. Tenido ocasión cual quién río servicio tener.\", \"descripcion_corta\": \"Conjunto existencia empresas cuba.\", \"costo_persona\": 312269, \"imagen\": \"plan_9.jpg\", \"id_ciudad\": 5, \"id_informe\": null}'),(248,'INSERT','2025-11-06 21:43:03',NULL,NULL,'{\"id\": 180, \"nombre\": \"Persevering value-added algori\", \"descripcion\": \"Hijos grado verdad hubo blanca. Energía españa hija club seguro peor mitad. Una sol primera.\", \"descripcion_corta\": \"Tengo formación curso estudios te atención.\", \"costo_persona\": 263824, \"imagen\": \"plan_11.jpg\", \"id_ciudad\": 2, \"id_informe\": null}'),(249,'INSERT','2025-11-06 21:43:03',NULL,NULL,'{\"id\": 181, \"nombre\": \"Polarized upward-trending supp\", \"descripcion\": \"Hijos las encuentro ningún imágenes capaz área nombre. Horas trata ojos cada.\", \"descripcion_corta\": \"Dios ningún este ii pueblo que.\", \"costo_persona\": 258734, \"imagen\": \"plan_9.jpg\", \"id_ciudad\": 6, \"id_informe\": null}'),(250,'INSERT','2025-11-06 21:43:03',NULL,NULL,'{\"id\": 182, \"nombre\": \"Function-based methodical adap\", \"descripcion\": \"Mujeres vida europa aquellos cuadro. Dólares largo nuevas ex sur volver. Arte relaciones duda corte pone siendo.\", \"descripcion_corta\": \"Propio dónde diversos hace allí especial.\", \"costo_persona\": 372895, \"imagen\": \"plan_10.jpg\", \"id_ciudad\": 3, \"id_informe\": null}'),(251,'INSERT','2025-11-06 21:43:03',NULL,NULL,'{\"id\": 183, \"nombre\": \"Fully-configurable optimal mor\", \"descripcion\": \"Lucha juez dejar cabo historia. Local título dejó aquella cuenta.\", \"descripcion_corta\": \"Muy público modelo.\", \"costo_persona\": 334401, \"imagen\": \"plan_8.jpg\", \"id_ciudad\": 4, \"id_informe\": null}'),(252,'INSERT','2025-11-06 21:43:03',NULL,NULL,'{\"id\": 184, \"nombre\": \"Cloned multi-state process imp\", \"descripcion\": \"Justicia primeros algunas máximo. Pueblo haber hechos total cuadro elementos ir. Enfermedad futuro d oposición.\", \"descripcion_corta\": \"Tener esos paciente tenido reforma partes.\", \"costo_persona\": 460011, \"imagen\": \"plan_11.jpg\", \"id_ciudad\": 2, \"id_informe\": null}'),(253,'INSERT','2025-11-06 21:43:03',NULL,NULL,'{\"id\": 185, \"nombre\": \"Streamlined zero administratio\", \"descripcion\": \"Podía consecuencia problema principio hacia haber. Electoral relaciones habla. Razón partes flores evitar.\", \"descripcion_corta\": \"Oposición militar amigo próximo.\", \"costo_persona\": 389957, \"imagen\": \"plan_19.jpg\", \"id_ciudad\": 2, \"id_informe\": null}'),(254,'INSERT','2025-11-06 21:43:03',NULL,NULL,'{\"id\": 186, \"nombre\": \"Reactive impactful framework\", \"descripcion\": \"Tierra nadie fin mayor tipo. Éste eran color evitar. Uso investigación hora siempre cine volver haber.\", \"descripcion_corta\": \"Interior acto línea quien considera mediante.\", \"costo_persona\": 244675, \"imagen\": \"plan_8.jpg\", \"id_ciudad\": 8, \"id_informe\": null}'),(255,'INSERT','2025-11-06 21:43:03',NULL,NULL,'{\"id\": 187, \"nombre\": \"User-centric zero-defect super\", \"descripcion\": \"Radio m solamente pública público llegado pone distintas. Europea fecha apoyo luz políticas porque. Porque grupo quiere tú falta militar social primeras.\", \"descripcion_corta\": \"Meses santiago ii españa información muchas.\", \"costo_persona\": 286513, \"imagen\": \"plan_1.jpg\", \"id_ciudad\": 4, \"id_informe\": null}'),(256,'INSERT','2025-11-06 21:43:03',NULL,NULL,'{\"id\": 188, \"nombre\": \"Versatile demand-driven synerg\", \"descripcion\": \"Mientras pasado crisis propio. Pues generales igual evitar adelante.\\nTravés todavía estar cuales quedó período primera. Relación valores dinero decía actividad parís dan programa.\", \"descripcion_corta\": \"Concepto tanto etapa.\", \"costo_persona\": 145615, \"imagen\": \"plan_13.jpg\", \"id_ciudad\": 4, \"id_informe\": null}'),(257,'INSERT','2025-11-06 21:43:03',NULL,NULL,'{\"id\": 189, \"nombre\": \"Self-enabling discrete flexibi\", \"descripcion\": \"Casos niño zonas sistema muchas. Entrada enfermedad van así parecía ojos bajo deseo. Hacerlo aspecto acción. Reunión formación ahí final situación.\", \"descripcion_corta\": \"Interés tengo título.\", \"costo_persona\": 382111, \"imagen\": \"d19f74d395f04f6ab243adc614b88e32.png\", \"id_ciudad\": 6, \"id_informe\": null}'),(258,'INSERT','2025-11-06 21:43:03',NULL,NULL,'{\"id\": 190, \"nombre\": \"Distributed systemic workforce\", \"descripcion\": \"Sino estar ni lado. Capital misma hacerlo unidad primero domingo condiciones nosotros. Humano especie trabajadores. Nuevas año electoral diciembre fuera primeras.\", \"descripcion_corta\": \"Etapa líder unas vista y alguna punto.\", \"costo_persona\": 147182, \"imagen\": \"1f777466607d4efea4fe7bd254420768.png\", \"id_ciudad\": 3, \"id_informe\": null}'),(259,'INSERT','2025-11-06 21:43:03',NULL,NULL,'{\"id\": 191, \"nombre\": \"Open-architected background ex\", \"descripcion\": \"Propios libre respuesta precio. Desde ministerio habían fuerza los. Respecto luis doctor falta.\", \"descripcion_corta\": \"Equipo una fácil.\", \"costo_persona\": 180266, \"imagen\": \"2f8adce976d34e578f00d7d85adb0cb2.png\", \"id_ciudad\": 4, \"id_informe\": null}'),(260,'INSERT','2025-11-06 21:43:03',NULL,NULL,'{\"id\": 192, \"nombre\": \"Persevering high-level frame\", \"descripcion\": \"Conseguir hoy medida puede boca práctica. Semana tenían modelo ambos nombre tampoco. Actividad tarde luis etc ejemplo.\", \"descripcion_corta\": \"Etapa formas especialmente lo.\", \"costo_persona\": 430794, \"imagen\": \"d19f74d395f04f6ab243adc614b88e32.png\", \"id_ciudad\": 8, \"id_informe\": null}'),(261,'INSERT','2025-11-06 21:43:03',NULL,NULL,'{\"id\": 193, \"nombre\": \"Self-enabling actuating neural\", \"descripcion\": \"Oro sentido donde varias por entrada. Internacional concepto dejó sea tendrá gente donde. Realizar son sería función.\", \"descripcion_corta\": \"Solamente juan calidad pie local zona.\", \"costo_persona\": 125092, \"imagen\": \"9bfd30a35ffc44ecadd9c8ce82a30b67.png\", \"id_ciudad\": 5, \"id_informe\": null}'),(262,'INSERT','2025-11-06 21:43:03',NULL,NULL,'{\"id\": 194, \"nombre\": \"Re-engineered bifurcated time-\", \"descripcion\": \"Acuerdo aparece políticas martín minutos. C otra uno. Días libros militar encima tú.\", \"descripcion_corta\": \"Valor r conciencia dio.\", \"costo_persona\": 265004, \"imagen\": \"28ac0779f5d34bfc82c163d88257a791.png\", \"id_ciudad\": 1, \"id_informe\": null}'),(263,'INSERT','2025-11-06 21:43:03',NULL,NULL,'{\"id\": 195, \"nombre\": \"Optional fresh-thinking comple\", \"descripcion\": \"Casos humana experiencia ocasiones datos rosa. Medidas hablar en sea días. Opinión naturaleza primeros.\", \"descripcion_corta\": \"R luis tierra tiene apenas suelo.\", \"costo_persona\": 168395, \"imagen\": \"cfee742fcb8e4bfaa718d3fd6732a99b.png\", \"id_ciudad\": 6, \"id_informe\": null}'),(264,'INSERT','2025-11-06 21:43:03',NULL,NULL,'{\"id\": 196, \"nombre\": \"Stand-alone eco-centric policy\", \"descripcion\": \"Mayor obras fuera bastante central. Finalmente parís pone resultados escuela. Solamente tiempo área seguir final. Van menor construcción debido médico futuro entre.\", \"descripcion_corta\": \"Está estados abril vía.\", \"costo_persona\": 469696, \"imagen\": \"plan_8.jpg\", \"id_ciudad\": 4, \"id_informe\": null}'),(265,'INSERT','2025-11-06 21:43:03',NULL,NULL,'{\"id\": 197, \"nombre\": \"Realigned radical application\", \"descripcion\": \"Enero junio espacio dónde problemas jorge hacen. Tener calidad necesidad creo uso. Dios artículo relaciones importancia.\", \"descripcion_corta\": \"Cabeza g verdad.\", \"costo_persona\": 197176, \"imagen\": \"plan_14.jpg\", \"id_ciudad\": 1, \"id_informe\": null}'),(266,'INSERT','2025-11-06 21:43:03',NULL,NULL,'{\"id\": 198, \"nombre\": \"Front-line exuding neural-net\", \"descripcion\": \"Algún unidos baja posibilidad ellas.\\nLado orden haya fin garcía hombres mayo. Idea gente autoridades pero manera. Aun puso único solamente.\", \"descripcion_corta\": \"Han visita lucha ayuda piel.\", \"costo_persona\": 407116, \"imagen\": \"cfee742fcb8e4bfaa718d3fd6732a99b.png\", \"id_ciudad\": 8, \"id_informe\": null}'),(267,'INSERT','2025-11-06 21:43:03',NULL,NULL,'{\"id\": 199, \"nombre\": \"Synchronized discrete frame\", \"descripcion\": \"O valor julio señaló hacía antes joven países. Bien cine noviembre. Veces seis ocasiones ante gobierno sigue diciembre primer.\", \"descripcion_corta\": \"Trabajo tribunal intereses maría niño ii.\", \"costo_persona\": 285221, \"imagen\": \"plan_8.jpg\", \"id_ciudad\": 8, \"id_informe\": null}'),(268,'INSERT','2025-11-06 21:43:03',NULL,NULL,'{\"id\": 200, \"nombre\": \"Total neutral artificial intel\", \"descripcion\": \"Interior equipo cuestión energía medio siete jefe días. Habría baja siete.\", \"descripcion_corta\": \"Diversas nuestro nacional.\", \"costo_persona\": 496130, \"imagen\": \"plan_4.jpg\", \"id_ciudad\": 5, \"id_informe\": null}'),(269,'INSERT','2025-11-06 21:43:03',NULL,NULL,'{\"id\": 201, \"nombre\": \"Enterprise-wide fresh-thinking\", \"descripcion\": \"Centro toda sabía algo. Allí hicieron fácil función personal.\", \"descripcion_corta\": \"Especie asociación este.\", \"costo_persona\": 355036, \"imagen\": \"dcf436b3fb7d45e482b4ac52d9a5a737.png\", \"id_ciudad\": 5, \"id_informe\": null}'),(270,'INSERT','2025-11-06 21:43:03',NULL,NULL,'{\"id\": 202, \"nombre\": \"Operative user-facing core\", \"descripcion\": \"Cabo ambos amigos que. Con constitución universidad respecto.\", \"descripcion_corta\": \"Bajo precios fuego personas dar llegó.\", \"costo_persona\": 349142, \"imagen\": \"plan_2.jpg\", \"id_ciudad\": 8, \"id_informe\": null}'),(271,'INSERT','2025-11-06 21:43:03',NULL,NULL,'{\"id\": 203, \"nombre\": \"Polarized eco-centric algorith\", \"descripcion\": \"Cierta puerta fuego quedó distintos. Hija ciudad primeras solo esas estas cada b.\\nMayo años pasó plazo formación. Ex peor pudo premio.\", \"descripcion_corta\": \"Capaz estas vino niveles carácter vivir.\", \"costo_persona\": 106272, \"imagen\": \"088056bc84cc46449023b8c394537c5e.png\", \"id_ciudad\": 1, \"id_informe\": null}'),(272,'INSERT','2025-11-06 21:43:03',NULL,NULL,'{\"id\": 204, \"nombre\": \"Intuitive 6thgeneration foreca\", \"descripcion\": \"Situación compañía marco artículo estos muerto medios. Centro salida principales debe.\\nAllá cama posibilidad cada saber media.\\nCausa especialmente fácil cara flores otra.\", \"descripcion_corta\": \"Cierta aun base modo fuego septiembre.\", \"costo_persona\": 367923, \"imagen\": \"plan_17.jpg\", \"id_ciudad\": 1, \"id_informe\": null}'),(273,'INSERT','2025-11-06 21:43:03',NULL,NULL,'{\"id\": 205, \"nombre\": \"Managed national productivity\", \"descripcion\": \"Crecimiento nivel imagen personal. Expresión sin unidos estaba. Abril comisión jefe orden jamás.\", \"descripcion_corta\": \"Cama cuando policía.\", \"costo_persona\": 175466, \"imagen\": \"plan_17.jpg\", \"id_ciudad\": 2, \"id_informe\": null}'),(274,'INSERT','2025-11-06 21:43:03',NULL,NULL,'{\"id\": 206, \"nombre\": \"Decentralized system-worthy Gr\", \"descripcion\": \"Zona produce d hacía precios. Económico millones rafael garcía gracias.\", \"descripcion_corta\": \"Mundo algún sea llegado nivel gente vio.\", \"costo_persona\": 357107, \"imagen\": \"dcf436b3fb7d45e482b4ac52d9a5a737.png\", \"id_ciudad\": 6, \"id_informe\": null}'),(275,'INSERT','2025-11-06 21:43:03',NULL,NULL,'{\"id\": 207, \"nombre\": \"Cross-platform static Local Ar\", \"descripcion\": \"Poner idea largo vuelta. G curso será viejo último constitución cerca industria. Civil posibilidades comunidad ha.\\nFuerte tampoco etc respuesta quiere.\", \"descripcion_corta\": \"Producción datos será historia mantener.\", \"costo_persona\": 213526, \"imagen\": \"plan_5.jpg\", \"id_ciudad\": 6, \"id_informe\": null}'),(276,'INSERT','2025-11-06 21:43:03',NULL,NULL,'{\"id\": 208, \"nombre\": \"Front-line discrete data-wareh\", \"descripcion\": \"Este hacerlo servicios mejores seguridad caso internacional. Española último español. Sueño apenas presenta quiero algo plazo marzo.\", \"descripcion_corta\": \"Popular noche vivir solamente contenido administración.\", \"costo_persona\": 141925, \"imagen\": \"cfee742fcb8e4bfaa718d3fd6732a99b.png\", \"id_ciudad\": 7, \"id_informe\": null}'),(277,'INSERT','2025-11-06 21:43:03',NULL,NULL,'{\"id\": 209, \"nombre\": \"Optimized client-driven contin\", \"descripcion\": \"Ella mayoría valor junio hijos realizar debe. Calidad concepto igual la tenía tal. Internacional j estas vuelta éste crisis demasiado.\", \"descripcion_corta\": \"Mí maría interés.\", \"costo_persona\": 376382, \"imagen\": \"plan_7.jpg\", \"id_ciudad\": 8, \"id_informe\": null}'),(278,'INSERT','2025-11-06 21:43:03',NULL,NULL,'{\"id\": 210, \"nombre\": \"Re-contextualized user-facing \", \"descripcion\": \"Dejó deseo hace período segunda. Sur hijo importantes tomar actividad dólares.\\nPsoe posibilidad precios estaban dios. Fernando materia congreso producción mis ejemplo francia soy.\", \"descripcion_corta\": \"Diversos único tratamiento propuesta historia llegar.\", \"costo_persona\": 278738, \"imagen\": \"plan_3.jpg\", \"id_ciudad\": 4, \"id_informe\": null}'),(279,'INSERT','2025-11-06 21:43:03',NULL,NULL,'{\"id\": 211, \"nombre\": \"Organized modular knowledge us\", \"descripcion\": \"Paso nueva contra sigue. Vuelta cerca cine militares encuentra clase.\\nSer administración programa sabía torno.\\nMillones precios estructura.\", \"descripcion_corta\": \"Noviembre psoe mucha fue es seis.\", \"costo_persona\": 294307, \"imagen\": \"plan_16.jpg\", \"id_ciudad\": 5, \"id_informe\": null}'),(280,'INSERT','2025-11-06 21:43:03',NULL,NULL,'{\"id\": 212, \"nombre\": \"Public-key full-range core\", \"descripcion\": \"Desde mañana través efecto relación garcía. Personas espera bien carrera.\\nReforma cabo actual espacio santa. Seguir nuestra juicio debe países flores música.\", \"descripcion_corta\": \"Sabía niveles contenido grado unidad.\", \"costo_persona\": 361982, \"imagen\": \"plan_6.jpg\", \"id_ciudad\": 3, \"id_informe\": null}'),(281,'INSERT','2025-11-06 21:43:03',NULL,NULL,'{\"id\": 213, \"nombre\": \"Triple-buffered coherent middl\", \"descripcion\": \"Sociales nuevo hacía siempre queda objetivo b. De riesgo haber visita. El durante parecía industria actual hora.\", \"descripcion_corta\": \"Baja solamente unión.\", \"costo_persona\": 252140, \"imagen\": \"plan_14.jpg\", \"id_ciudad\": 5, \"id_informe\": null}'),(282,'INSERT','2025-11-06 21:43:03',NULL,NULL,'{\"id\": 214, \"nombre\": \"Future-proofed next generation\", \"descripcion\": \"Tú pueda allí problema elecciones contra. Proceso razones llama lugar suerte piel cuenta.\\nProceso cuarto señaló. Diez alto aunque haya.\", \"descripcion_corta\": \"Blanco importante lenguaje.\", \"costo_persona\": 115805, \"imagen\": \"1f777466607d4efea4fe7bd254420768.png\", \"id_ciudad\": 3, \"id_informe\": null}'),(283,'INSERT','2025-11-06 21:43:03',NULL,NULL,'{\"id\": 215, \"nombre\": \"Managed bi-directional utiliza\", \"descripcion\": \"Posible los partido voz muchas buen fuerza nuestra.\\nHubo señora comercio real. Superior cinco esas juan. Junto consejo ningún ellos antes razón.\", \"descripcion_corta\": \"Militar cine real ejemplo.\", \"costo_persona\": 241706, \"imagen\": \"plan_19.jpg\", \"id_ciudad\": 5, \"id_informe\": null}'),(284,'INSERT','2025-11-06 21:43:03',NULL,NULL,'{\"id\": 216, \"nombre\": \"Robust stable task-force\", \"descripcion\": \"Existencia humano posibilidad precisamente. Cosas eso don miguel propio ante.\", \"descripcion_corta\": \"Cuanto manera camino les función.\", \"costo_persona\": 225842, \"imagen\": \"plan_10.jpg\", \"id_ciudad\": 7, \"id_informe\": null}'),(285,'INSERT','2025-11-06 21:43:03',NULL,NULL,'{\"id\": 217, \"nombre\": \"Reverse-engineered bi-directio\", \"descripcion\": \"Estoy serán hacía vamos hablar oro marzo. Felipe que alrededor seguridad cultura última bajo.\", \"descripcion_corta\": \"Quiero distintos precisamente única habría origen.\", \"costo_persona\": 468647, \"imagen\": \"plan_12.jpg\", \"id_ciudad\": 1, \"id_informe\": null}'),(286,'INSERT','2025-11-06 21:43:03',NULL,NULL,'{\"id\": 218, \"nombre\": \"Fully-configurable 24hour circ\", \"descripcion\": \"Pasar veces ayer parecía sigue grado caso demás. Curso también m riesgo socialista pedro ayer mejores. Yo actitud región partido.\", \"descripcion_corta\": \"Mil llevar fiscal ahí mucho.\", \"costo_persona\": 234469, \"imagen\": \"plan_12.jpg\", \"id_ciudad\": 5, \"id_informe\": null}'),(287,'INSERT','2025-11-06 21:43:03',NULL,NULL,'{\"id\": 219, \"nombre\": \"Synchronized 24/7 matrices\", \"descripcion\": \"Han podía antes realizar entrar. Siglo claro estudio puerto época director santiago han. Menos buenos participación lucha.\", \"descripcion_corta\": \"De régimen izquierda creo edad.\", \"costo_persona\": 340173, \"imagen\": \"plan_12.jpg\", \"id_ciudad\": 7, \"id_informe\": null}'),(288,'INSERT','2025-11-06 21:43:03',NULL,NULL,'{\"id\": 220, \"nombre\": \"Face-to-face client-server tim\", \"descripcion\": \"Tienen partir cierta hacer deseo especialmente. Pequeño muy luis antonio mirada segunda.\\nQue antes frente.\", \"descripcion_corta\": \"Tiene vida argentina.\", \"costo_persona\": 317854, \"imagen\": \"1f777466607d4efea4fe7bd254420768.png\", \"id_ciudad\": 7, \"id_informe\": null}'),(289,'INSERT','2025-11-06 21:43:03',NULL,NULL,'{\"id\": 221, \"nombre\": \"Intuitive responsive access\", \"descripcion\": \"Lo fuego electoral entonces que problema. Cámara hace pasar propia. Mundo luz pero.\", \"descripcion_corta\": \"Palabra d demás fácil lo ver.\", \"costo_persona\": 426194, \"imagen\": \"plan_12.jpg\", \"id_ciudad\": 7, \"id_informe\": null}'),(290,'INSERT','2025-11-06 21:43:03',NULL,NULL,'{\"id\": 222, \"nombre\": \"Ergonomic maximized definition\", \"descripcion\": \"Empresa fiscal aspecto ello vivir. Quiero prensa su texto actitud programas época.\\nDistintos haya trabajar parte derecha fueron.\", \"descripcion_corta\": \"Esfuerzo luis civil programa instituciones menor.\", \"costo_persona\": 113505, \"imagen\": \"plan_3.jpg\", \"id_ciudad\": 8, \"id_informe\": null}'),(291,'INSERT','2025-11-06 21:43:03',NULL,NULL,'{\"id\": 223, \"nombre\": \"Exclusive reciprocal flexibili\", \"descripcion\": \"Sistema todavía usted apenas música embargo. Tenía mayoría soy j g modelo septiembre electoral. Palabras compañía puedo por pueda momentos. Fondo cara también te importantes.\", \"descripcion_corta\": \"Los médico días española existencia.\", \"costo_persona\": 370737, \"imagen\": \"plan_12.jpg\", \"id_ciudad\": 4, \"id_informe\": null}'),(292,'INSERT','2025-11-06 21:43:03',NULL,NULL,'{\"id\": 224, \"nombre\": \"Quality-focused disintermediat\", \"descripcion\": \"Viaje base jóvenes dio haciendo desarrollo. Máximo puso calidad dios. Poco nuestras próximo fondo fiscal actividad cuadro hizo.\", \"descripcion_corta\": \"Energía volvió persona económica cama.\", \"costo_persona\": 479687, \"imagen\": \"e4e0b4c8f4e8490fbf9e8e94f8bd6c35.png\", \"id_ciudad\": 8, \"id_informe\": null}'),(293,'INSERT','2025-11-06 21:43:03',NULL,NULL,'{\"id\": 225, \"nombre\": \"Expanded zero administration u\", \"descripcion\": \"Mi medio están carlos. Ante cuya j ser gonzález amigos.\\nLos baja hoy estamos contrario diez apoyo. Movimiento investigación premio llegado también mañana objeto.\", \"descripcion_corta\": \"Habla desde acto especial duda.\", \"costo_persona\": 374014, \"imagen\": \"plan_5.jpg\", \"id_ciudad\": 2, \"id_informe\": null}'),(294,'INSERT','2025-11-06 21:43:03',NULL,NULL,'{\"id\": 226, \"nombre\": \"Decentralized 24/7 service-des\", \"descripcion\": \"Siquiera ciencia uno gran misma ojos sabe resto. Mis medios público negro pequeño nivel siglo.\", \"descripcion_corta\": \"Cultura pesetas lo ve.\", \"costo_persona\": 330240, \"imagen\": \"12d1664533854a908cf378d1db8a236f.jpg\", \"id_ciudad\": 6, \"id_informe\": null}'),(295,'INSERT','2025-11-06 21:43:03',NULL,NULL,'{\"id\": 227, \"nombre\": \"Phased didactic functionalitie\", \"descripcion\": \"Corazón estoy tratamiento tampoco españoles. Universidad tiempos español seguir dar. Medidas minutos imágenes campo vida diario y. Tema nacional hubiera ya diciembre.\", \"descripcion_corta\": \"Empresa cambio humana serie creación español.\", \"costo_persona\": 156950, \"imagen\": \"plan_13.jpg\", \"id_ciudad\": 5, \"id_informe\": null}'),(296,'INSERT','2025-11-06 21:43:03',NULL,NULL,'{\"id\": 228, \"nombre\": \"Diverse coherent initiative\", \"descripcion\": \"Aire obra n temas siglo palabras. Han principio juego hemos única cuba duda.\", \"descripcion_corta\": \"Hizo llevar importantes.\", \"costo_persona\": 108844, \"imagen\": \"1f777466607d4efea4fe7bd254420768.png\", \"id_ciudad\": 2, \"id_informe\": null}'),(297,'INSERT','2025-11-06 21:43:03',NULL,NULL,'{\"id\": 229, \"nombre\": \"De-engineered user-facing Grap\", \"descripcion\": \"Cuenta dólares peso ministro fuera tenían fuerzas i. Demás están aquellas energía hacen.\", \"descripcion_corta\": \"Cualquier prueba dicho sino b.\", \"costo_persona\": 457486, \"imagen\": \"457b58b01b32414dbe9871cc38e5c182.png\", \"id_ciudad\": 5, \"id_informe\": null}'),(298,'INSERT','2025-11-06 21:43:03',NULL,NULL,'{\"id\": 230, \"nombre\": \"Seamless value-added projectio\", \"descripcion\": \"Uno misma quiere psoe supuesto. Gente estar viene primeras. Comercio años has trabajo.\\nMirada te mirada suelo cada.\", \"descripcion_corta\": \"Llega nuestra práctica experiencia.\", \"costo_persona\": 207188, \"imagen\": \"plan_3.jpg\", \"id_ciudad\": 2, \"id_informe\": null}'),(299,'INSERT','2025-11-06 21:43:03',NULL,NULL,'{\"id\": 231, \"nombre\": \"User-friendly zero-defect conc\", \"descripcion\": \"Chile negro manuel dolor sino toma cosa. Varios porque victoria algún.\\nEstaban sentido encuentran vio muerte costa. Somos hace formas oro. Mal mismo manera.\", \"descripcion_corta\": \"Dicen san y corazón llama.\", \"costo_persona\": 122906, \"imagen\": \"plan_10.jpg\", \"id_ciudad\": 7, \"id_informe\": null}'),(300,'INSERT','2025-11-06 21:43:03',NULL,NULL,'{\"id\": 232, \"nombre\": \"Optimized neutral instruction \", \"descripcion\": \"Carta puesto región g quizá cierto estoy. Cuales ciento características principales vía debía estados. Llamado s control cerca estudio somos nueva como.\", \"descripcion_corta\": \"Mujer parte parece policía verdad.\", \"costo_persona\": 461450, \"imagen\": \"plan_9.jpg\", \"id_ciudad\": 3, \"id_informe\": null}'),(301,'INSERT','2025-11-06 21:43:03',NULL,NULL,'{\"id\": 233, \"nombre\": \"Persevering bottom-line challe\", \"descripcion\": \"Popular comisión doctor mesa mundial cara. Mismos último misma llegar jorge.\\nMovimiento yo público según posibilidades rafael.\", \"descripcion_corta\": \"Comenzó partido experiencia alguien.\", \"costo_persona\": 412173, \"imagen\": \"12d1664533854a908cf378d1db8a236f.jpg\", \"id_ciudad\": 8, \"id_informe\": null}'),(302,'INSERT','2025-11-06 21:43:03',NULL,NULL,'{\"id\": 234, \"nombre\": \"Digitized stable toolset\", \"descripcion\": \"Apoyo señor esto comunidad cómo. Reunión movimiento padre felipe mí.\\nArte etapa poco futuro conseguir. Así sus dan.\", \"descripcion_corta\": \"Ministro ciencia estructura durante central.\", \"costo_persona\": 382217, \"imagen\": \"e4e0b4c8f4e8490fbf9e8e94f8bd6c35.png\", \"id_ciudad\": 7, \"id_informe\": null}'),(303,'INSERT','2025-11-06 21:43:03',NULL,NULL,'{\"id\": 235, \"nombre\": \"Proactive 24hour model\", \"descripcion\": \"Posibilidad profesional pese dicen situación saber. Paz una creo constitución materia quedó. Centros han española cómo cuando.\", \"descripcion_corta\": \"San ambiente claro parecía.\", \"costo_persona\": 108716, \"imagen\": \"dcf436b3fb7d45e482b4ac52d9a5a737.png\", \"id_ciudad\": 4, \"id_informe\": null}'),(304,'INSERT','2025-11-06 21:43:03',NULL,NULL,'{\"id\": 236, \"nombre\": \"Switchable homogeneous algorit\", \"descripcion\": \"Viene niveles vuelta música. Busca veces esas ve españa argentina supuesto enfermedad.\", \"descripcion_corta\": \"Acerca negro volver negro.\", \"costo_persona\": 220716, \"imagen\": \"plan_14.jpg\", \"id_ciudad\": 7, \"id_informe\": null}'),(305,'INSERT','2025-11-06 21:43:03',NULL,NULL,'{\"id\": 237, \"nombre\": \"Extended tangible focus group\", \"descripcion\": \"Apoyo hacerlo veces mientras análisis. Hubo países marzo boca.\\nNueva final humanos en existencia. Banco términos mismo revolución nos. Llegado éste base grande primeras libertad.\", \"descripcion_corta\": \"Las grupos arte.\", \"costo_persona\": 185817, \"imagen\": \"d19f74d395f04f6ab243adc614b88e32.png\", \"id_ciudad\": 6, \"id_informe\": null}'),(306,'INSERT','2025-11-06 21:43:03',NULL,NULL,'{\"id\": 238, \"nombre\": \"Digitized 24/7 application\", \"descripcion\": \"Unidad diversas voz mira hoy deja. Posibilidad favor algo centros régimen.\", \"descripcion_corta\": \"Producto abril ministro antonio francia.\", \"costo_persona\": 126649, \"imagen\": \"plan_17.jpg\", \"id_ciudad\": 5, \"id_informe\": null}'),(307,'INSERT','2025-11-06 21:43:03',NULL,NULL,'{\"id\": 239, \"nombre\": \"Innovative dynamic throughput\", \"descripcion\": \"Santa empresa contrario social junto imposible. Puesto cámara fuerzas propios. Partes santa caso quedó. Mar afirmó crecimiento esto uno son.\", \"descripcion_corta\": \"Ministerio naturaleza bien baja.\", \"costo_persona\": 485524, \"imagen\": \"dcf436b3fb7d45e482b4ac52d9a5a737.png\", \"id_ciudad\": 6, \"id_informe\": null}'),(308,'INSERT','2025-11-06 21:43:03',NULL,NULL,'{\"id\": 240, \"nombre\": \"Horizontal foreground toolset\", \"descripcion\": \"España anterior diciembre. Paso mano cada resultados contrario expresión dijo.\", \"descripcion_corta\": \"Principal encuentra meses manera.\", \"costo_persona\": 321394, \"imagen\": \"2f8adce976d34e578f00d7d85adb0cb2.png\", \"id_ciudad\": 4, \"id_informe\": null}'),(309,'INSERT','2025-11-06 21:43:03',NULL,NULL,'{\"id\": 241, \"nombre\": \"Self-enabling maximized abilit\", \"descripcion\": \"Ocho claro actual expresión podemos estilo encontrar. Concepto cuenta base sectores parte. Sociedad viaje sociales qué actitud principio aspectos.\\nAquí ocho época.\", \"descripcion_corta\": \"Puede único aquellas.\", \"costo_persona\": 186874, \"imagen\": \"088056bc84cc46449023b8c394537c5e.png\", \"id_ciudad\": 1, \"id_informe\": null}'),(310,'INSERT','2025-11-06 21:43:03',NULL,NULL,'{\"id\": 242, \"nombre\": \"Multi-layered analyzing pricin\", \"descripcion\": \"Máximo está psoe doctor llevar aspecto. Tuvo menor mucha buen madre. Menos fiscal demás base.\", \"descripcion_corta\": \"Carne pasó último amigos dos.\", \"costo_persona\": 494150, \"imagen\": \"a043eb709da54029807e58dab366db91.png\", \"id_ciudad\": 8, \"id_informe\": null}'),(311,'INSERT','2025-11-06 21:43:03',NULL,NULL,'{\"id\": 243, \"nombre\": \"Advanced executive benchmark\", \"descripcion\": \"Hace carácter lópez diversos pudo. Curso casa llega respecto mis debido. Tiempos mira afirmó importantes socialista mi presenta. Importantes usted estas.\", \"descripcion_corta\": \"Medio aquel distintas pese televisión dio.\", \"costo_persona\": 157661, \"imagen\": \"457b58b01b32414dbe9871cc38e5c182.png\", \"id_ciudad\": 1, \"id_informe\": null}'),(312,'INSERT','2025-11-06 21:43:03',NULL,NULL,'{\"id\": 244, \"nombre\": \"Intuitive actuating complexity\", \"descripcion\": \"Cerca podemos mucha posible seis.\", \"descripcion_corta\": \"Especial objeto solución niño grande.\", \"costo_persona\": 113753, \"imagen\": \"66bd8b1ebeda405093aba72dc0501b74.jpg\", \"id_ciudad\": 6, \"id_informe\": null}'),(313,'INSERT','2025-11-06 21:43:03',NULL,NULL,'{\"id\": 245, \"nombre\": \"Synchronized global moderator\", \"descripcion\": \"Atención económico n seguir fácil.\\nFavor segunda voz industria casi. Algunos respecto octubre.\", \"descripcion_corta\": \"Resulta don he silencio padre ciudad.\", \"costo_persona\": 426201, \"imagen\": \"70f62a1bda25417ca8537dcc2904d22f.jpg\", \"id_ciudad\": 5, \"id_informe\": null}'),(314,'INSERT','2025-11-06 21:43:03',NULL,NULL,'{\"id\": 246, \"nombre\": \"Customizable modular open arch\", \"descripcion\": \"Señaló sector acción otros marco marco. Justicia crecimiento lópez calidad pasado. Popular juicio único nadie.\\nGarcía norte trabajadores servicio varias características años.\", \"descripcion_corta\": \"Mar río este dicho democracia decía.\", \"costo_persona\": 362079, \"imagen\": \"plan_15.jpg\", \"id_ciudad\": 1, \"id_informe\": null}'),(315,'INSERT','2025-11-06 21:43:03',NULL,NULL,'{\"id\": 247, \"nombre\": \"Compatible holistic challenge\", \"descripcion\": \"Luz río larga pese pronto varios uno. Hemos españa n concepto unidad primeras mejores.\\nProfesional madrid aquel teatro internacional cuestión. Justicia sur era objetivo razón.\", \"descripcion_corta\": \"Pacientes energía grupo sus difícil.\", \"costo_persona\": 111503, \"imagen\": \"plan_6.jpg\", \"id_ciudad\": 1, \"id_informe\": null}'),(316,'INSERT','2025-11-06 21:43:03',NULL,NULL,'{\"id\": 248, \"nombre\": \"Cloned 5thgeneration capacity\", \"descripcion\": \"El junio perdido jamás línea mediante. Cuyo libre cultural sólo dicen. Miembros su términos.\", \"descripcion_corta\": \"Ella hacia padres generales un carta.\", \"costo_persona\": 384566, \"imagen\": \"plan_4.jpg\", \"id_ciudad\": 4, \"id_informe\": null}'),(317,'INSERT','2025-11-06 21:43:03',NULL,NULL,'{\"id\": 249, \"nombre\": \"Self-enabling value-added para\", \"descripcion\": \"Investigación lo tal marco no poner. Agua texto origen izquierda estos.\", \"descripcion_corta\": \"C julio pregunta va situación.\", \"costo_persona\": 145442, \"imagen\": \"d19f74d395f04f6ab243adc614b88e32.png\", \"id_ciudad\": 7, \"id_informe\": null}'),(318,'INSERT','2025-11-06 21:43:03',NULL,NULL,'{\"id\": 250, \"nombre\": \"Multi-channeled even-keeled to\", \"descripcion\": \"Construcción ningún corazón niños. Si ser sentido ellos material garcía estilo.\\nTribunal unidad sectores centro. Electoral la tarde nuevas. Todas ir lado.\", \"descripcion_corta\": \"Número r mientras.\", \"costo_persona\": 137723, \"imagen\": \"plan_15.jpg\", \"id_ciudad\": 7, \"id_informe\": null}'),(319,'INSERT','2025-11-06 21:43:03',NULL,NULL,'{\"id\": 251, \"nombre\": \"Multi-lateral analyzing applic\", \"descripcion\": \"Adelante color sean semana. Autor llama especie estructura hechos sentido llegó.\", \"descripcion_corta\": \"Política actitud aquella río considera.\", \"costo_persona\": 285502, \"imagen\": \"plan_4.jpg\", \"id_ciudad\": 6, \"id_informe\": null}'),(320,'INSERT','2025-11-06 21:43:03',NULL,NULL,'{\"id\": 252, \"nombre\": \"Optional multi-tasking applica\", \"descripcion\": \"Hija alta dejó peso película. Tres muerto calle muchos amigo valores conjunto profesional. No mira central ver total un enfermedad color.\", \"descripcion_corta\": \"Pues relaciones otras.\", \"costo_persona\": 473680, \"imagen\": \"70f62a1bda25417ca8537dcc2904d22f.jpg\", \"id_ciudad\": 1, \"id_informe\": null}'),(321,'INSERT','2025-11-06 21:43:03',NULL,NULL,'{\"id\": 253, \"nombre\": \"Business-focused client-driven\", \"descripcion\": \"Dejar local m actitud cambio tratamiento. Hecho nuestro españoles agua ii américa muerte.\", \"descripcion_corta\": \"Psoe d si puntos horas.\", \"costo_persona\": 392826, \"imagen\": \"plan_8.jpg\", \"id_ciudad\": 7, \"id_informe\": null}'),(322,'INSERT','2025-11-06 21:43:03',NULL,NULL,'{\"id\": 254, \"nombre\": \"Distributed foreground support\", \"descripcion\": \"R enero servicios llamado perdido cultura actividades. Tú incluso menos necesidad dicen.\\nPrincipios puerta noche. Existencia pequeña dio formas norte fiscal cantidad padre.\", \"descripcion_corta\": \"Cuarto la hasta tienen realidad ciudad.\", \"costo_persona\": 223780, \"imagen\": \"70f62a1bda25417ca8537dcc2904d22f.jpg\", \"id_ciudad\": 7, \"id_informe\": null}'),(323,'INSERT','2025-11-06 21:43:03',NULL,NULL,'{\"id\": 255, \"nombre\": \"Enterprise-wide non-volatile m\", \"descripcion\": \"Encontrar dentro obras países mayores cultura mientras días. Comunicación actual vista resto movimiento tenemos o. Varios estuvo medio seis sola número.\", \"descripcion_corta\": \"Españoles hacía puesto.\", \"costo_persona\": 228460, \"imagen\": \"plan_19.jpg\", \"id_ciudad\": 8, \"id_informe\": null}'),(324,'INSERT','2025-11-06 21:43:03',NULL,NULL,'{\"id\": 256, \"nombre\": \"Adaptive value-added function\", \"descripcion\": \"Son ambiente diversas primeros algún. Juan muy segundo especialmente carrera trabajo.\", \"descripcion_corta\": \"Estas m oficial ella llevar luis.\", \"costo_persona\": 198627, \"imagen\": \"plan_9.jpg\", \"id_ciudad\": 1, \"id_informe\": null}'),(325,'INSERT','2025-11-06 21:43:03',NULL,NULL,'{\"id\": 257, \"nombre\": \"Customer-focused 24/7 algorith\", \"descripcion\": \"Campo josé b otras joven. Ésta mira precio última octubre hombres.\\nAún cuya aunque llega aquel fuerte grupo duda. Pueblo había países. Flores estar medio dicho desde.\", \"descripcion_corta\": \"Pone debido principales proyectos.\", \"costo_persona\": 181654, \"imagen\": \"plan_9.jpg\", \"id_ciudad\": 2, \"id_informe\": null}'),(326,'INSERT','2025-11-06 21:43:03',NULL,NULL,'{\"id\": 258, \"nombre\": \"Business-focused bi-directiona\", \"descripcion\": \"Gobierno buen cuadro historia dinero diez democracia parte. España plazo poco meses noviembre.\", \"descripcion_corta\": \"Próximo proyecto hicieron tales podrá ni.\", \"costo_persona\": 489516, \"imagen\": \"plan_13.jpg\", \"id_ciudad\": 2, \"id_informe\": null}'),(327,'INSERT','2025-11-06 21:43:03',NULL,NULL,'{\"id\": 259, \"nombre\": \"Enterprise-wide bifurcated suc\", \"descripcion\": \"Comercio norte sino padres cultura hubo. Exterior reforma ciencia contrario. Ciencia junto cinco s padres dónde.\", \"descripcion_corta\": \"Estados población encuentran puerto.\", \"costo_persona\": 390587, \"imagen\": \"28ac0779f5d34bfc82c163d88257a791.png\", \"id_ciudad\": 6, \"id_informe\": null}'),(328,'INSERT','2025-11-06 21:43:03',NULL,NULL,'{\"id\": 260, \"nombre\": \"Multi-tiered transitional defi\", \"descripcion\": \"Aspectos estilo parte mayo construcción. Prensa nuestros tenía joven. Seguridad juez eso hacen igual hijos período.\", \"descripcion_corta\": \"Tomar edad he instituciones capaz ningún.\", \"costo_persona\": 182860, \"imagen\": \"plan_16.jpg\", \"id_ciudad\": 8, \"id_informe\": null}'),(329,'INSERT','2025-11-06 21:43:03',NULL,NULL,'{\"id\": 261, \"nombre\": \"Virtual zero-defect applicatio\", \"descripcion\": \"M premio conjunto total estilo dijo. Ahí has central cultural argentina.\", \"descripcion_corta\": \"Mundo jóvenes congreso.\", \"costo_persona\": 213903, \"imagen\": \"plan_14.jpg\", \"id_ciudad\": 2, \"id_informe\": null}'),(330,'INSERT','2025-11-06 21:43:03',NULL,NULL,'{\"id\": 262, \"nombre\": \"Persistent heuristic data-ware\", \"descripcion\": \"Presenta resto mejores pequeña. Dolor diferentes mejor actividades incluso puesto permite. Llegar tres efectos trabajar fuera aunque.\", \"descripcion_corta\": \"Vamos mal mucho.\", \"costo_persona\": 481327, \"imagen\": \"e4e0b4c8f4e8490fbf9e8e94f8bd6c35.png\", \"id_ciudad\": 7, \"id_informe\": null}'),(331,'INSERT','2025-11-06 21:43:03',NULL,NULL,'{\"id\": 263, \"nombre\": \"Balanced bi-directional modera\", \"descripcion\": \"Mesa demasiado casi televisión través porque otra. Vía mayo estado señaló. Hacen lucha centro cómo. Vivir supuesto esas josé asociación sector embargo través.\", \"descripcion_corta\": \"Real generales o administración quién.\", \"costo_persona\": 482296, \"imagen\": \"plan_2.jpg\", \"id_ciudad\": 7, \"id_informe\": null}'),(332,'INSERT','2025-11-06 21:43:03',NULL,NULL,'{\"id\": 264, \"nombre\": \"Multi-lateral impactful open a\", \"descripcion\": \"Noviembre gente alrededor por.\\nReforma suficiente sol mil revolución diferentes datos. Noviembre soy menos él bueno haber humana hacen. Ministro causa presidente.\", \"descripcion_corta\": \"Proyectos propio encuentro francisco vida mitad.\", \"costo_persona\": 470833, \"imagen\": \"plan_10.jpg\", \"id_ciudad\": 8, \"id_informe\": null}'),(333,'INSERT','2025-11-06 21:43:03',NULL,NULL,'{\"id\": 265, \"nombre\": \"Focused local Graphical User I\", \"descripcion\": \"Material será por público habrá pronto. Ningún las grupos recuerdo internacional participación bajo. Rafael el dos fuerza puntos tienen diciembre situación.\", \"descripcion_corta\": \"Madre cuba origen jorge.\", \"costo_persona\": 422368, \"imagen\": \"cfee742fcb8e4bfaa718d3fd6732a99b.png\", \"id_ciudad\": 3, \"id_informe\": null}'),(334,'INSERT','2025-11-06 21:43:03',NULL,NULL,'{\"id\": 266, \"nombre\": \"Universal empowering algorithm\", \"descripcion\": \"Siete socialista produce tribunal d vía. Nuevos asunto cada clase instituciones palabras necesidad cabo.\", \"descripcion_corta\": \"Usted lejos calle.\", \"costo_persona\": 128642, \"imagen\": \"plan_16.jpg\", \"id_ciudad\": 5, \"id_informe\": null}'),(335,'INSERT','2025-11-06 21:43:03',NULL,NULL,'{\"id\": 267, \"nombre\": \"Assimilated actuating moratori\", \"descripcion\": \"Del fuerza ver existencia. Buenos especialmente cuando afirmó políticos los base. Mira análisis i millones después elecciones éxito. Civil gonzález cuerpo diversos ello.\", \"descripcion_corta\": \"Plazo estaban largo.\", \"costo_persona\": 192028, \"imagen\": \"plan_14.jpg\", \"id_ciudad\": 4, \"id_informe\": null}'),(336,'INSERT','2025-11-06 21:43:03',NULL,NULL,'{\"id\": 268, \"nombre\": \"Switchable global architecture\", \"descripcion\": \"Cierta práctica esto hacerlo opinión. Francisco éxito realidad.\\nCampo hospital medio habían reunión. Mayor ni número imágenes durante padres.\", \"descripcion_corta\": \"Popular uso teoría la.\", \"costo_persona\": 389051, \"imagen\": \"66bd8b1ebeda405093aba72dc0501b74.jpg\", \"id_ciudad\": 3, \"id_informe\": null}'),(337,'INSERT','2025-11-06 21:43:03',NULL,NULL,'{\"id\": 269, \"nombre\": \"Mandatory asynchronous project\", \"descripcion\": \"América fin principios creación materia sabía. Encuentro sé allá españa económico tan natural.\", \"descripcion_corta\": \"Jamás mismos medida situación.\", \"costo_persona\": 364185, \"imagen\": \"d19f74d395f04f6ab243adc614b88e32.png\", \"id_ciudad\": 4, \"id_informe\": null}'),(338,'INSERT','2025-11-06 21:43:03',NULL,NULL,'{\"id\": 270, \"nombre\": \"Total bifurcated synergy\", \"descripcion\": \"Ejemplo campaña jorge éste música. Permite está vamos sentido dolor falta.\", \"descripcion_corta\": \"Ojos seis fue especial parís tarde europea.\", \"costo_persona\": 428729, \"imagen\": \"plan_10.jpg\", \"id_ciudad\": 3, \"id_informe\": null}'),(339,'INSERT','2025-11-06 21:43:03',NULL,NULL,'{\"id\": 271, \"nombre\": \"Re-engineered systemic hardwar\", \"descripcion\": \"Fuego doctor ni enero amigo son. Europa quienes único nuestros pueblo. Encuentro amigo sobre sé tratamiento tengo llegó.\", \"descripcion_corta\": \"Calidad mitad número información.\", \"costo_persona\": 172160, \"imagen\": \"plan_13.jpg\", \"id_ciudad\": 3, \"id_informe\": null}'),(340,'INSERT','2025-11-06 21:43:03',NULL,NULL,'{\"id\": 272, \"nombre\": \"Team-oriented tertiary functio\", \"descripcion\": \"Nuestras has número junto ejemplo boca. Si gobierno actividad libro unión trabajadores. Unión padres reforma corte mí obras. Llegado práctica te título electoral muy.\", \"descripcion_corta\": \"Puede ese volvió resultado.\", \"costo_persona\": 379963, \"imagen\": \"plan_20.jpg\", \"id_ciudad\": 2, \"id_informe\": null}'),(341,'INSERT','2025-11-06 21:43:03',NULL,NULL,'{\"id\": 273, \"nombre\": \"Monitored 5thgeneration knowle\", \"descripcion\": \"Ciudad estaba habla actitud vez grupos futuro. Están nivel alta materia. Industria tierra constitución otra tenido.\", \"descripcion_corta\": \"Riesgo cuestión única llevar.\", \"costo_persona\": 433362, \"imagen\": \"plan_12.jpg\", \"id_ciudad\": 2, \"id_informe\": null}'),(342,'INSERT','2025-11-06 21:43:03',NULL,NULL,'{\"id\": 274, \"nombre\": \"Optimized radical website\", \"descripcion\": \"Sangre amor cuanto hacía haber mar contrario cosa. Semana dólares mi pasar. Señor bajo pero éxito banco seguir manos sociales.\", \"descripcion_corta\": \"Aquí ii educación memoria de.\", \"costo_persona\": 319547, \"imagen\": \"dcf436b3fb7d45e482b4ac52d9a5a737.png\", \"id_ciudad\": 7, \"id_informe\": null}'),(343,'INSERT','2025-11-06 21:43:03',NULL,NULL,'{\"id\": 275, \"nombre\": \"Virtual encompassing analyzer\", \"descripcion\": \"Salida lugar lado española razones palabras anterior. Bien comenzó especialmente cosa.\\nEmpresas posición sola río. Izquierda superior violencia hermano después atrás resultados.\", \"descripcion_corta\": \"Imagen mirada color ésta pesetas.\", \"costo_persona\": 398815, \"imagen\": \"plan_19.jpg\", \"id_ciudad\": 7, \"id_informe\": null}'),(344,'INSERT','2025-11-06 21:43:03',NULL,NULL,'{\"id\": 276, \"nombre\": \"Re-contextualized scalable kno\", \"descripcion\": \"Mi interior viejo dentro unidos tiene. Trabajadores cuestión toda cara.\", \"descripcion_corta\": \"Quienes distintos plazo mujer.\", \"costo_persona\": 442153, \"imagen\": \"plan_4.jpg\", \"id_ciudad\": 7, \"id_informe\": null}'),(345,'INSERT','2025-11-06 21:43:03',NULL,NULL,'{\"id\": 277, \"nombre\": \"Extended eco-centric model\", \"descripcion\": \"Dios toda importante adelante. Comisión mi marcha del. Estilo arriba hizo zona desarrollo instituto total partido. Pedro santiago demasiado hizo pedro posibilidades.\", \"descripcion_corta\": \"Obras rosa encuentran.\", \"costo_persona\": 131120, \"imagen\": \"plan_19.jpg\", \"id_ciudad\": 8, \"id_informe\": null}'),(346,'INSERT','2025-11-06 21:43:03',NULL,NULL,'{\"id\": 278, \"nombre\": \"Pre-emptive directional Intern\", \"descripcion\": \"Amigo color gracias estados. Conseguir medios obstante manuel flores movimiento como modelo.\", \"descripcion_corta\": \"Baja peso larga largo.\", \"costo_persona\": 179554, \"imagen\": \"plan_17.jpg\", \"id_ciudad\": 4, \"id_informe\": null}'),(347,'INSERT','2025-11-06 21:43:03',NULL,NULL,'{\"id\": 279, \"nombre\": \"Reverse-engineered analyzing i\", \"descripcion\": \"Bueno muestra esta s resultado televisión parece. Información después sistemas padres.\", \"descripcion_corta\": \"Carta ésta razón les victoria.\", \"costo_persona\": 371908, \"imagen\": \"9bfd30a35ffc44ecadd9c8ce82a30b67.png\", \"id_ciudad\": 7, \"id_informe\": null}'),(348,'INSERT','2025-11-06 21:43:03',NULL,NULL,'{\"id\": 280, \"nombre\": \"Organized foreground intranet\", \"descripcion\": \"Diferentes información cual desde comunidad casi habría. Encontrar llamado sala región pequeño serán quien modo. Cuarto entre quizá existen vio he.\", \"descripcion_corta\": \"Ayuda sistemas niño necesario p hecho.\", \"costo_persona\": 287831, \"imagen\": \"plan_3.jpg\", \"id_ciudad\": 5, \"id_informe\": null}'),(349,'INSERT','2025-11-06 21:43:03',NULL,NULL,'{\"id\": 281, \"nombre\": \"Configurable systematic frame\", \"descripcion\": \"Apenas pese plan televisión. Le mil unos pública imagen deja zona.\", \"descripcion_corta\": \"Estaban del las.\", \"costo_persona\": 443714, \"imagen\": \"plan_17.jpg\", \"id_ciudad\": 4, \"id_informe\": null}'),(350,'INSERT','2025-11-06 21:43:03',NULL,NULL,'{\"id\": 282, \"nombre\": \"Re-contextualized systemic dat\", \"descripcion\": \"Esos cuando miguel. Esas voluntad político grandes tema. Difícil modelo segunda quiere además otro.\", \"descripcion_corta\": \"Después autoridades supuesto.\", \"costo_persona\": 331801, \"imagen\": \"plan_13.jpg\", \"id_ciudad\": 5, \"id_informe\": null}'),(351,'INSERT','2025-11-06 21:43:03',NULL,NULL,'{\"id\": 283, \"nombre\": \"Customizable heuristic matrix\", \"descripcion\": \"Semana propuesta aspecto cuanto. Cuenta martín hijos. Importante mayo esa puesto otras vino.\", \"descripcion_corta\": \"Centros tiempos comenzó crecimiento especie razones.\", \"costo_persona\": 173020, \"imagen\": \"2f8adce976d34e578f00d7d85adb0cb2.png\", \"id_ciudad\": 8, \"id_informe\": null}'),(352,'INSERT','2025-11-06 21:43:03',NULL,NULL,'{\"id\": 284, \"nombre\": \"Seamless 24hour solution\", \"descripcion\": \"Acerca precio figura ocho vez.\\nIncluso mismos negro minutos cosa programa aunque falta.\", \"descripcion_corta\": \"Curso conocimiento tras cuanto pasa cierta.\", \"costo_persona\": 220605, \"imagen\": \"plan_13.jpg\", \"id_ciudad\": 2, \"id_informe\": null}'),(353,'INSERT','2025-11-06 21:43:03',NULL,NULL,'{\"id\": 285, \"nombre\": \"Automated mobile Internet solu\", \"descripcion\": \"Hijos campo contrario superior ejemplo solamente.\", \"descripcion_corta\": \"Poner victoria principios buenos.\", \"costo_persona\": 247228, \"imagen\": \"12d1664533854a908cf378d1db8a236f.jpg\", \"id_ciudad\": 4, \"id_informe\": null}'),(354,'INSERT','2025-11-06 21:43:03',NULL,NULL,'{\"id\": 286, \"nombre\": \"Upgradable dynamic hardware\", \"descripcion\": \"Cuenta aquí fútbol santiago tribunal otra ninguna.\\nÁrea momentos supuesto siendo. Entrada días eso uso g encuentra encuentra don.\", \"descripcion_corta\": \"Embargo existe méxico llegó.\", \"costo_persona\": 328468, \"imagen\": \"088056bc84cc46449023b8c394537c5e.png\", \"id_ciudad\": 6, \"id_informe\": null}'),(355,'INSERT','2025-11-06 21:43:03',NULL,NULL,'{\"id\": 287, \"nombre\": \"Front-line foreground website\", \"descripcion\": \"Tampoco está diversos artículo. Me mayo precisamente industria rey. Martín barcelona encima ocasiones mitad especialmente bien.\\nCarne se objetivo imágenes p.\", \"descripcion_corta\": \"Pedro no viaje tribunal habría casos.\", \"costo_persona\": 100831, \"imagen\": \"dcf436b3fb7d45e482b4ac52d9a5a737.png\", \"id_ciudad\": 6, \"id_informe\": null}'),(356,'INSERT','2025-11-06 21:43:03',NULL,NULL,'{\"id\": 288, \"nombre\": \"Advanced encompassing infrastr\", \"descripcion\": \"Memoria casa niño todos.\\nAquellas decir sus septiembre algunos ii comisión. Pese r modo.\", \"descripcion_corta\": \"Ejército enero peor.\", \"costo_persona\": 306002, \"imagen\": \"70f62a1bda25417ca8537dcc2904d22f.jpg\", \"id_ciudad\": 7, \"id_informe\": null}'),(357,'INSERT','2025-11-06 21:43:03',NULL,NULL,'{\"id\": 289, \"nombre\": \"Open-architected holistic fram\", \"descripcion\": \"Tres propios campo mucha pues jamás ambiente debe. Bien n puesto peso bueno mujeres hechos crisis. Perdido josé e. Punto realidad social dice mar.\", \"descripcion_corta\": \"Durante manera teoría comercio persona cultura.\", \"costo_persona\": 132049, \"imagen\": \"plan_4.jpg\", \"id_ciudad\": 4, \"id_informe\": null}'),(358,'INSERT','2025-11-06 21:43:03',NULL,NULL,'{\"id\": 290, \"nombre\": \"Networked clear-thinking emula\", \"descripcion\": \"Pregunta artículo asociación suficiente. Cosas ve cuenta políticas cada difícil.\\nMirada entre mujeres actual cama edad. Español material esa instituciones consumo objetivo.\", \"descripcion_corta\": \"Términos madrid instituto he revolución.\", \"costo_persona\": 242211, \"imagen\": \"plan_19.jpg\", \"id_ciudad\": 6, \"id_informe\": null}'),(359,'INSERT','2025-11-06 21:43:03',NULL,NULL,'{\"id\": 291, \"nombre\": \"Vision-oriented eco-centric mi\", \"descripcion\": \"Ver algo fecha. También nuestras corazón nuestras las ellas casi.\\nUnidos unidos él marzo doctor construcción. Cuyo ayuda europea primeros.\", \"descripcion_corta\": \"Tierra nivel dicen solo.\", \"costo_persona\": 275266, \"imagen\": \"plan_8.jpg\", \"id_ciudad\": 3, \"id_informe\": null}'),(360,'INSERT','2025-11-06 21:43:03',NULL,NULL,'{\"id\": 292, \"nombre\": \"Distributed reciprocal hardwar\", \"descripcion\": \"Aumento ni grupos llegar. Visita amor sobre bien nuestra.\", \"descripcion_corta\": \"Secretario forma s personal.\", \"costo_persona\": 446814, \"imagen\": \"plan_3.jpg\", \"id_ciudad\": 1, \"id_informe\": null}'),(361,'INSERT','2025-11-06 21:43:03',NULL,NULL,'{\"id\": 293, \"nombre\": \"Right-sized leadingedge firmwa\", \"descripcion\": \"México estados difícil régimen quienes ministerio. Contenido análisis lado doctor donde sin niño.\", \"descripcion_corta\": \"Recuerdo económico cuando.\", \"costo_persona\": 409943, \"imagen\": \"457b58b01b32414dbe9871cc38e5c182.png\", \"id_ciudad\": 3, \"id_informe\": null}'),(362,'INSERT','2025-11-06 21:43:03',NULL,NULL,'{\"id\": 294, \"nombre\": \"Profound tangible attitude\", \"descripcion\": \"Relaciones todavía análisis opinión vuelta niños sabe. Torno aunque particular u arriba administración con dejó. Cine arte señor.\", \"descripcion_corta\": \"Hacía fuerzas media ocasiones dio fuera.\", \"costo_persona\": 439597, \"imagen\": \"plan_13.jpg\", \"id_ciudad\": 4, \"id_informe\": null}'),(363,'INSERT','2025-11-06 21:43:03',NULL,NULL,'{\"id\": 295, \"nombre\": \"Mandatory exuding middleware\", \"descripcion\": \"Ocho servicios público cierta oficial realidad quienes. Diario cultural podía natural libertad trabajar.\", \"descripcion_corta\": \"Demás s ellas supuesto uno práctica.\", \"costo_persona\": 192136, \"imagen\": \"plan_11.jpg\", \"id_ciudad\": 4, \"id_informe\": null}'),(364,'INSERT','2025-11-06 21:43:03',NULL,NULL,'{\"id\": 296, \"nombre\": \"Fundamental eco-centric approa\", \"descripcion\": \"Menor después relación hacía. Padre parece etc ninguna único aun sector. Buena zona formación bastante estuvo militares informe s.\", \"descripcion_corta\": \"Diciembre sino fuego superior diez república.\", \"costo_persona\": 134986, \"imagen\": \"plan_18.jpg\", \"id_ciudad\": 8, \"id_informe\": null}'),(365,'INSERT','2025-11-06 21:43:03',NULL,NULL,'{\"id\": 297, \"nombre\": \"Expanded user-facing policy\", \"descripcion\": \"Por causa camino palabras natural tenemos. Hospital práctica tanto visita dejó pensar.\", \"descripcion_corta\": \"Cara primera fuera dos rodríguez expresión creo.\", \"costo_persona\": 175904, \"imagen\": \"plan_14.jpg\", \"id_ciudad\": 1, \"id_informe\": null}'),(366,'INSERT','2025-11-06 21:43:03',NULL,NULL,'{\"id\": 298, \"nombre\": \"Pre-emptive methodical initiat\", \"descripcion\": \"Corte sigue sola día todavía nada. Allá yo reunión líder toda efectos cuerpo. Algo pasado única libros ayuda texto poco etc.\", \"descripcion_corta\": \"Hombres precios importante nuevas.\", \"costo_persona\": 373810, \"imagen\": \"66bd8b1ebeda405093aba72dc0501b74.jpg\", \"id_ciudad\": 5, \"id_informe\": null}'),(367,'INSERT','2025-11-06 21:43:03',NULL,NULL,'{\"id\": 299, \"nombre\": \"Seamless system-worthy open sy\", \"descripcion\": \"Ir casi común llega. Porque adelante septiembre hechos jefe le vía aumento.\\nAdministración energía favor. Desde servicio puerto trabajadores falta aunque era.\", \"descripcion_corta\": \"Siglo barcelona enero.\", \"costo_persona\": 152321, \"imagen\": \"dcf436b3fb7d45e482b4ac52d9a5a737.png\", \"id_ciudad\": 8, \"id_informe\": null}'),(368,'INSERT','2025-11-06 21:43:03',NULL,NULL,'{\"id\": 300, \"nombre\": \"Exclusive mobile matrices\", \"descripcion\": \"Duda dan ministro antonio hay pues autor. Memoria capital alguien encuentro. Políticos ir nombre desde desde relaciones siglo. Mesa actitud ellas miedo padre siguiente.\", \"descripcion_corta\": \"Aquella del bien mal.\", \"costo_persona\": 159312, \"imagen\": \"70f62a1bda25417ca8537dcc2904d22f.jpg\", \"id_ciudad\": 3, \"id_informe\": null}'),(369,'INSERT','2025-11-06 21:43:03',NULL,NULL,'{\"id\": 301, \"nombre\": \"Synergistic neutral time-frame\", \"descripcion\": \"Países jóvenes puerta no antonio buenos largo esas. Segunda ejército oposición nuevas cuerpo. Hija garcía empresa servicio.\\nDiferencia miembros mí. Especial paz país juez.\", \"descripcion_corta\": \"Animales relación zona.\", \"costo_persona\": 405290, \"imagen\": \"plan_8.jpg\", \"id_ciudad\": 1, \"id_informe\": null}'),(370,'INSERT','2025-11-06 21:43:03',NULL,NULL,'{\"id\": 302, \"nombre\": \"Horizontal didactic emulation\", \"descripcion\": \"Mesa dentro mejores tales exterior. Espacio flores padre sectores plazo nuevos da.\", \"descripcion_corta\": \"Precios algún pregunta pedro asociación.\", \"costo_persona\": 203228, \"imagen\": \"plan_1.jpg\", \"id_ciudad\": 5, \"id_informe\": null}'),(371,'INSERT','2025-11-06 21:43:03',NULL,NULL,'{\"id\": 303, \"nombre\": \"Diverse coherent hierarchy\", \"descripcion\": \"Próximo ya crecimiento rodríguez niño sabía precio. Peso todas paz fácil.\", \"descripcion_corta\": \"Existe central película cama.\", \"costo_persona\": 165093, \"imagen\": \"plan_8.jpg\", \"id_ciudad\": 5, \"id_informe\": null}'),(372,'INSERT','2025-11-06 21:43:03',NULL,NULL,'{\"id\": 304, \"nombre\": \"Pre-emptive static intranet\", \"descripcion\": \"Acuerdo siquiera función. Suelo aun fin aquí pueblo fecha.\\nPermite riesgo vez produce octubre niños. Entrada jamás otros mar baja luis.\", \"descripcion_corta\": \"Antonio marco aparece.\", \"costo_persona\": 418371, \"imagen\": \"70f62a1bda25417ca8537dcc2904d22f.jpg\", \"id_ciudad\": 6, \"id_informe\": null}'),(373,'INSERT','2025-11-06 21:43:03',NULL,NULL,'{\"id\": 305, \"nombre\": \"Customizable regional implemen\", \"descripcion\": \"Siempre casa españoles sea llamado acción importantes. Tiempo violencia pudo primeras saber campaña.\", \"descripcion_corta\": \"Sí finalmente manos cuanto alguna.\", \"costo_persona\": 276848, \"imagen\": \"2f8adce976d34e578f00d7d85adb0cb2.png\", \"id_ciudad\": 6, \"id_informe\": null}'),(374,'INSERT','2025-11-06 21:43:03',NULL,NULL,'{\"id\": 306, \"nombre\": \"Adaptive asynchronous core\", \"descripcion\": \"Siguiente reforma teoría mano seguro. Sin ningún hacer.\\nExistencia sueño puntos. Amigos siguientes afirmó ciudad c unas esfuerzo.\", \"descripcion_corta\": \"Sobre podría historia estados varias especial.\", \"costo_persona\": 124110, \"imagen\": \"16b8dbf712ae4649a79b6273f6d80fc4.png\", \"id_ciudad\": 7, \"id_informe\": null}'),(375,'INSERT','2025-11-06 21:43:03',NULL,NULL,'{\"id\": 307, \"nombre\": \"Progressive user-facing encodi\", \"descripcion\": \"Capital por orden paso general. Española calle sangre dado carta ciencia. Arte plan siguiente productos verdad arriba parte. Antonio noviembre región ello tiempos muerto decía.\", \"descripcion_corta\": \"U toma consumo datos cuestión encuentro futuro.\", \"costo_persona\": 435692, \"imagen\": \"plan_12.jpg\", \"id_ciudad\": 1, \"id_informe\": null}'),(376,'INSERT','2025-11-06 21:43:03',NULL,NULL,'{\"id\": 308, \"nombre\": \"Multi-lateral neutral orchestr\", \"descripcion\": \"Muy derecha octubre garcía calidad. Podía gente consejo natural posible participación. Ahora banco tendrá dice único.\\nSemana sigue tarde ojos maría hacia actividades.\", \"descripcion_corta\": \"Año cabeza ante falta izquierda mejores.\", \"costo_persona\": 297572, \"imagen\": \"12d1664533854a908cf378d1db8a236f.jpg\", \"id_ciudad\": 2, \"id_informe\": null}'),(377,'INSERT','2025-11-06 21:43:03',NULL,NULL,'{\"id\": 309, \"nombre\": \"Exclusive systemic open archit\", \"descripcion\": \"Español varias igual yo juan según quizá. Dejar zona difícil. Concepto poco san. Camino volver valores interior aun tanto.\", \"descripcion_corta\": \"Cinco mismo vuelta años años diario.\", \"costo_persona\": 117085, \"imagen\": \"plan_1.jpg\", \"id_ciudad\": 8, \"id_informe\": null}'),(378,'INSERT','2025-11-06 21:43:03',NULL,NULL,'{\"id\": 310, \"nombre\": \"Phased context-sensitive Local\", \"descripcion\": \"Tres fútbol sala victoria fueron mucho. Nadie buena medidas debía esos. Todas nuevas mantener francia relación dejar conocer.\", \"descripcion_corta\": \"Donde tiene sido volvió lucha puesto.\", \"costo_persona\": 396271, \"imagen\": \"088056bc84cc46449023b8c394537c5e.png\", \"id_ciudad\": 2, \"id_informe\": null}'),(379,'INSERT','2025-11-06 21:43:03',NULL,NULL,'{\"id\": 311, \"nombre\": \"Fully-configurable logistical \", \"descripcion\": \"Tierra suelo apoyo persona futuro deja gran. Jorge lenguaje pero ellas año casa vida objeto.\\nComunicación programas p puesto siete. Dicho superior josé sido cualquier crisis.\", \"descripcion_corta\": \"Voz primera carrera condiciones.\", \"costo_persona\": 281517, \"imagen\": \"plan_5.jpg\", \"id_ciudad\": 3, \"id_informe\": null}'),(380,'INSERT','2025-11-06 21:43:03',NULL,NULL,'{\"id\": 312, \"nombre\": \"Reverse-engineered multi-taski\", \"descripcion\": \"Cada violencia nos volver diversos. Particular enfermedad hacen. Instituto ve posibilidades nosotros dos pesar.\", \"descripcion_corta\": \"Aquel social habrá le etc muchos.\", \"costo_persona\": 455887, \"imagen\": \"12d1664533854a908cf378d1db8a236f.jpg\", \"id_ciudad\": 2, \"id_informe\": null}'),(381,'INSERT','2025-11-06 21:43:03',NULL,NULL,'{\"id\": 313, \"nombre\": \"Progressive mission-critical t\", \"descripcion\": \"Plan valor b. Rosa aquellas haber.\\nMundial había semanas superior hace. Finalmente máximo llegó especie profesional resto. Las empresas juez educación.\", \"descripcion_corta\": \"Se causa francisco zona le.\", \"costo_persona\": 495412, \"imagen\": \"plan_8.jpg\", \"id_ciudad\": 4, \"id_informe\": null}'),(382,'INSERT','2025-11-06 21:43:03',NULL,NULL,'{\"id\": 314, \"nombre\": \"Stand-alone 24hour policy\", \"descripcion\": \"Estamos conocimiento cuerpo comunidad serán padres pues todos. No mi padre nos tras.\\nViene queda empresa ninguna meses mil productos. Sueño llamado amigo tras cambio.\", \"descripcion_corta\": \"Sí cine país servicio arriba mes.\", \"costo_persona\": 123965, \"imagen\": \"plan_20.jpg\", \"id_ciudad\": 8, \"id_informe\": null}'),(383,'INSERT','2025-11-06 21:43:03',NULL,NULL,'{\"id\": 315, \"nombre\": \"Assimilated didactic Local Are\", \"descripcion\": \"Real ideas próximo objeto técnica estaban siendo. Ello primero niño llevar rafael unión. Acuerdo menos premio ideas cama teatro superior.\", \"descripcion_corta\": \"Generales hombre vio población.\", \"costo_persona\": 235431, \"imagen\": \"088056bc84cc46449023b8c394537c5e.png\", \"id_ciudad\": 2, \"id_informe\": null}'),(384,'INSERT','2025-11-06 21:43:03',NULL,NULL,'{\"id\": 316, \"nombre\": \"Optimized explicit paradigm\", \"descripcion\": \"Lleva ahí necesidad entrar. Actividad gracias vuelve quien solución parís.\", \"descripcion_corta\": \"Sean jóvenes real.\", \"costo_persona\": 200044, \"imagen\": \"plan_20.jpg\", \"id_ciudad\": 5, \"id_informe\": null}'),(385,'INSERT','2025-11-06 21:43:03',NULL,NULL,'{\"id\": 317, \"nombre\": \"Inverse zero tolerance adapter\", \"descripcion\": \"José carta centro.\\nSegundo tras máximo ellas aun luego deja. Sigue barcelona ni mí aquellos comisión posible persona.\\nObra cuyo control ojos. Cuadro grande dado.\", \"descripcion_corta\": \"Quién semana fuera.\", \"costo_persona\": 438454, \"imagen\": \"457b58b01b32414dbe9871cc38e5c182.png\", \"id_ciudad\": 2, \"id_informe\": null}'),(386,'INSERT','2025-11-06 21:43:03',NULL,NULL,'{\"id\": 318, \"nombre\": \"Sharable context-sensitive str\", \"descripcion\": \"Unas que todavía unos europea teoría hacía. S estar aquel grado puede imposible todo.\", \"descripcion_corta\": \"Puedo seguridad obra principios.\", \"costo_persona\": 322962, \"imagen\": \"plan_10.jpg\", \"id_ciudad\": 1, \"id_informe\": null}'),(387,'INSERT','2025-11-06 21:43:03',NULL,NULL,'{\"id\": 319, \"nombre\": \"Proactive client-server budget\", \"descripcion\": \"Torno capacidad una algunos propuesta poco grupo.\", \"descripcion_corta\": \"Sociales diciembre parecía violencia centro pese.\", \"costo_persona\": 350532, \"imagen\": \"plan_14.jpg\", \"id_ciudad\": 6, \"id_informe\": null}'),(388,'INSERT','2025-11-06 21:43:03',NULL,NULL,'{\"id\": 320, \"nombre\": \"Ergonomic stable pricing struc\", \"descripcion\": \"Dinero acerca ese elementos. Base mirada diario siglo.\\nMisma voluntad personas salud. Momento esos habla estado medio primero.\", \"descripcion_corta\": \"Encontrar española sola cara vez del república.\", \"costo_persona\": 351152, \"imagen\": \"plan_9.jpg\", \"id_ciudad\": 2, \"id_informe\": null}'),(389,'INSERT','2025-11-06 21:43:03',NULL,NULL,'{\"id\": 321, \"nombre\": \"Persevering 24hour application\", \"descripcion\": \"Fuera por hecho espacio peor naturaleza. Tomar memoria miembros escuela condiciones estructura consumo.\", \"descripcion_corta\": \"Figura suficiente instituto europa así nunca.\", \"costo_persona\": 351956, \"imagen\": \"9bfd30a35ffc44ecadd9c8ce82a30b67.png\", \"id_ciudad\": 3, \"id_informe\": null}'),(390,'INSERT','2025-11-06 21:43:03',NULL,NULL,'{\"id\": 322, \"nombre\": \"Cross-group zero tolerance mid\", \"descripcion\": \"Investigación diferentes noviembre deja primero. Banco elementos energía libro texto el. Cosa siendo acto esa actividad habla.\", \"descripcion_corta\": \"Unas padres dicho objeto cual.\", \"costo_persona\": 423304, \"imagen\": \"plan_20.jpg\", \"id_ciudad\": 8, \"id_informe\": null}'),(391,'INSERT','2025-11-06 21:43:03',NULL,NULL,'{\"id\": 323, \"nombre\": \"Enterprise-wide attitude-orien\", \"descripcion\": \"Pocos tendrá quienes jefe. Razones estamos después vio del él hecho cuales.\", \"descripcion_corta\": \"Experiencia pese buscar acto buena también.\", \"costo_persona\": 209242, \"imagen\": \"plan_8.jpg\", \"id_ciudad\": 8, \"id_informe\": null}'),(392,'INSERT','2025-11-06 21:43:03',NULL,NULL,'{\"id\": 324, \"nombre\": \"Balanced client-server intrane\", \"descripcion\": \"Finalmente comunidad todo atención pablo términos mañana. Solamente pasado primero martín comunicación edad están. Estados cuya voy tres.\", \"descripcion_corta\": \"Movimiento está capital compañía.\", \"costo_persona\": 292323, \"imagen\": \"plan_13.jpg\", \"id_ciudad\": 6, \"id_informe\": null}'),(393,'INSERT','2025-11-06 21:43:03',NULL,NULL,'{\"id\": 325, \"nombre\": \"Right-sized empowering process\", \"descripcion\": \"Ex club hoy la pedro. Llega es teoría sé piel uso.\", \"descripcion_corta\": \"Algunas están cambios.\", \"costo_persona\": 453073, \"imagen\": \"plan_11.jpg\", \"id_ciudad\": 6, \"id_informe\": null}'),(394,'INSERT','2025-11-06 21:43:03',NULL,NULL,'{\"id\": 326, \"nombre\": \"Implemented 24hour encryption\", \"descripcion\": \"Algún clase siguientes interés. Hemos oficial teoría instituto. Estados poner bastante cuerpo.\\nRegión luis medida internacional comunidad. Precio libre madrid animales fuerte.\", \"descripcion_corta\": \"Visita centro fuerte nacional joven he.\", \"costo_persona\": 151652, \"imagen\": \"plan_17.jpg\", \"id_ciudad\": 5, \"id_informe\": null}'),(395,'INSERT','2025-11-06 21:43:03',NULL,NULL,'{\"id\": 327, \"nombre\": \"Pre-emptive 3rdgeneration thro\", \"descripcion\": \"Curso pública final mirada serán causa. Sé puerta próximo última da. Destino parte luis hombres rey miembros personal imágenes.\", \"descripcion_corta\": \"Tales congreso campo ante quizá son.\", \"costo_persona\": 398669, \"imagen\": \"plan_9.jpg\", \"id_ciudad\": 3, \"id_informe\": null}'),(396,'INSERT','2025-11-06 21:43:03',NULL,NULL,'{\"id\": 328, \"nombre\": \"Total demand-driven open syste\", \"descripcion\": \"Quizá serán máximo zona últimos. Cuenta ellos está dicen.\\nPoco formación única cambio encima posibilidad pasar. Cuales viejo organización tratamiento exterior el.\", \"descripcion_corta\": \"J mantener prueba pese.\", \"costo_persona\": 372610, \"imagen\": \"457b58b01b32414dbe9871cc38e5c182.png\", \"id_ciudad\": 7, \"id_informe\": null}'),(397,'INSERT','2025-11-06 21:43:03',NULL,NULL,'{\"id\": 329, \"nombre\": \"Integrated global parallelism\", \"descripcion\": \"Función hasta demasiado ese les. Fin público militar etapa realizar capacidad oposición.\\nRecuerdo base parís sueño ocho tres nuevo. Civil diez aire ya luego dejó.\", \"descripcion_corta\": \"Ciencia partes mediante alto mucha.\", \"costo_persona\": 261300, \"imagen\": \"plan_1.jpg\", \"id_ciudad\": 6, \"id_informe\": null}'),(398,'INSERT','2025-11-06 21:43:03',NULL,NULL,'{\"id\": 330, \"nombre\": \"Reverse-engineered well-modula\", \"descripcion\": \"Lugar pueden sur fuerte partido dólares ir. Distintas plazo fútbol paso quizá.\\nJusticia trata un edad unas guerra o. Años m van alrededor sociales podía u.\", \"descripcion_corta\": \"Cambios historia debía.\", \"costo_persona\": 348166, \"imagen\": \"plan_12.jpg\", \"id_ciudad\": 3, \"id_informe\": null}'),(399,'INSERT','2025-11-06 21:43:03',NULL,NULL,'{\"id\": 331, \"nombre\": \"Right-sized intangible infrast\", \"descripcion\": \"Riesgo uno frente pacientes recuerdo sistemas hacen. Especie de has supuesto luz del encima siguientes. Oficial haya no fin.\", \"descripcion_corta\": \"Memoria nacional ante juicio instituto volvió.\", \"costo_persona\": 383641, \"imagen\": \"plan_12.jpg\", \"id_ciudad\": 7, \"id_informe\": null}'),(400,'INSERT','2025-11-06 21:43:03',NULL,NULL,'{\"id\": 332, \"nombre\": \"Ergonomic asymmetric database\", \"descripcion\": \"Podría lenguaje salud trata hombres diversos afirmó demasiado. Comercio yo cuya señaló figura aquellos.\", \"descripcion_corta\": \"Dicen c vuelve.\", \"costo_persona\": 154074, \"imagen\": \"d19f74d395f04f6ab243adc614b88e32.png\", \"id_ciudad\": 8, \"id_informe\": null}'),(401,'INSERT','2025-11-06 21:43:03',NULL,NULL,'{\"id\": 333, \"nombre\": \"Decentralized bottom-line syne\", \"descripcion\": \"Familia aunque figura días mayor acciones. Juego ministerio sistema cuales máximo.\", \"descripcion_corta\": \"Buen nombre tomar algunos.\", \"costo_persona\": 130880, \"imagen\": \"457b58b01b32414dbe9871cc38e5c182.png\", \"id_ciudad\": 8, \"id_informe\": null}'),(402,'INSERT','2025-11-06 21:43:03',NULL,NULL,'{\"id\": 334, \"nombre\": \"Vision-oriented bandwidth-moni\", \"descripcion\": \"Televisión forma va i quedó su hicieron. Militares afirmó trabajadores importancia estoy. Presente grande actividades lado pie siquiera dejó.\", \"descripcion_corta\": \"Padre allí silencio.\", \"costo_persona\": 211336, \"imagen\": \"plan_2.jpg\", \"id_ciudad\": 5, \"id_informe\": null}'),(403,'INSERT','2025-11-06 21:43:03',NULL,NULL,'{\"id\": 335, \"nombre\": \"Proactive responsive monitorin\", \"descripcion\": \"Otras octubre sociales partes están si. Dolor etapa apenas orden tu.\", \"descripcion_corta\": \"Ir autor tienen diferentes ver.\", \"costo_persona\": 100327, \"imagen\": \"dcf436b3fb7d45e482b4ac52d9a5a737.png\", \"id_ciudad\": 2, \"id_informe\": null}'),(404,'INSERT','2025-11-06 21:43:03',NULL,NULL,'{\"id\": 336, \"nombre\": \"Customizable solution-oriented\", \"descripcion\": \"Oro perdido también crisis comisión. Fiscal francisco puntos lópez unas guerra. Alta ministerio políticas.\", \"descripcion_corta\": \"Cosas tuvo al allá.\", \"costo_persona\": 213818, \"imagen\": \"dcf436b3fb7d45e482b4ac52d9a5a737.png\", \"id_ciudad\": 4, \"id_informe\": null}'),(405,'INSERT','2025-11-06 21:43:03',NULL,NULL,'{\"id\": 337, \"nombre\": \"Adaptive dedicated moratorium\", \"descripcion\": \"Lado último entonces hospital políticas grupos sueño parte.\", \"descripcion_corta\": \"Debido jóvenes vivir.\", \"costo_persona\": 462035, \"imagen\": \"d19f74d395f04f6ab243adc614b88e32.png\", \"id_ciudad\": 4, \"id_informe\": null}'),(406,'INSERT','2025-11-06 21:43:03',NULL,NULL,'{\"id\": 338, \"nombre\": \"De-engineered interactive succ\", \"descripcion\": \"Sean ir quedó nueva. Problemas nuestras ministro varios. Fuera proyectos derecha exterior momentos visita yo. Exterior veces humanos nivel domingo.\", \"descripcion_corta\": \"Mal fuerte eso político nunca.\", \"costo_persona\": 182687, \"imagen\": \"plan_3.jpg\", \"id_ciudad\": 1, \"id_informe\": null}'),(407,'INSERT','2025-11-06 21:43:03',NULL,NULL,'{\"id\": 339, \"nombre\": \"Ameliorated value-added soluti\", \"descripcion\": \"Misma texto policía valor eran mucha.\\nPresenta destino sentido primer datos a mayoría importancia.\", \"descripcion_corta\": \"Diez nivel ideas viejo conocer ni.\", \"costo_persona\": 384039, \"imagen\": \"plan_13.jpg\", \"id_ciudad\": 3, \"id_informe\": null}'),(408,'INSERT','2025-11-06 21:43:03',NULL,NULL,'{\"id\": 340, \"nombre\": \"Persistent client-server parad\", \"descripcion\": \"Especie realizar naturaleza aire cual están. Formas mismos realidad negro serie objetivo.\\nEquipo aire alta agua.\", \"descripcion_corta\": \"Dólares movimiento sola joven noviembre.\", \"costo_persona\": 382504, \"imagen\": \"70f62a1bda25417ca8537dcc2904d22f.jpg\", \"id_ciudad\": 5, \"id_informe\": null}'),(409,'INSERT','2025-11-06 21:43:03',NULL,NULL,'{\"id\": 341, \"nombre\": \"Organic zero tolerance instruc\", \"descripcion\": \"Resto cambio p medidas cada objetivo tarde conocimiento. Demasiado llevar libro viaje cuadro cuenta dicho.\", \"descripcion_corta\": \"Estudio organización éste tuvo fácil tenido.\", \"costo_persona\": 266280, \"imagen\": \"16b8dbf712ae4649a79b6273f6d80fc4.png\", \"id_ciudad\": 7, \"id_informe\": null}'),(410,'INSERT','2025-11-06 21:43:03',NULL,NULL,'{\"id\": 342, \"nombre\": \"Multi-tiered upward-trending p\", \"descripcion\": \"Metros lópez respuesta podrá ello llega. Participación meses noche vida ningún con relaciones gran. Unión usted pregunta muestra.\", \"descripcion_corta\": \"Contenido autoridades menos aquí visita debía.\", \"costo_persona\": 126097, \"imagen\": \"e4e0b4c8f4e8490fbf9e8e94f8bd6c35.png\", \"id_ciudad\": 6, \"id_informe\": null}'),(411,'INSERT','2025-11-06 21:43:03',NULL,NULL,'{\"id\": 343, \"nombre\": \"Proactive non-volatile neural-\", \"descripcion\": \"Me ese necesidad política violencia dirección sin. Usted derecha sector u cambios américa e marcha. Orden ellos podemos equipo costa.\", \"descripcion_corta\": \"Pocos realizar gonzález quien.\", \"costo_persona\": 224742, \"imagen\": \"plan_3.jpg\", \"id_ciudad\": 1, \"id_informe\": null}'),(412,'INSERT','2025-11-06 21:43:03',NULL,NULL,'{\"id\": 344, \"nombre\": \"Extended local firmware\", \"descripcion\": \"Idea estaba consumo plazo pueblo ellas mayores. Título contrario miguel.\", \"descripcion_corta\": \"Me hijo agua seguro pp durante.\", \"costo_persona\": 441340, \"imagen\": \"plan_12.jpg\", \"id_ciudad\": 2, \"id_informe\": null}'),(413,'INSERT','2025-11-06 21:43:03',NULL,NULL,'{\"id\": 345, \"nombre\": \"Ergonomic mobile application\", \"descripcion\": \"Pues ciencia nuevas. Oposición noviembre realidad conseguir desde. A función ya naturaleza voz apenas hubo. Niño estaban fecha lópez ii público.\", \"descripcion_corta\": \"Iglesia podemos camino maría madrid.\", \"costo_persona\": 109003, \"imagen\": \"a043eb709da54029807e58dab366db91.png\", \"id_ciudad\": 4, \"id_informe\": null}'),(414,'INSERT','2025-11-06 21:43:03',NULL,NULL,'{\"id\": 346, \"nombre\": \"Focused bifurcated Internet so\", \"descripcion\": \"Pasa largo cinco. Policía sectores causa atrás amigo cuestión época.\\nDirector aun obras. Voy n final abril. Largo i resulta estados productos.\", \"descripcion_corta\": \"Nuestra económica pacientes.\", \"costo_persona\": 416536, \"imagen\": \"plan_13.jpg\", \"id_ciudad\": 6, \"id_informe\": null}'),(415,'INSERT','2025-11-06 21:43:03',NULL,NULL,'{\"id\": 347, \"nombre\": \"Digitized contextually-based c\", \"descripcion\": \"Nosotros he nadie conseguir amigo. Alta gonzález unidad. Amigos tenía dado aún. Líder pudo obras visita hecho crisis muerte.\", \"descripcion_corta\": \"Crecimiento imágenes tipos ha demasiado.\", \"costo_persona\": 320261, \"imagen\": \"plan_2.jpg\", \"id_ciudad\": 7, \"id_informe\": null}'),(416,'INSERT','2025-11-06 21:43:03',NULL,NULL,'{\"id\": 348, \"nombre\": \"Synergistic local algorithm\", \"descripcion\": \"Momentos única incluso cuadro horas reforma.\\nDías año hacen viaje. Mayores hay asimismo entre vía santa tipo. Hora también hombre juez junto congreso.\", \"descripcion_corta\": \"Poner eran volver.\", \"costo_persona\": 391193, \"imagen\": \"d19f74d395f04f6ab243adc614b88e32.png\", \"id_ciudad\": 2, \"id_informe\": null}'),(417,'INSERT','2025-11-06 21:43:03',NULL,NULL,'{\"id\": 349, \"nombre\": \"Inverse uniform Graphic Interf\", \"descripcion\": \"Toma producción atención tanto. Mayoría algunos vez visto pueblo oficial fin.\\nEse diez rodríguez grandes.\", \"descripcion_corta\": \"Ese algunos empresas aparece alguna.\", \"costo_persona\": 432586, \"imagen\": \"plan_7.jpg\", \"id_ciudad\": 3, \"id_informe\": null}'),(418,'INSERT','2025-11-06 21:43:03',NULL,NULL,'{\"id\": 350, \"nombre\": \"Monitored composite framework\", \"descripcion\": \"Grande enfermedad pública serán. Tales algunos acerca imposible.\\nObjeto cargo una. Sabe ha crisis ni eso encuentra garcía. Única vio hacía existen militares oro.\", \"descripcion_corta\": \"María tiempo unión.\", \"costo_persona\": 417333, \"imagen\": \"d19f74d395f04f6ab243adc614b88e32.png\", \"id_ciudad\": 3, \"id_informe\": null}'),(419,'INSERT','2025-11-06 21:43:03',NULL,NULL,'{\"id\": 351, \"nombre\": \"Inverse 24hour Graphical User \", \"descripcion\": \"Existen me ninguna afirmó. Deseo comunidad hicieron serán cuanto saber menos. Sector hemos etc período.\", \"descripcion_corta\": \"Mañana dice existe.\", \"costo_persona\": 354314, \"imagen\": \"088056bc84cc46449023b8c394537c5e.png\", \"id_ciudad\": 8, \"id_informe\": null}'),(420,'INSERT','2025-11-06 21:43:03',NULL,NULL,'{\"id\": 352, \"nombre\": \"Multi-lateral 3rdgeneration ha\", \"descripcion\": \"Aumento deja pregunta hacen especie dan comunicación. Ley les juicio constitución tipos entrada.\\nEnergía principales lejos piel.\", \"descripcion_corta\": \"Carta ocasión dos.\", \"costo_persona\": 156817, \"imagen\": \"plan_9.jpg\", \"id_ciudad\": 6, \"id_informe\": null}'),(421,'INSERT','2025-11-06 21:43:03',NULL,NULL,'{\"id\": 353, \"nombre\": \"Seamless zero tolerance orches\", \"descripcion\": \"Contra carne instituto autoridades enfermedad. Un tiempo proyecto claro.\\nDespués dan n.\\nProblema agua alrededor teatro usted. Producto etc forma formas tres cara.\", \"descripcion_corta\": \"Propio gonzález voz puerta corte.\", \"costo_persona\": 129917, \"imagen\": \"plan_7.jpg\", \"id_ciudad\": 2, \"id_informe\": null}'),(422,'INSERT','2025-11-06 21:43:03',NULL,NULL,'{\"id\": 354, \"nombre\": \"Organized optimizing portal\", \"descripcion\": \"República cámara realizar san curso demás. Podrá madre cambio médico pedro vuelve.\\nPropuesta siempre tiene nada anterior hemos sido. Buena acerca ve ningún estar vez.\", \"descripcion_corta\": \"Contrario buscar posible principal esta resulta.\", \"costo_persona\": 197612, \"imagen\": \"plan_8.jpg\", \"id_ciudad\": 7, \"id_informe\": null}'),(423,'INSERT','2025-11-06 21:43:03',NULL,NULL,'{\"id\": 355, \"nombre\": \"Intuitive full-range complexit\", \"descripcion\": \"Algunas conseguir poco escuela lo. Sociales máximo buscar lenguaje dice campaña.\", \"descripcion_corta\": \"Tarde o presidente comisión.\", \"costo_persona\": 362479, \"imagen\": \"plan_14.jpg\", \"id_ciudad\": 4, \"id_informe\": null}'),(424,'INSERT','2025-11-06 21:43:03',NULL,NULL,'{\"id\": 356, \"nombre\": \"Upgradable maximized leverage\", \"descripcion\": \"Ante fiscal ii nuevas señora primera felipe. Social humana cama niveles mis unas vista. Pueblo su explicó estudios lópez jefe.\", \"descripcion_corta\": \"Campo hoy me.\", \"costo_persona\": 335519, \"imagen\": \"e4e0b4c8f4e8490fbf9e8e94f8bd6c35.png\", \"id_ciudad\": 4, \"id_informe\": null}'),(425,'INSERT','2025-11-06 21:43:03',NULL,NULL,'{\"id\": 357, \"nombre\": \"Realigned fault-tolerant Inter\", \"descripcion\": \"Familia área programas. Posibilidad salida n importancia través dolor.\", \"descripcion_corta\": \"Ambiente has casi.\", \"costo_persona\": 489714, \"imagen\": \"088056bc84cc46449023b8c394537c5e.png\", \"id_ciudad\": 8, \"id_informe\": null}'),(426,'INSERT','2025-11-06 21:43:03',NULL,NULL,'{\"id\": 358, \"nombre\": \"User-centric leadingedge funct\", \"descripcion\": \"Oficial decisión momentos corazón quien profesional señor. Primeras tu sectores humana cuando. Aun después época actual cuyo.\", \"descripcion_corta\": \"Menos llega libertad.\", \"costo_persona\": 179269, \"imagen\": \"d19f74d395f04f6ab243adc614b88e32.png\", \"id_ciudad\": 1, \"id_informe\": null}'),(427,'INSERT','2025-11-06 21:43:03',NULL,NULL,'{\"id\": 359, \"nombre\": \"Upgradable motivating approach\", \"descripcion\": \"Cada cabeza dan. Partes te primera universidad relación podría.\\nPartido informe largo nuevos hecho entonces. Carácter me ocho ser fin unión.\", \"descripcion_corta\": \"Música fuentes grandes.\", \"costo_persona\": 286001, \"imagen\": \"plan_16.jpg\", \"id_ciudad\": 2, \"id_informe\": null}'),(428,'INSERT','2025-11-06 21:43:03',NULL,NULL,'{\"id\": 360, \"nombre\": \"Multi-lateral zero-defect budg\", \"descripcion\": \"Educación marzo mayores largo casos. Existen diferencia sea hermano juicio. Lo muerto casi mismo corazón.\\nPueda ellos volvió lugar enero es. Precios ellos jóvenes esa.\", \"descripcion_corta\": \"Felipe estuvo problemas próximo guerra izquierda.\", \"costo_persona\": 137059, \"imagen\": \"plan_2.jpg\", \"id_ciudad\": 3, \"id_informe\": null}'),(429,'INSERT','2025-11-06 21:43:03',NULL,NULL,'{\"id\": 361, \"nombre\": \"Exclusive attitude-oriented pr\", \"descripcion\": \"Sangre particular fútbol única. Minutos encontrar bien quiere comunicación precios.\", \"descripcion_corta\": \"Hicieron considera tampoco hecho.\", \"costo_persona\": 338611, \"imagen\": \"plan_5.jpg\", \"id_ciudad\": 6, \"id_informe\": null}'),(430,'INSERT','2025-11-06 21:43:03',NULL,NULL,'{\"id\": 362, \"nombre\": \"Reverse-engineered cohesive we\", \"descripcion\": \"Animales todos real cuestión texto. Esa pedro función ambos muerto cultura.\", \"descripcion_corta\": \"Algún importante siendo importancia serie.\", \"costo_persona\": 236850, \"imagen\": \"16b8dbf712ae4649a79b6273f6d80fc4.png\", \"id_ciudad\": 5, \"id_informe\": null}'),(431,'INSERT','2025-11-06 21:43:03',NULL,NULL,'{\"id\": 363, \"nombre\": \"Switchable composite pricing s\", \"descripcion\": \"Programas empresas buenos cuestión pueda forma guerra.\\nOrganización análisis pese. Haber tarde sean pública podría. Pie comunicación nuevos próximo los consecuencia hacia.\", \"descripcion_corta\": \"Cosa lejos unidad obra nombre favor.\", \"costo_persona\": 454131, \"imagen\": \"9bfd30a35ffc44ecadd9c8ce82a30b67.png\", \"id_ciudad\": 5, \"id_informe\": null}'),(432,'INSERT','2025-11-06 21:43:03',NULL,NULL,'{\"id\": 364, \"nombre\": \"Open-architected composite fra\", \"descripcion\": \"Luego tenemos aquellas voy.\\nActividad modo trata acciones familia existe. Viaje ayuda propia. Reforma país decía equipo.\", \"descripcion_corta\": \"Luz ni p.\", \"costo_persona\": 374075, \"imagen\": \"plan_1.jpg\", \"id_ciudad\": 3, \"id_informe\": null}'),(433,'INSERT','2025-11-06 21:43:03',NULL,NULL,'{\"id\": 365, \"nombre\": \"Switchable neutral monitoring\", \"descripcion\": \"Las afirmó mayores tres afirmó. Atrás pablo el primero salida. Solución allí padres pudo estuvo personal una diez.\", \"descripcion_corta\": \"Guerra ayuda metros seguir puedo.\", \"costo_persona\": 374208, \"imagen\": \"plan_7.jpg\", \"id_ciudad\": 1, \"id_informe\": null}'),(434,'INSERT','2025-11-06 21:43:03',NULL,NULL,'{\"id\": 366, \"nombre\": \"Cross-group encompassing orche\", \"descripcion\": \"Arriba cuatro riesgo para. Meses muy ministro sola resulta dentro hombres siguientes. Hablar futuro primero noche.\", \"descripcion_corta\": \"Generales cual va título horas debe.\", \"costo_persona\": 324414, \"imagen\": \"plan_11.jpg\", \"id_ciudad\": 2, \"id_informe\": null}'),(435,'INSERT','2025-11-06 21:43:03',NULL,NULL,'{\"id\": 367, \"nombre\": \"Switchable logistical concept\", \"descripcion\": \"Imposible he vuelve psoe. Hecho juego grandes d unidos tendrá. Pasar grandes elementos amigo.\\nFuera manos encuentra. Pp hermano campo alguna estaba atrás plan ideas.\", \"descripcion_corta\": \"Generales obra ninguna sería.\", \"costo_persona\": 429377, \"imagen\": \"plan_3.jpg\", \"id_ciudad\": 3, \"id_informe\": null}'),(436,'INSERT','2025-11-06 21:43:03',NULL,NULL,'{\"id\": 368, \"nombre\": \"Fundamental hybrid capacity\", \"descripcion\": \"Número especie armas hacen mercado seguridad estamos. Difícil española poner conciencia. Música mayores parece te. Ninguna cine primeras santiago vuelta interés.\", \"descripcion_corta\": \"Cambios sentido allá.\", \"costo_persona\": 331293, \"imagen\": \"plan_18.jpg\", \"id_ciudad\": 4, \"id_informe\": null}'),(437,'INSERT','2025-11-06 21:43:03',NULL,NULL,'{\"id\": 369, \"nombre\": \"Sharable system-worthy interfa\", \"descripcion\": \"Pueblo caso nuestras europa. Central anterior c millones da papel obra. Experiencia sistema flores podrá servicio corte. Demasiado luz quizá única.\", \"descripcion_corta\": \"Dónde artículo otro efectos presente obra.\", \"costo_persona\": 220896, \"imagen\": \"plan_10.jpg\", \"id_ciudad\": 4, \"id_informe\": null}'),(438,'INSERT','2025-11-06 21:43:03',NULL,NULL,'{\"id\": 370, \"nombre\": \"De-engineered explicit forecas\", \"descripcion\": \"Tiene ojos personal octubre españoles produce ahora.\", \"descripcion_corta\": \"Gran cantidad electoral administración nuestras.\", \"costo_persona\": 357931, \"imagen\": \"70f62a1bda25417ca8537dcc2904d22f.jpg\", \"id_ciudad\": 8, \"id_informe\": null}'),(439,'INSERT','2025-11-06 21:43:03',NULL,NULL,'{\"id\": 371, \"nombre\": \"Secured neutral pricing struct\", \"descripcion\": \"Próximo encontrar mientras naturaleza encima. Tiempo argentina actividades sol ciento. Pasado consumo entonces. Espera color momento llevar grupos pasa saber.\", \"descripcion_corta\": \"Necesario sin programa.\", \"costo_persona\": 479906, \"imagen\": \"12d1664533854a908cf378d1db8a236f.jpg\", \"id_ciudad\": 4, \"id_informe\": null}'),(440,'INSERT','2025-11-06 21:43:03',NULL,NULL,'{\"id\": 372, \"nombre\": \"Open-source zero tolerance ext\", \"descripcion\": \"Nuestras misma sociales paso.\\nAquel unión sociales arte industria necesario espera. Comisión día recuerdo derecha ideas frente. José tú siglo país hospital años.\", \"descripcion_corta\": \"Cabeza existen tierra largo peso.\", \"costo_persona\": 172116, \"imagen\": \"66bd8b1ebeda405093aba72dc0501b74.jpg\", \"id_ciudad\": 2, \"id_informe\": null}'),(441,'INSERT','2025-11-06 21:43:03',NULL,NULL,'{\"id\": 373, \"nombre\": \"Future-proofed contextually-ba\", \"descripcion\": \"Etc debía nuestro casos voz. Líder punto antonio cambio demás van. Voz don español dijo.\\nLe pocos superior. Mesa hija cámara trabajadores.\", \"descripcion_corta\": \"Compañía ciento propios puntos ojos.\", \"costo_persona\": 409761, \"imagen\": \"plan_3.jpg\", \"id_ciudad\": 5, \"id_informe\": null}'),(442,'INSERT','2025-11-06 21:43:03',NULL,NULL,'{\"id\": 374, \"nombre\": \"Cross-group motivating Graphic\", \"descripcion\": \"Junio estructura régimen nosotros felipe buscar camino. Fecha reunión explicó ningún luego. Él premio sabe deben tiempos era hemos.\", \"descripcion_corta\": \"Enero tenían según pública único.\", \"costo_persona\": 304331, \"imagen\": \"plan_2.jpg\", \"id_ciudad\": 6, \"id_informe\": null}'),(443,'INSERT','2025-11-06 21:43:03',NULL,NULL,'{\"id\": 375, \"nombre\": \"Distributed tangible hub\", \"descripcion\": \"Época grupos partir hasta atención personas busca. Don ambos especialmente alto.\\nSan diciembre tan república lópez opinión sé. Señaló estuvo constitución para marcha.\", \"descripcion_corta\": \"Silencio relaciones justicia mientras alrededor.\", \"costo_persona\": 274587, \"imagen\": \"plan_2.jpg\", \"id_ciudad\": 2, \"id_informe\": null}'),(444,'UPDATE','2025-11-06 22:03:12',NULL,'{\"id\": 375, \"nombre\": \"Distributed tangible hub\", \"descripcion\": \"Época grupos partir hasta atención personas busca. Don ambos especialmente alto.\\nSan diciembre tan república lópez opinión sé. Señaló estuvo constitución para marcha.\", \"descripcion_corta\": \"Silencio relaciones justicia mientras alrededor.\", \"costo_persona\": 274587, \"imagen\": \"plan_2.jpg\", \"id_ciudad\": 2, \"id_informe\": null}','{\"id\": 375, \"nombre\": \"Distributed tangible hub\", \"descripcion\": \"Época grupos partir hasta atención personas busca. Don ambos especialmente alto.\\nSan diciembre tan república lópez opinión sé. Señaló estuvo constitución para marcha.\", \"descripcion_corta\": \"Silencio relaciones justicia mientras alrededor.\", \"costo_persona\": 274587, \"imagen\": \"plan_2.jpg\", \"id_ciudad\": 2, \"id_informe\": null}'),(445,'UPDATE','2025-11-06 22:03:12',NULL,'{\"id\": 374, \"nombre\": \"Cross-group motivating Graphic\", \"descripcion\": \"Junio estructura régimen nosotros felipe buscar camino. Fecha reunión explicó ningún luego. Él premio sabe deben tiempos era hemos.\", \"descripcion_corta\": \"Enero tenían según pública único.\", \"costo_persona\": 304331, \"imagen\": \"plan_2.jpg\", \"id_ciudad\": 6, \"id_informe\": null}','{\"id\": 374, \"nombre\": \"Cross-group motivating Graphic\", \"descripcion\": \"Junio estructura régimen nosotros felipe buscar camino. Fecha reunión explicó ningún luego. Él premio sabe deben tiempos era hemos.\", \"descripcion_corta\": \"Enero tenían según pública único.\", \"costo_persona\": 304331, \"imagen\": \"plan_2.jpg\", \"id_ciudad\": 6, \"id_informe\": null}'),(446,'UPDATE','2025-11-06 22:03:14',NULL,'{\"id\": 373, \"nombre\": \"Future-proofed contextually-ba\", \"descripcion\": \"Etc debía nuestro casos voz. Líder punto antonio cambio demás van. Voz don español dijo.\\nLe pocos superior. Mesa hija cámara trabajadores.\", \"descripcion_corta\": \"Compañía ciento propios puntos ojos.\", \"costo_persona\": 409761, \"imagen\": \"plan_3.jpg\", \"id_ciudad\": 5, \"id_informe\": null}','{\"id\": 373, \"nombre\": \"Future-proofed contextually-ba\", \"descripcion\": \"Etc debía nuestro casos voz. Líder punto antonio cambio demás van. Voz don español dijo.\\nLe pocos superior. Mesa hija cámara trabajadores.\", \"descripcion_corta\": \"Compañía ciento propios puntos ojos.\", \"costo_persona\": 409761, \"imagen\": \"plan_3.jpg\", \"id_ciudad\": 5, \"id_informe\": null}'),(447,'UPDATE','2025-11-06 22:03:15',NULL,'{\"id\": 372, \"nombre\": \"Open-source zero tolerance ext\", \"descripcion\": \"Nuestras misma sociales paso.\\nAquel unión sociales arte industria necesario espera. Comisión día recuerdo derecha ideas frente. José tú siglo país hospital años.\", \"descripcion_corta\": \"Cabeza existen tierra largo peso.\", \"costo_persona\": 172116, \"imagen\": \"66bd8b1ebeda405093aba72dc0501b74.jpg\", \"id_ciudad\": 2, \"id_informe\": null}','{\"id\": 372, \"nombre\": \"Open-source zero tolerance ext\", \"descripcion\": \"Nuestras misma sociales paso.\\nAquel unión sociales arte industria necesario espera. Comisión día recuerdo derecha ideas frente. José tú siglo país hospital años.\", \"descripcion_corta\": \"Cabeza existen tierra largo peso.\", \"costo_persona\": 172116, \"imagen\": \"66bd8b1ebeda405093aba72dc0501b74.jpg\", \"id_ciudad\": 2, \"id_informe\": null}'),(448,'UPDATE','2025-11-06 22:03:16',NULL,'{\"id\": 371, \"nombre\": \"Secured neutral pricing struct\", \"descripcion\": \"Próximo encontrar mientras naturaleza encima. Tiempo argentina actividades sol ciento. Pasado consumo entonces. Espera color momento llevar grupos pasa saber.\", \"descripcion_corta\": \"Necesario sin programa.\", \"costo_persona\": 479906, \"imagen\": \"12d1664533854a908cf378d1db8a236f.jpg\", \"id_ciudad\": 4, \"id_informe\": null}','{\"id\": 371, \"nombre\": \"Secured neutral pricing struct\", \"descripcion\": \"Próximo encontrar mientras naturaleza encima. Tiempo argentina actividades sol ciento. Pasado consumo entonces. Espera color momento llevar grupos pasa saber.\", \"descripcion_corta\": \"Necesario sin programa.\", \"costo_persona\": 479906, \"imagen\": \"12d1664533854a908cf378d1db8a236f.jpg\", \"id_ciudad\": 4, \"id_informe\": null}'),(449,'UPDATE','2025-11-06 22:03:17',NULL,'{\"id\": 370, \"nombre\": \"De-engineered explicit forecas\", \"descripcion\": \"Tiene ojos personal octubre españoles produce ahora.\", \"descripcion_corta\": \"Gran cantidad electoral administración nuestras.\", \"costo_persona\": 357931, \"imagen\": \"70f62a1bda25417ca8537dcc2904d22f.jpg\", \"id_ciudad\": 8, \"id_informe\": null}','{\"id\": 370, \"nombre\": \"De-engineered explicit forecas\", \"descripcion\": \"Tiene ojos personal octubre españoles produce ahora.\", \"descripcion_corta\": \"Gran cantidad electoral administración nuestras.\", \"costo_persona\": 357931, \"imagen\": \"70f62a1bda25417ca8537dcc2904d22f.jpg\", \"id_ciudad\": 8, \"id_informe\": null}'),(450,'UPDATE','2025-11-06 22:03:25',NULL,'{\"id\": 369, \"nombre\": \"Sharable system-worthy interfa\", \"descripcion\": \"Pueblo caso nuestras europa. Central anterior c millones da papel obra. Experiencia sistema flores podrá servicio corte. Demasiado luz quizá única.\", \"descripcion_corta\": \"Dónde artículo otro efectos presente obra.\", \"costo_persona\": 220896, \"imagen\": \"plan_10.jpg\", \"id_ciudad\": 4, \"id_informe\": null}','{\"id\": 369, \"nombre\": \"Sharable system-worthy interfa\", \"descripcion\": \"Pueblo caso nuestras europa. Central anterior c millones da papel obra. Experiencia sistema flores podrá servicio corte. Demasiado luz quizá única.\", \"descripcion_corta\": \"Dónde artículo otro efectos presente obra.\", \"costo_persona\": 220896, \"imagen\": \"plan_10.jpg\", \"id_ciudad\": 4, \"id_informe\": null}'),(451,'UPDATE','2025-11-06 22:03:26',NULL,'{\"id\": 368, \"nombre\": \"Fundamental hybrid capacity\", \"descripcion\": \"Número especie armas hacen mercado seguridad estamos. Difícil española poner conciencia. Música mayores parece te. Ninguna cine primeras santiago vuelta interés.\", \"descripcion_corta\": \"Cambios sentido allá.\", \"costo_persona\": 331293, \"imagen\": \"plan_18.jpg\", \"id_ciudad\": 4, \"id_informe\": null}','{\"id\": 368, \"nombre\": \"Fundamental hybrid capacity\", \"descripcion\": \"Número especie armas hacen mercado seguridad estamos. Difícil española poner conciencia. Música mayores parece te. Ninguna cine primeras santiago vuelta interés.\", \"descripcion_corta\": \"Cambios sentido allá.\", \"costo_persona\": 331293, \"imagen\": \"plan_18.jpg\", \"id_ciudad\": 4, \"id_informe\": null}'),(452,'UPDATE','2025-11-06 22:03:27',NULL,'{\"id\": 367, \"nombre\": \"Switchable logistical concept\", \"descripcion\": \"Imposible he vuelve psoe. Hecho juego grandes d unidos tendrá. Pasar grandes elementos amigo.\\nFuera manos encuentra. Pp hermano campo alguna estaba atrás plan ideas.\", \"descripcion_corta\": \"Generales obra ninguna sería.\", \"costo_persona\": 429377, \"imagen\": \"plan_3.jpg\", \"id_ciudad\": 3, \"id_informe\": null}','{\"id\": 367, \"nombre\": \"Switchable logistical concept\", \"descripcion\": \"Imposible he vuelve psoe. Hecho juego grandes d unidos tendrá. Pasar grandes elementos amigo.\\nFuera manos encuentra. Pp hermano campo alguna estaba atrás plan ideas.\", \"descripcion_corta\": \"Generales obra ninguna sería.\", \"costo_persona\": 429377, \"imagen\": \"plan_3.jpg\", \"id_ciudad\": 3, \"id_informe\": null}'),(453,'UPDATE','2025-11-06 22:03:28',NULL,'{\"id\": 366, \"nombre\": \"Cross-group encompassing orche\", \"descripcion\": \"Arriba cuatro riesgo para. Meses muy ministro sola resulta dentro hombres siguientes. Hablar futuro primero noche.\", \"descripcion_corta\": \"Generales cual va título horas debe.\", \"costo_persona\": 324414, \"imagen\": \"plan_11.jpg\", \"id_ciudad\": 2, \"id_informe\": null}','{\"id\": 366, \"nombre\": \"Cross-group encompassing orche\", \"descripcion\": \"Arriba cuatro riesgo para. Meses muy ministro sola resulta dentro hombres siguientes. Hablar futuro primero noche.\", \"descripcion_corta\": \"Generales cual va título horas debe.\", \"costo_persona\": 324414, \"imagen\": \"plan_11.jpg\", \"id_ciudad\": 2, \"id_informe\": null}'),(454,'UPDATE','2025-11-06 22:03:29',NULL,'{\"id\": 365, \"nombre\": \"Switchable neutral monitoring\", \"descripcion\": \"Las afirmó mayores tres afirmó. Atrás pablo el primero salida. Solución allí padres pudo estuvo personal una diez.\", \"descripcion_corta\": \"Guerra ayuda metros seguir puedo.\", \"costo_persona\": 374208, \"imagen\": \"plan_7.jpg\", \"id_ciudad\": 1, \"id_informe\": null}','{\"id\": 365, \"nombre\": \"Switchable neutral monitoring\", \"descripcion\": \"Las afirmó mayores tres afirmó. Atrás pablo el primero salida. Solución allí padres pudo estuvo personal una diez.\", \"descripcion_corta\": \"Guerra ayuda metros seguir puedo.\", \"costo_persona\": 374208, \"imagen\": \"plan_7.jpg\", \"id_ciudad\": 1, \"id_informe\": null}'),(455,'UPDATE','2025-11-06 22:03:30',NULL,'{\"id\": 364, \"nombre\": \"Open-architected composite fra\", \"descripcion\": \"Luego tenemos aquellas voy.\\nActividad modo trata acciones familia existe. Viaje ayuda propia. Reforma país decía equipo.\", \"descripcion_corta\": \"Luz ni p.\", \"costo_persona\": 374075, \"imagen\": \"plan_1.jpg\", \"id_ciudad\": 3, \"id_informe\": null}','{\"id\": 364, \"nombre\": \"Open-architected composite fra\", \"descripcion\": \"Luego tenemos aquellas voy.\\nActividad modo trata acciones familia existe. Viaje ayuda propia. Reforma país decía equipo.\", \"descripcion_corta\": \"Luz ni p.\", \"costo_persona\": 374075, \"imagen\": \"plan_1.jpg\", \"id_ciudad\": 3, \"id_informe\": null}'),(456,'UPDATE','2025-11-06 22:03:42',NULL,'{\"id\": 363, \"nombre\": \"Switchable composite pricing s\", \"descripcion\": \"Programas empresas buenos cuestión pueda forma guerra.\\nOrganización análisis pese. Haber tarde sean pública podría. Pie comunicación nuevos próximo los consecuencia hacia.\", \"descripcion_corta\": \"Cosa lejos unidad obra nombre favor.\", \"costo_persona\": 454131, \"imagen\": \"9bfd30a35ffc44ecadd9c8ce82a30b67.png\", \"id_ciudad\": 5, \"id_informe\": null}','{\"id\": 363, \"nombre\": \"Switchable composite pricing s\", \"descripcion\": \"Programas empresas buenos cuestión pueda forma guerra.\\nOrganización análisis pese. Haber tarde sean pública podría. Pie comunicación nuevos próximo los consecuencia hacia.\", \"descripcion_corta\": \"Cosa lejos unidad obra nombre favor.\", \"costo_persona\": 454131, \"imagen\": \"9bfd30a35ffc44ecadd9c8ce82a30b67.png\", \"id_ciudad\": 5, \"id_informe\": null}'),(457,'UPDATE','2025-11-06 22:03:44',NULL,'{\"id\": 362, \"nombre\": \"Reverse-engineered cohesive we\", \"descripcion\": \"Animales todos real cuestión texto. Esa pedro función ambos muerto cultura.\", \"descripcion_corta\": \"Algún importante siendo importancia serie.\", \"costo_persona\": 236850, \"imagen\": \"16b8dbf712ae4649a79b6273f6d80fc4.png\", \"id_ciudad\": 5, \"id_informe\": null}','{\"id\": 362, \"nombre\": \"Reverse-engineered cohesive we\", \"descripcion\": \"Animales todos real cuestión texto. Esa pedro función ambos muerto cultura.\", \"descripcion_corta\": \"Algún importante siendo importancia serie.\", \"costo_persona\": 236850, \"imagen\": \"16b8dbf712ae4649a79b6273f6d80fc4.png\", \"id_ciudad\": 5, \"id_informe\": null}'),(458,'UPDATE','2025-11-06 22:03:46',NULL,'{\"id\": 362, \"nombre\": \"Reverse-engineered cohesive we\", \"descripcion\": \"Animales todos real cuestión texto. Esa pedro función ambos muerto cultura.\", \"descripcion_corta\": \"Algún importante siendo importancia serie.\", \"costo_persona\": 236850, \"imagen\": \"16b8dbf712ae4649a79b6273f6d80fc4.png\", \"id_ciudad\": 5, \"id_informe\": null}','{\"id\": 362, \"nombre\": \"Reverse-engineered cohesive we\", \"descripcion\": \"Animales todos real cuestión texto. Esa pedro función ambos muerto cultura.\", \"descripcion_corta\": \"Algún importante siendo importancia serie.\", \"costo_persona\": 236850, \"imagen\": \"16b8dbf712ae4649a79b6273f6d80fc4.png\", \"id_ciudad\": 5, \"id_informe\": null}'),(459,'UPDATE','2025-11-06 22:03:47',NULL,'{\"id\": 361, \"nombre\": \"Exclusive attitude-oriented pr\", \"descripcion\": \"Sangre particular fútbol única. Minutos encontrar bien quiere comunicación precios.\", \"descripcion_corta\": \"Hicieron considera tampoco hecho.\", \"costo_persona\": 338611, \"imagen\": \"plan_5.jpg\", \"id_ciudad\": 6, \"id_informe\": null}','{\"id\": 361, \"nombre\": \"Exclusive attitude-oriented pr\", \"descripcion\": \"Sangre particular fútbol única. Minutos encontrar bien quiere comunicación precios.\", \"descripcion_corta\": \"Hicieron considera tampoco hecho.\", \"costo_persona\": 338611, \"imagen\": \"plan_5.jpg\", \"id_ciudad\": 6, \"id_informe\": null}'),(460,'UPDATE','2025-11-06 22:03:48',NULL,'{\"id\": 360, \"nombre\": \"Multi-lateral zero-defect budg\", \"descripcion\": \"Educación marzo mayores largo casos. Existen diferencia sea hermano juicio. Lo muerto casi mismo corazón.\\nPueda ellos volvió lugar enero es. Precios ellos jóvenes esa.\", \"descripcion_corta\": \"Felipe estuvo problemas próximo guerra izquierda.\", \"costo_persona\": 137059, \"imagen\": \"plan_2.jpg\", \"id_ciudad\": 3, \"id_informe\": null}','{\"id\": 360, \"nombre\": \"Multi-lateral zero-defect budg\", \"descripcion\": \"Educación marzo mayores largo casos. Existen diferencia sea hermano juicio. Lo muerto casi mismo corazón.\\nPueda ellos volvió lugar enero es. Precios ellos jóvenes esa.\", \"descripcion_corta\": \"Felipe estuvo problemas próximo guerra izquierda.\", \"costo_persona\": 137059, \"imagen\": \"plan_2.jpg\", \"id_ciudad\": 3, \"id_informe\": null}'),(461,'UPDATE','2025-11-06 22:03:49',NULL,'{\"id\": 359, \"nombre\": \"Upgradable motivating approach\", \"descripcion\": \"Cada cabeza dan. Partes te primera universidad relación podría.\\nPartido informe largo nuevos hecho entonces. Carácter me ocho ser fin unión.\", \"descripcion_corta\": \"Música fuentes grandes.\", \"costo_persona\": 286001, \"imagen\": \"plan_16.jpg\", \"id_ciudad\": 2, \"id_informe\": null}','{\"id\": 359, \"nombre\": \"Upgradable motivating approach\", \"descripcion\": \"Cada cabeza dan. Partes te primera universidad relación podría.\\nPartido informe largo nuevos hecho entonces. Carácter me ocho ser fin unión.\", \"descripcion_corta\": \"Música fuentes grandes.\", \"costo_persona\": 286001, \"imagen\": \"plan_16.jpg\", \"id_ciudad\": 2, \"id_informe\": null}'),(462,'UPDATE','2025-11-06 22:03:50',NULL,'{\"id\": 358, \"nombre\": \"User-centric leadingedge funct\", \"descripcion\": \"Oficial decisión momentos corazón quien profesional señor. Primeras tu sectores humana cuando. Aun después época actual cuyo.\", \"descripcion_corta\": \"Menos llega libertad.\", \"costo_persona\": 179269, \"imagen\": \"d19f74d395f04f6ab243adc614b88e32.png\", \"id_ciudad\": 1, \"id_informe\": null}','{\"id\": 358, \"nombre\": \"User-centric leadingedge funct\", \"descripcion\": \"Oficial decisión momentos corazón quien profesional señor. Primeras tu sectores humana cuando. Aun después época actual cuyo.\", \"descripcion_corta\": \"Menos llega libertad.\", \"costo_persona\": 179269, \"imagen\": \"d19f74d395f04f6ab243adc614b88e32.png\", \"id_ciudad\": 1, \"id_informe\": null}'),(463,'UPDATE','2025-11-06 22:03:51',NULL,'{\"id\": 357, \"nombre\": \"Realigned fault-tolerant Inter\", \"descripcion\": \"Familia área programas. Posibilidad salida n importancia través dolor.\", \"descripcion_corta\": \"Ambiente has casi.\", \"costo_persona\": 489714, \"imagen\": \"088056bc84cc46449023b8c394537c5e.png\", \"id_ciudad\": 8, \"id_informe\": null}','{\"id\": 357, \"nombre\": \"Realigned fault-tolerant Inter\", \"descripcion\": \"Familia área programas. Posibilidad salida n importancia través dolor.\", \"descripcion_corta\": \"Ambiente has casi.\", \"costo_persona\": 489714, \"imagen\": \"088056bc84cc46449023b8c394537c5e.png\", \"id_ciudad\": 8, \"id_informe\": null}'),(464,'UPDATE','2025-11-06 22:03:52',NULL,'{\"id\": 356, \"nombre\": \"Upgradable maximized leverage\", \"descripcion\": \"Ante fiscal ii nuevas señora primera felipe. Social humana cama niveles mis unas vista. Pueblo su explicó estudios lópez jefe.\", \"descripcion_corta\": \"Campo hoy me.\", \"costo_persona\": 335519, \"imagen\": \"e4e0b4c8f4e8490fbf9e8e94f8bd6c35.png\", \"id_ciudad\": 4, \"id_informe\": null}','{\"id\": 356, \"nombre\": \"Upgradable maximized leverage\", \"descripcion\": \"Ante fiscal ii nuevas señora primera felipe. Social humana cama niveles mis unas vista. Pueblo su explicó estudios lópez jefe.\", \"descripcion_corta\": \"Campo hoy me.\", \"costo_persona\": 335519, \"imagen\": \"e4e0b4c8f4e8490fbf9e8e94f8bd6c35.png\", \"id_ciudad\": 4, \"id_informe\": null}'),(465,'UPDATE','2025-11-06 22:03:53',NULL,'{\"id\": 355, \"nombre\": \"Intuitive full-range complexit\", \"descripcion\": \"Algunas conseguir poco escuela lo. Sociales máximo buscar lenguaje dice campaña.\", \"descripcion_corta\": \"Tarde o presidente comisión.\", \"costo_persona\": 362479, \"imagen\": \"plan_14.jpg\", \"id_ciudad\": 4, \"id_informe\": null}','{\"id\": 355, \"nombre\": \"Intuitive full-range complexit\", \"descripcion\": \"Algunas conseguir poco escuela lo. Sociales máximo buscar lenguaje dice campaña.\", \"descripcion_corta\": \"Tarde o presidente comisión.\", \"costo_persona\": 362479, \"imagen\": \"plan_14.jpg\", \"id_ciudad\": 4, \"id_informe\": null}'),(466,'UPDATE','2025-11-06 22:03:54',NULL,'{\"id\": 354, \"nombre\": \"Organized optimizing portal\", \"descripcion\": \"República cámara realizar san curso demás. Podrá madre cambio médico pedro vuelve.\\nPropuesta siempre tiene nada anterior hemos sido. Buena acerca ve ningún estar vez.\", \"descripcion_corta\": \"Contrario buscar posible principal esta resulta.\", \"costo_persona\": 197612, \"imagen\": \"plan_8.jpg\", \"id_ciudad\": 7, \"id_informe\": null}','{\"id\": 354, \"nombre\": \"Organized optimizing portal\", \"descripcion\": \"República cámara realizar san curso demás. Podrá madre cambio médico pedro vuelve.\\nPropuesta siempre tiene nada anterior hemos sido. Buena acerca ve ningún estar vez.\", \"descripcion_corta\": \"Contrario buscar posible principal esta resulta.\", \"costo_persona\": 197612, \"imagen\": \"plan_8.jpg\", \"id_ciudad\": 7, \"id_informe\": null}'),(467,'UPDATE','2025-11-06 22:03:54',NULL,'{\"id\": 353, \"nombre\": \"Seamless zero tolerance orches\", \"descripcion\": \"Contra carne instituto autoridades enfermedad. Un tiempo proyecto claro.\\nDespués dan n.\\nProblema agua alrededor teatro usted. Producto etc forma formas tres cara.\", \"descripcion_corta\": \"Propio gonzález voz puerta corte.\", \"costo_persona\": 129917, \"imagen\": \"plan_7.jpg\", \"id_ciudad\": 2, \"id_informe\": null}','{\"id\": 353, \"nombre\": \"Seamless zero tolerance orches\", \"descripcion\": \"Contra carne instituto autoridades enfermedad. Un tiempo proyecto claro.\\nDespués dan n.\\nProblema agua alrededor teatro usted. Producto etc forma formas tres cara.\", \"descripcion_corta\": \"Propio gonzález voz puerta corte.\", \"costo_persona\": 129917, \"imagen\": \"plan_7.jpg\", \"id_ciudad\": 2, \"id_informe\": null}'),(468,'UPDATE','2025-11-06 22:04:03',NULL,'{\"id\": 352, \"nombre\": \"Multi-lateral 3rdgeneration ha\", \"descripcion\": \"Aumento deja pregunta hacen especie dan comunicación. Ley les juicio constitución tipos entrada.\\nEnergía principales lejos piel.\", \"descripcion_corta\": \"Carta ocasión dos.\", \"costo_persona\": 156817, \"imagen\": \"plan_9.jpg\", \"id_ciudad\": 6, \"id_informe\": null}','{\"id\": 352, \"nombre\": \"Multi-lateral 3rdgeneration ha\", \"descripcion\": \"Aumento deja pregunta hacen especie dan comunicación. Ley les juicio constitución tipos entrada.\\nEnergía principales lejos piel.\", \"descripcion_corta\": \"Carta ocasión dos.\", \"costo_persona\": 156817, \"imagen\": \"plan_9.jpg\", \"id_ciudad\": 6, \"id_informe\": null}'),(469,'UPDATE','2025-11-06 22:04:04',NULL,'{\"id\": 351, \"nombre\": \"Inverse 24hour Graphical User \", \"descripcion\": \"Existen me ninguna afirmó. Deseo comunidad hicieron serán cuanto saber menos. Sector hemos etc período.\", \"descripcion_corta\": \"Mañana dice existe.\", \"costo_persona\": 354314, \"imagen\": \"088056bc84cc46449023b8c394537c5e.png\", \"id_ciudad\": 8, \"id_informe\": null}','{\"id\": 351, \"nombre\": \"Inverse 24hour Graphical User \", \"descripcion\": \"Existen me ninguna afirmó. Deseo comunidad hicieron serán cuanto saber menos. Sector hemos etc período.\", \"descripcion_corta\": \"Mañana dice existe.\", \"costo_persona\": 354314, \"imagen\": \"088056bc84cc46449023b8c394537c5e.png\", \"id_ciudad\": 8, \"id_informe\": null}'),(470,'UPDATE','2025-11-06 22:04:06',NULL,'{\"id\": 350, \"nombre\": \"Monitored composite framework\", \"descripcion\": \"Grande enfermedad pública serán. Tales algunos acerca imposible.\\nObjeto cargo una. Sabe ha crisis ni eso encuentra garcía. Única vio hacía existen militares oro.\", \"descripcion_corta\": \"María tiempo unión.\", \"costo_persona\": 417333, \"imagen\": \"d19f74d395f04f6ab243adc614b88e32.png\", \"id_ciudad\": 3, \"id_informe\": null}','{\"id\": 350, \"nombre\": \"Monitored composite framework\", \"descripcion\": \"Grande enfermedad pública serán. Tales algunos acerca imposible.\\nObjeto cargo una. Sabe ha crisis ni eso encuentra garcía. Única vio hacía existen militares oro.\", \"descripcion_corta\": \"María tiempo unión.\", \"costo_persona\": 417333, \"imagen\": \"d19f74d395f04f6ab243adc614b88e32.png\", \"id_ciudad\": 3, \"id_informe\": null}'),(471,'UPDATE','2025-11-06 22:04:07',NULL,'{\"id\": 349, \"nombre\": \"Inverse uniform Graphic Interf\", \"descripcion\": \"Toma producción atención tanto. Mayoría algunos vez visto pueblo oficial fin.\\nEse diez rodríguez grandes.\", \"descripcion_corta\": \"Ese algunos empresas aparece alguna.\", \"costo_persona\": 432586, \"imagen\": \"plan_7.jpg\", \"id_ciudad\": 3, \"id_informe\": null}','{\"id\": 349, \"nombre\": \"Inverse uniform Graphic Interf\", \"descripcion\": \"Toma producción atención tanto. Mayoría algunos vez visto pueblo oficial fin.\\nEse diez rodríguez grandes.\", \"descripcion_corta\": \"Ese algunos empresas aparece alguna.\", \"costo_persona\": 432586, \"imagen\": \"plan_7.jpg\", \"id_ciudad\": 3, \"id_informe\": null}'),(472,'UPDATE','2025-11-06 22:04:08',NULL,'{\"id\": 348, \"nombre\": \"Synergistic local algorithm\", \"descripcion\": \"Momentos única incluso cuadro horas reforma.\\nDías año hacen viaje. Mayores hay asimismo entre vía santa tipo. Hora también hombre juez junto congreso.\", \"descripcion_corta\": \"Poner eran volver.\", \"costo_persona\": 391193, \"imagen\": \"d19f74d395f04f6ab243adc614b88e32.png\", \"id_ciudad\": 2, \"id_informe\": null}','{\"id\": 348, \"nombre\": \"Synergistic local algorithm\", \"descripcion\": \"Momentos única incluso cuadro horas reforma.\\nDías año hacen viaje. Mayores hay asimismo entre vía santa tipo. Hora también hombre juez junto congreso.\", \"descripcion_corta\": \"Poner eran volver.\", \"costo_persona\": 391193, \"imagen\": \"d19f74d395f04f6ab243adc614b88e32.png\", \"id_ciudad\": 2, \"id_informe\": null}'),(473,'UPDATE','2025-11-06 22:04:16',NULL,'{\"id\": 347, \"nombre\": \"Digitized contextually-based c\", \"descripcion\": \"Nosotros he nadie conseguir amigo. Alta gonzález unidad. Amigos tenía dado aún. Líder pudo obras visita hecho crisis muerte.\", \"descripcion_corta\": \"Crecimiento imágenes tipos ha demasiado.\", \"costo_persona\": 320261, \"imagen\": \"plan_2.jpg\", \"id_ciudad\": 7, \"id_informe\": null}','{\"id\": 347, \"nombre\": \"Digitized contextually-based c\", \"descripcion\": \"Nosotros he nadie conseguir amigo. Alta gonzález unidad. Amigos tenía dado aún. Líder pudo obras visita hecho crisis muerte.\", \"descripcion_corta\": \"Crecimiento imágenes tipos ha demasiado.\", \"costo_persona\": 320261, \"imagen\": \"plan_2.jpg\", \"id_ciudad\": 7, \"id_informe\": null}'),(474,'UPDATE','2025-11-06 22:04:18',NULL,'{\"id\": 346, \"nombre\": \"Focused bifurcated Internet so\", \"descripcion\": \"Pasa largo cinco. Policía sectores causa atrás amigo cuestión época.\\nDirector aun obras. Voy n final abril. Largo i resulta estados productos.\", \"descripcion_corta\": \"Nuestra económica pacientes.\", \"costo_persona\": 416536, \"imagen\": \"plan_13.jpg\", \"id_ciudad\": 6, \"id_informe\": null}','{\"id\": 346, \"nombre\": \"Focused bifurcated Internet so\", \"descripcion\": \"Pasa largo cinco. Policía sectores causa atrás amigo cuestión época.\\nDirector aun obras. Voy n final abril. Largo i resulta estados productos.\", \"descripcion_corta\": \"Nuestra económica pacientes.\", \"costo_persona\": 416536, \"imagen\": \"plan_13.jpg\", \"id_ciudad\": 6, \"id_informe\": null}'),(475,'UPDATE','2025-11-06 22:04:27',NULL,'{\"id\": 345, \"nombre\": \"Ergonomic mobile application\", \"descripcion\": \"Pues ciencia nuevas. Oposición noviembre realidad conseguir desde. A función ya naturaleza voz apenas hubo. Niño estaban fecha lópez ii público.\", \"descripcion_corta\": \"Iglesia podemos camino maría madrid.\", \"costo_persona\": 109003, \"imagen\": \"a043eb709da54029807e58dab366db91.png\", \"id_ciudad\": 4, \"id_informe\": null}','{\"id\": 345, \"nombre\": \"Ergonomic mobile application\", \"descripcion\": \"Pues ciencia nuevas. Oposición noviembre realidad conseguir desde. A función ya naturaleza voz apenas hubo. Niño estaban fecha lópez ii público.\", \"descripcion_corta\": \"Iglesia podemos camino maría madrid.\", \"costo_persona\": 109003, \"imagen\": \"a043eb709da54029807e58dab366db91.png\", \"id_ciudad\": 4, \"id_informe\": null}'),(476,'UPDATE','2025-11-06 22:04:41',NULL,'{\"id\": 344, \"nombre\": \"Extended local firmware\", \"descripcion\": \"Idea estaba consumo plazo pueblo ellas mayores. Título contrario miguel.\", \"descripcion_corta\": \"Me hijo agua seguro pp durante.\", \"costo_persona\": 441340, \"imagen\": \"plan_12.jpg\", \"id_ciudad\": 2, \"id_informe\": null}','{\"id\": 344, \"nombre\": \"Extended local firmware\", \"descripcion\": \"Idea estaba consumo plazo pueblo ellas mayores. Título contrario miguel.\", \"descripcion_corta\": \"Me hijo agua seguro pp durante.\", \"costo_persona\": 441340, \"imagen\": \"plan_12.jpg\", \"id_ciudad\": 2, \"id_informe\": null}'),(477,'UPDATE','2025-11-06 22:04:46',NULL,'{\"id\": 343, \"nombre\": \"Proactive non-volatile neural-\", \"descripcion\": \"Me ese necesidad política violencia dirección sin. Usted derecha sector u cambios américa e marcha. Orden ellos podemos equipo costa.\", \"descripcion_corta\": \"Pocos realizar gonzález quien.\", \"costo_persona\": 224742, \"imagen\": \"plan_3.jpg\", \"id_ciudad\": 1, \"id_informe\": null}','{\"id\": 343, \"nombre\": \"Proactive non-volatile neural-\", \"descripcion\": \"Me ese necesidad política violencia dirección sin. Usted derecha sector u cambios américa e marcha. Orden ellos podemos equipo costa.\", \"descripcion_corta\": \"Pocos realizar gonzález quien.\", \"costo_persona\": 224742, \"imagen\": \"plan_3.jpg\", \"id_ciudad\": 1, \"id_informe\": null}'),(478,'UPDATE','2025-11-06 22:04:47',NULL,'{\"id\": 342, \"nombre\": \"Multi-tiered upward-trending p\", \"descripcion\": \"Metros lópez respuesta podrá ello llega. Participación meses noche vida ningún con relaciones gran. Unión usted pregunta muestra.\", \"descripcion_corta\": \"Contenido autoridades menos aquí visita debía.\", \"costo_persona\": 126097, \"imagen\": \"e4e0b4c8f4e8490fbf9e8e94f8bd6c35.png\", \"id_ciudad\": 6, \"id_informe\": null}','{\"id\": 342, \"nombre\": \"Multi-tiered upward-trending p\", \"descripcion\": \"Metros lópez respuesta podrá ello llega. Participación meses noche vida ningún con relaciones gran. Unión usted pregunta muestra.\", \"descripcion_corta\": \"Contenido autoridades menos aquí visita debía.\", \"costo_persona\": 126097, \"imagen\": \"e4e0b4c8f4e8490fbf9e8e94f8bd6c35.png\", \"id_ciudad\": 6, \"id_informe\": null}'),(479,'UPDATE','2025-11-06 22:04:48',NULL,'{\"id\": 341, \"nombre\": \"Organic zero tolerance instruc\", \"descripcion\": \"Resto cambio p medidas cada objetivo tarde conocimiento. Demasiado llevar libro viaje cuadro cuenta dicho.\", \"descripcion_corta\": \"Estudio organización éste tuvo fácil tenido.\", \"costo_persona\": 266280, \"imagen\": \"16b8dbf712ae4649a79b6273f6d80fc4.png\", \"id_ciudad\": 7, \"id_informe\": null}','{\"id\": 341, \"nombre\": \"Organic zero tolerance instruc\", \"descripcion\": \"Resto cambio p medidas cada objetivo tarde conocimiento. Demasiado llevar libro viaje cuadro cuenta dicho.\", \"descripcion_corta\": \"Estudio organización éste tuvo fácil tenido.\", \"costo_persona\": 266280, \"imagen\": \"16b8dbf712ae4649a79b6273f6d80fc4.png\", \"id_ciudad\": 7, \"id_informe\": null}'),(480,'UPDATE','2025-11-06 22:04:49',NULL,'{\"id\": 340, \"nombre\": \"Persistent client-server parad\", \"descripcion\": \"Especie realizar naturaleza aire cual están. Formas mismos realidad negro serie objetivo.\\nEquipo aire alta agua.\", \"descripcion_corta\": \"Dólares movimiento sola joven noviembre.\", \"costo_persona\": 382504, \"imagen\": \"70f62a1bda25417ca8537dcc2904d22f.jpg\", \"id_ciudad\": 5, \"id_informe\": null}','{\"id\": 340, \"nombre\": \"Persistent client-server parad\", \"descripcion\": \"Especie realizar naturaleza aire cual están. Formas mismos realidad negro serie objetivo.\\nEquipo aire alta agua.\", \"descripcion_corta\": \"Dólares movimiento sola joven noviembre.\", \"costo_persona\": 382504, \"imagen\": \"70f62a1bda25417ca8537dcc2904d22f.jpg\", \"id_ciudad\": 5, \"id_informe\": null}'),(481,'UPDATE','2025-11-06 22:04:50',NULL,'{\"id\": 339, \"nombre\": \"Ameliorated value-added soluti\", \"descripcion\": \"Misma texto policía valor eran mucha.\\nPresenta destino sentido primer datos a mayoría importancia.\", \"descripcion_corta\": \"Diez nivel ideas viejo conocer ni.\", \"costo_persona\": 384039, \"imagen\": \"plan_13.jpg\", \"id_ciudad\": 3, \"id_informe\": null}','{\"id\": 339, \"nombre\": \"Ameliorated value-added soluti\", \"descripcion\": \"Misma texto policía valor eran mucha.\\nPresenta destino sentido primer datos a mayoría importancia.\", \"descripcion_corta\": \"Diez nivel ideas viejo conocer ni.\", \"costo_persona\": 384039, \"imagen\": \"plan_13.jpg\", \"id_ciudad\": 3, \"id_informe\": null}'),(482,'UPDATE','2025-11-06 22:04:51',NULL,'{\"id\": 338, \"nombre\": \"De-engineered interactive succ\", \"descripcion\": \"Sean ir quedó nueva. Problemas nuestras ministro varios. Fuera proyectos derecha exterior momentos visita yo. Exterior veces humanos nivel domingo.\", \"descripcion_corta\": \"Mal fuerte eso político nunca.\", \"costo_persona\": 182687, \"imagen\": \"plan_3.jpg\", \"id_ciudad\": 1, \"id_informe\": null}','{\"id\": 338, \"nombre\": \"De-engineered interactive succ\", \"descripcion\": \"Sean ir quedó nueva. Problemas nuestras ministro varios. Fuera proyectos derecha exterior momentos visita yo. Exterior veces humanos nivel domingo.\", \"descripcion_corta\": \"Mal fuerte eso político nunca.\", \"costo_persona\": 182687, \"imagen\": \"plan_3.jpg\", \"id_ciudad\": 1, \"id_informe\": null}'),(483,'UPDATE','2025-11-06 22:04:53',NULL,'{\"id\": 337, \"nombre\": \"Adaptive dedicated moratorium\", \"descripcion\": \"Lado último entonces hospital políticas grupos sueño parte.\", \"descripcion_corta\": \"Debido jóvenes vivir.\", \"costo_persona\": 462035, \"imagen\": \"d19f74d395f04f6ab243adc614b88e32.png\", \"id_ciudad\": 4, \"id_informe\": null}','{\"id\": 337, \"nombre\": \"Adaptive dedicated moratorium\", \"descripcion\": \"Lado último entonces hospital políticas grupos sueño parte.\", \"descripcion_corta\": \"Debido jóvenes vivir.\", \"costo_persona\": 462035, \"imagen\": \"d19f74d395f04f6ab243adc614b88e32.png\", \"id_ciudad\": 4, \"id_informe\": null}'),(484,'UPDATE','2025-11-06 22:04:54',NULL,'{\"id\": 336, \"nombre\": \"Customizable solution-oriented\", \"descripcion\": \"Oro perdido también crisis comisión. Fiscal francisco puntos lópez unas guerra. Alta ministerio políticas.\", \"descripcion_corta\": \"Cosas tuvo al allá.\", \"costo_persona\": 213818, \"imagen\": \"dcf436b3fb7d45e482b4ac52d9a5a737.png\", \"id_ciudad\": 4, \"id_informe\": null}','{\"id\": 336, \"nombre\": \"Customizable solution-oriented\", \"descripcion\": \"Oro perdido también crisis comisión. Fiscal francisco puntos lópez unas guerra. Alta ministerio políticas.\", \"descripcion_corta\": \"Cosas tuvo al allá.\", \"costo_persona\": 213818, \"imagen\": \"dcf436b3fb7d45e482b4ac52d9a5a737.png\", \"id_ciudad\": 4, \"id_informe\": null}'),(485,'UPDATE','2025-11-06 22:04:55',NULL,'{\"id\": 335, \"nombre\": \"Proactive responsive monitorin\", \"descripcion\": \"Otras octubre sociales partes están si. Dolor etapa apenas orden tu.\", \"descripcion_corta\": \"Ir autor tienen diferentes ver.\", \"costo_persona\": 100327, \"imagen\": \"dcf436b3fb7d45e482b4ac52d9a5a737.png\", \"id_ciudad\": 2, \"id_informe\": null}','{\"id\": 335, \"nombre\": \"Proactive responsive monitorin\", \"descripcion\": \"Otras octubre sociales partes están si. Dolor etapa apenas orden tu.\", \"descripcion_corta\": \"Ir autor tienen diferentes ver.\", \"costo_persona\": 100327, \"imagen\": \"dcf436b3fb7d45e482b4ac52d9a5a737.png\", \"id_ciudad\": 2, \"id_informe\": null}'),(486,'UPDATE','2025-11-06 22:04:55',NULL,'{\"id\": 334, \"nombre\": \"Vision-oriented bandwidth-moni\", \"descripcion\": \"Televisión forma va i quedó su hicieron. Militares afirmó trabajadores importancia estoy. Presente grande actividades lado pie siquiera dejó.\", \"descripcion_corta\": \"Padre allí silencio.\", \"costo_persona\": 211336, \"imagen\": \"plan_2.jpg\", \"id_ciudad\": 5, \"id_informe\": null}','{\"id\": 334, \"nombre\": \"Vision-oriented bandwidth-moni\", \"descripcion\": \"Televisión forma va i quedó su hicieron. Militares afirmó trabajadores importancia estoy. Presente grande actividades lado pie siquiera dejó.\", \"descripcion_corta\": \"Padre allí silencio.\", \"costo_persona\": 211336, \"imagen\": \"plan_2.jpg\", \"id_ciudad\": 5, \"id_informe\": null}'),(487,'UPDATE','2025-11-06 22:04:57',NULL,'{\"id\": 333, \"nombre\": \"Decentralized bottom-line syne\", \"descripcion\": \"Familia aunque figura días mayor acciones. Juego ministerio sistema cuales máximo.\", \"descripcion_corta\": \"Buen nombre tomar algunos.\", \"costo_persona\": 130880, \"imagen\": \"457b58b01b32414dbe9871cc38e5c182.png\", \"id_ciudad\": 8, \"id_informe\": null}','{\"id\": 333, \"nombre\": \"Decentralized bottom-line syne\", \"descripcion\": \"Familia aunque figura días mayor acciones. Juego ministerio sistema cuales máximo.\", \"descripcion_corta\": \"Buen nombre tomar algunos.\", \"costo_persona\": 130880, \"imagen\": \"457b58b01b32414dbe9871cc38e5c182.png\", \"id_ciudad\": 8, \"id_informe\": null}'),(488,'UPDATE','2025-11-06 22:04:58',NULL,'{\"id\": 332, \"nombre\": \"Ergonomic asymmetric database\", \"descripcion\": \"Podría lenguaje salud trata hombres diversos afirmó demasiado. Comercio yo cuya señaló figura aquellos.\", \"descripcion_corta\": \"Dicen c vuelve.\", \"costo_persona\": 154074, \"imagen\": \"d19f74d395f04f6ab243adc614b88e32.png\", \"id_ciudad\": 8, \"id_informe\": null}','{\"id\": 332, \"nombre\": \"Ergonomic asymmetric database\", \"descripcion\": \"Podría lenguaje salud trata hombres diversos afirmó demasiado. Comercio yo cuya señaló figura aquellos.\", \"descripcion_corta\": \"Dicen c vuelve.\", \"costo_persona\": 154074, \"imagen\": \"d19f74d395f04f6ab243adc614b88e32.png\", \"id_ciudad\": 8, \"id_informe\": null}'),(489,'UPDATE','2025-11-06 22:04:59',NULL,'{\"id\": 331, \"nombre\": \"Right-sized intangible infrast\", \"descripcion\": \"Riesgo uno frente pacientes recuerdo sistemas hacen. Especie de has supuesto luz del encima siguientes. Oficial haya no fin.\", \"descripcion_corta\": \"Memoria nacional ante juicio instituto volvió.\", \"costo_persona\": 383641, \"imagen\": \"plan_12.jpg\", \"id_ciudad\": 7, \"id_informe\": null}','{\"id\": 331, \"nombre\": \"Right-sized intangible infrast\", \"descripcion\": \"Riesgo uno frente pacientes recuerdo sistemas hacen. Especie de has supuesto luz del encima siguientes. Oficial haya no fin.\", \"descripcion_corta\": \"Memoria nacional ante juicio instituto volvió.\", \"costo_persona\": 383641, \"imagen\": \"plan_12.jpg\", \"id_ciudad\": 7, \"id_informe\": null}'),(490,'UPDATE','2025-11-06 22:05:00',NULL,'{\"id\": 330, \"nombre\": \"Reverse-engineered well-modula\", \"descripcion\": \"Lugar pueden sur fuerte partido dólares ir. Distintas plazo fútbol paso quizá.\\nJusticia trata un edad unas guerra o. Años m van alrededor sociales podía u.\", \"descripcion_corta\": \"Cambios historia debía.\", \"costo_persona\": 348166, \"imagen\": \"plan_12.jpg\", \"id_ciudad\": 3, \"id_informe\": null}','{\"id\": 330, \"nombre\": \"Reverse-engineered well-modula\", \"descripcion\": \"Lugar pueden sur fuerte partido dólares ir. Distintas plazo fútbol paso quizá.\\nJusticia trata un edad unas guerra o. Años m van alrededor sociales podía u.\", \"descripcion_corta\": \"Cambios historia debía.\", \"costo_persona\": 348166, \"imagen\": \"plan_12.jpg\", \"id_ciudad\": 3, \"id_informe\": null}'),(491,'UPDATE','2025-11-06 22:05:01',NULL,'{\"id\": 329, \"nombre\": \"Integrated global parallelism\", \"descripcion\": \"Función hasta demasiado ese les. Fin público militar etapa realizar capacidad oposición.\\nRecuerdo base parís sueño ocho tres nuevo. Civil diez aire ya luego dejó.\", \"descripcion_corta\": \"Ciencia partes mediante alto mucha.\", \"costo_persona\": 261300, \"imagen\": \"plan_1.jpg\", \"id_ciudad\": 6, \"id_informe\": null}','{\"id\": 329, \"nombre\": \"Integrated global parallelism\", \"descripcion\": \"Función hasta demasiado ese les. Fin público militar etapa realizar capacidad oposición.\\nRecuerdo base parís sueño ocho tres nuevo. Civil diez aire ya luego dejó.\", \"descripcion_corta\": \"Ciencia partes mediante alto mucha.\", \"costo_persona\": 261300, \"imagen\": \"plan_1.jpg\", \"id_ciudad\": 6, \"id_informe\": null}'),(492,'UPDATE','2025-11-06 22:05:02',NULL,'{\"id\": 328, \"nombre\": \"Total demand-driven open syste\", \"descripcion\": \"Quizá serán máximo zona últimos. Cuenta ellos está dicen.\\nPoco formación única cambio encima posibilidad pasar. Cuales viejo organización tratamiento exterior el.\", \"descripcion_corta\": \"J mantener prueba pese.\", \"costo_persona\": 372610, \"imagen\": \"457b58b01b32414dbe9871cc38e5c182.png\", \"id_ciudad\": 7, \"id_informe\": null}','{\"id\": 328, \"nombre\": \"Total demand-driven open syste\", \"descripcion\": \"Quizá serán máximo zona últimos. Cuenta ellos está dicen.\\nPoco formación única cambio encima posibilidad pasar. Cuales viejo organización tratamiento exterior el.\", \"descripcion_corta\": \"J mantener prueba pese.\", \"costo_persona\": 372610, \"imagen\": \"457b58b01b32414dbe9871cc38e5c182.png\", \"id_ciudad\": 7, \"id_informe\": null}'),(493,'UPDATE','2025-11-06 22:05:03',NULL,'{\"id\": 327, \"nombre\": \"Pre-emptive 3rdgeneration thro\", \"descripcion\": \"Curso pública final mirada serán causa. Sé puerta próximo última da. Destino parte luis hombres rey miembros personal imágenes.\", \"descripcion_corta\": \"Tales congreso campo ante quizá son.\", \"costo_persona\": 398669, \"imagen\": \"plan_9.jpg\", \"id_ciudad\": 3, \"id_informe\": null}','{\"id\": 327, \"nombre\": \"Pre-emptive 3rdgeneration thro\", \"descripcion\": \"Curso pública final mirada serán causa. Sé puerta próximo última da. Destino parte luis hombres rey miembros personal imágenes.\", \"descripcion_corta\": \"Tales congreso campo ante quizá son.\", \"costo_persona\": 398669, \"imagen\": \"plan_9.jpg\", \"id_ciudad\": 3, \"id_informe\": null}'),(494,'UPDATE','2025-11-06 22:05:04',NULL,'{\"id\": 326, \"nombre\": \"Implemented 24hour encryption\", \"descripcion\": \"Algún clase siguientes interés. Hemos oficial teoría instituto. Estados poner bastante cuerpo.\\nRegión luis medida internacional comunidad. Precio libre madrid animales fuerte.\", \"descripcion_corta\": \"Visita centro fuerte nacional joven he.\", \"costo_persona\": 151652, \"imagen\": \"plan_17.jpg\", \"id_ciudad\": 5, \"id_informe\": null}','{\"id\": 326, \"nombre\": \"Implemented 24hour encryption\", \"descripcion\": \"Algún clase siguientes interés. Hemos oficial teoría instituto. Estados poner bastante cuerpo.\\nRegión luis medida internacional comunidad. Precio libre madrid animales fuerte.\", \"descripcion_corta\": \"Visita centro fuerte nacional joven he.\", \"costo_persona\": 151652, \"imagen\": \"plan_17.jpg\", \"id_ciudad\": 5, \"id_informe\": null}'),(495,'UPDATE','2025-11-06 22:05:05',NULL,'{\"id\": 325, \"nombre\": \"Right-sized empowering process\", \"descripcion\": \"Ex club hoy la pedro. Llega es teoría sé piel uso.\", \"descripcion_corta\": \"Algunas están cambios.\", \"costo_persona\": 453073, \"imagen\": \"plan_11.jpg\", \"id_ciudad\": 6, \"id_informe\": null}','{\"id\": 325, \"nombre\": \"Right-sized empowering process\", \"descripcion\": \"Ex club hoy la pedro. Llega es teoría sé piel uso.\", \"descripcion_corta\": \"Algunas están cambios.\", \"costo_persona\": 453073, \"imagen\": \"plan_11.jpg\", \"id_ciudad\": 6, \"id_informe\": null}'),(496,'UPDATE','2025-11-06 22:05:06',NULL,'{\"id\": 324, \"nombre\": \"Balanced client-server intrane\", \"descripcion\": \"Finalmente comunidad todo atención pablo términos mañana. Solamente pasado primero martín comunicación edad están. Estados cuya voy tres.\", \"descripcion_corta\": \"Movimiento está capital compañía.\", \"costo_persona\": 292323, \"imagen\": \"plan_13.jpg\", \"id_ciudad\": 6, \"id_informe\": null}','{\"id\": 324, \"nombre\": \"Balanced client-server intrane\", \"descripcion\": \"Finalmente comunidad todo atención pablo términos mañana. Solamente pasado primero martín comunicación edad están. Estados cuya voy tres.\", \"descripcion_corta\": \"Movimiento está capital compañía.\", \"costo_persona\": 292323, \"imagen\": \"plan_13.jpg\", \"id_ciudad\": 6, \"id_informe\": null}'),(497,'UPDATE','2025-11-06 22:05:08',NULL,'{\"id\": 323, \"nombre\": \"Enterprise-wide attitude-orien\", \"descripcion\": \"Pocos tendrá quienes jefe. Razones estamos después vio del él hecho cuales.\", \"descripcion_corta\": \"Experiencia pese buscar acto buena también.\", \"costo_persona\": 209242, \"imagen\": \"plan_8.jpg\", \"id_ciudad\": 8, \"id_informe\": null}','{\"id\": 323, \"nombre\": \"Enterprise-wide attitude-orien\", \"descripcion\": \"Pocos tendrá quienes jefe. Razones estamos después vio del él hecho cuales.\", \"descripcion_corta\": \"Experiencia pese buscar acto buena también.\", \"costo_persona\": 209242, \"imagen\": \"plan_8.jpg\", \"id_ciudad\": 8, \"id_informe\": null}'),(498,'UPDATE','2025-11-06 22:05:08',NULL,'{\"id\": 322, \"nombre\": \"Cross-group zero tolerance mid\", \"descripcion\": \"Investigación diferentes noviembre deja primero. Banco elementos energía libro texto el. Cosa siendo acto esa actividad habla.\", \"descripcion_corta\": \"Unas padres dicho objeto cual.\", \"costo_persona\": 423304, \"imagen\": \"plan_20.jpg\", \"id_ciudad\": 8, \"id_informe\": null}','{\"id\": 322, \"nombre\": \"Cross-group zero tolerance mid\", \"descripcion\": \"Investigación diferentes noviembre deja primero. Banco elementos energía libro texto el. Cosa siendo acto esa actividad habla.\", \"descripcion_corta\": \"Unas padres dicho objeto cual.\", \"costo_persona\": 423304, \"imagen\": \"plan_20.jpg\", \"id_ciudad\": 8, \"id_informe\": null}'),(499,'UPDATE','2025-11-06 22:05:09',NULL,'{\"id\": 321, \"nombre\": \"Persevering 24hour application\", \"descripcion\": \"Fuera por hecho espacio peor naturaleza. Tomar memoria miembros escuela condiciones estructura consumo.\", \"descripcion_corta\": \"Figura suficiente instituto europa así nunca.\", \"costo_persona\": 351956, \"imagen\": \"9bfd30a35ffc44ecadd9c8ce82a30b67.png\", \"id_ciudad\": 3, \"id_informe\": null}','{\"id\": 321, \"nombre\": \"Persevering 24hour application\", \"descripcion\": \"Fuera por hecho espacio peor naturaleza. Tomar memoria miembros escuela condiciones estructura consumo.\", \"descripcion_corta\": \"Figura suficiente instituto europa así nunca.\", \"costo_persona\": 351956, \"imagen\": \"9bfd30a35ffc44ecadd9c8ce82a30b67.png\", \"id_ciudad\": 3, \"id_informe\": null}'),(500,'UPDATE','2025-11-06 22:05:10',NULL,'{\"id\": 320, \"nombre\": \"Ergonomic stable pricing struc\", \"descripcion\": \"Dinero acerca ese elementos. Base mirada diario siglo.\\nMisma voluntad personas salud. Momento esos habla estado medio primero.\", \"descripcion_corta\": \"Encontrar española sola cara vez del república.\", \"costo_persona\": 351152, \"imagen\": \"plan_9.jpg\", \"id_ciudad\": 2, \"id_informe\": null}','{\"id\": 320, \"nombre\": \"Ergonomic stable pricing struc\", \"descripcion\": \"Dinero acerca ese elementos. Base mirada diario siglo.\\nMisma voluntad personas salud. Momento esos habla estado medio primero.\", \"descripcion_corta\": \"Encontrar española sola cara vez del república.\", \"costo_persona\": 351152, \"imagen\": \"plan_9.jpg\", \"id_ciudad\": 2, \"id_informe\": null}'),(501,'UPDATE','2025-11-06 22:05:11',NULL,'{\"id\": 319, \"nombre\": \"Proactive client-server budget\", \"descripcion\": \"Torno capacidad una algunos propuesta poco grupo.\", \"descripcion_corta\": \"Sociales diciembre parecía violencia centro pese.\", \"costo_persona\": 350532, \"imagen\": \"plan_14.jpg\", \"id_ciudad\": 6, \"id_informe\": null}','{\"id\": 319, \"nombre\": \"Proactive client-server budget\", \"descripcion\": \"Torno capacidad una algunos propuesta poco grupo.\", \"descripcion_corta\": \"Sociales diciembre parecía violencia centro pese.\", \"costo_persona\": 350532, \"imagen\": \"plan_14.jpg\", \"id_ciudad\": 6, \"id_informe\": null}'),(502,'UPDATE','2025-11-06 22:05:12',NULL,'{\"id\": 318, \"nombre\": \"Sharable context-sensitive str\", \"descripcion\": \"Unas que todavía unos europea teoría hacía. S estar aquel grado puede imposible todo.\", \"descripcion_corta\": \"Puedo seguridad obra principios.\", \"costo_persona\": 322962, \"imagen\": \"plan_10.jpg\", \"id_ciudad\": 1, \"id_informe\": null}','{\"id\": 318, \"nombre\": \"Sharable context-sensitive str\", \"descripcion\": \"Unas que todavía unos europea teoría hacía. S estar aquel grado puede imposible todo.\", \"descripcion_corta\": \"Puedo seguridad obra principios.\", \"costo_persona\": 322962, \"imagen\": \"plan_10.jpg\", \"id_ciudad\": 1, \"id_informe\": null}'),(503,'UPDATE','2025-11-06 22:05:13',NULL,'{\"id\": 317, \"nombre\": \"Inverse zero tolerance adapter\", \"descripcion\": \"José carta centro.\\nSegundo tras máximo ellas aun luego deja. Sigue barcelona ni mí aquellos comisión posible persona.\\nObra cuyo control ojos. Cuadro grande dado.\", \"descripcion_corta\": \"Quién semana fuera.\", \"costo_persona\": 438454, \"imagen\": \"457b58b01b32414dbe9871cc38e5c182.png\", \"id_ciudad\": 2, \"id_informe\": null}','{\"id\": 317, \"nombre\": \"Inverse zero tolerance adapter\", \"descripcion\": \"José carta centro.\\nSegundo tras máximo ellas aun luego deja. Sigue barcelona ni mí aquellos comisión posible persona.\\nObra cuyo control ojos. Cuadro grande dado.\", \"descripcion_corta\": \"Quién semana fuera.\", \"costo_persona\": 438454, \"imagen\": \"457b58b01b32414dbe9871cc38e5c182.png\", \"id_ciudad\": 2, \"id_informe\": null}'),(504,'UPDATE','2025-11-06 22:05:14',NULL,'{\"id\": 316, \"nombre\": \"Optimized explicit paradigm\", \"descripcion\": \"Lleva ahí necesidad entrar. Actividad gracias vuelve quien solución parís.\", \"descripcion_corta\": \"Sean jóvenes real.\", \"costo_persona\": 200044, \"imagen\": \"plan_20.jpg\", \"id_ciudad\": 5, \"id_informe\": null}','{\"id\": 316, \"nombre\": \"Optimized explicit paradigm\", \"descripcion\": \"Lleva ahí necesidad entrar. Actividad gracias vuelve quien solución parís.\", \"descripcion_corta\": \"Sean jóvenes real.\", \"costo_persona\": 200044, \"imagen\": \"plan_20.jpg\", \"id_ciudad\": 5, \"id_informe\": null}'),(505,'UPDATE','2025-11-06 22:05:25',NULL,'{\"id\": 315, \"nombre\": \"Assimilated didactic Local Are\", \"descripcion\": \"Real ideas próximo objeto técnica estaban siendo. Ello primero niño llevar rafael unión. Acuerdo menos premio ideas cama teatro superior.\", \"descripcion_corta\": \"Generales hombre vio población.\", \"costo_persona\": 235431, \"imagen\": \"088056bc84cc46449023b8c394537c5e.png\", \"id_ciudad\": 2, \"id_informe\": null}','{\"id\": 315, \"nombre\": \"Assimilated didactic Local Are\", \"descripcion\": \"Real ideas próximo objeto técnica estaban siendo. Ello primero niño llevar rafael unión. Acuerdo menos premio ideas cama teatro superior.\", \"descripcion_corta\": \"Generales hombre vio población.\", \"costo_persona\": 235431, \"imagen\": \"088056bc84cc46449023b8c394537c5e.png\", \"id_ciudad\": 2, \"id_informe\": null}'),(506,'UPDATE','2025-11-06 22:05:36',NULL,'{\"id\": 314, \"nombre\": \"Stand-alone 24hour policy\", \"descripcion\": \"Estamos conocimiento cuerpo comunidad serán padres pues todos. No mi padre nos tras.\\nViene queda empresa ninguna meses mil productos. Sueño llamado amigo tras cambio.\", \"descripcion_corta\": \"Sí cine país servicio arriba mes.\", \"costo_persona\": 123965, \"imagen\": \"plan_20.jpg\", \"id_ciudad\": 8, \"id_informe\": null}','{\"id\": 314, \"nombre\": \"Stand-alone 24hour policy\", \"descripcion\": \"Estamos conocimiento cuerpo comunidad serán padres pues todos. No mi padre nos tras.\\nViene queda empresa ninguna meses mil productos. Sueño llamado amigo tras cambio.\", \"descripcion_corta\": \"Sí cine país servicio arriba mes.\", \"costo_persona\": 123965, \"imagen\": \"plan_20.jpg\", \"id_ciudad\": 8, \"id_informe\": null}'),(507,'UPDATE','2025-11-06 22:05:37',NULL,'{\"id\": 313, \"nombre\": \"Progressive mission-critical t\", \"descripcion\": \"Plan valor b. Rosa aquellas haber.\\nMundial había semanas superior hace. Finalmente máximo llegó especie profesional resto. Las empresas juez educación.\", \"descripcion_corta\": \"Se causa francisco zona le.\", \"costo_persona\": 495412, \"imagen\": \"plan_8.jpg\", \"id_ciudad\": 4, \"id_informe\": null}','{\"id\": 313, \"nombre\": \"Progressive mission-critical t\", \"descripcion\": \"Plan valor b. Rosa aquellas haber.\\nMundial había semanas superior hace. Finalmente máximo llegó especie profesional resto. Las empresas juez educación.\", \"descripcion_corta\": \"Se causa francisco zona le.\", \"costo_persona\": 495412, \"imagen\": \"plan_8.jpg\", \"id_ciudad\": 4, \"id_informe\": null}'),(508,'UPDATE','2025-11-06 22:05:38',NULL,'{\"id\": 312, \"nombre\": \"Reverse-engineered multi-taski\", \"descripcion\": \"Cada violencia nos volver diversos. Particular enfermedad hacen. Instituto ve posibilidades nosotros dos pesar.\", \"descripcion_corta\": \"Aquel social habrá le etc muchos.\", \"costo_persona\": 455887, \"imagen\": \"12d1664533854a908cf378d1db8a236f.jpg\", \"id_ciudad\": 2, \"id_informe\": null}','{\"id\": 312, \"nombre\": \"Reverse-engineered multi-taski\", \"descripcion\": \"Cada violencia nos volver diversos. Particular enfermedad hacen. Instituto ve posibilidades nosotros dos pesar.\", \"descripcion_corta\": \"Aquel social habrá le etc muchos.\", \"costo_persona\": 455887, \"imagen\": \"12d1664533854a908cf378d1db8a236f.jpg\", \"id_ciudad\": 2, \"id_informe\": null}'),(509,'UPDATE','2025-11-06 22:05:39',NULL,'{\"id\": 311, \"nombre\": \"Fully-configurable logistical \", \"descripcion\": \"Tierra suelo apoyo persona futuro deja gran. Jorge lenguaje pero ellas año casa vida objeto.\\nComunicación programas p puesto siete. Dicho superior josé sido cualquier crisis.\", \"descripcion_corta\": \"Voz primera carrera condiciones.\", \"costo_persona\": 281517, \"imagen\": \"plan_5.jpg\", \"id_ciudad\": 3, \"id_informe\": null}','{\"id\": 311, \"nombre\": \"Fully-configurable logistical \", \"descripcion\": \"Tierra suelo apoyo persona futuro deja gran. Jorge lenguaje pero ellas año casa vida objeto.\\nComunicación programas p puesto siete. Dicho superior josé sido cualquier crisis.\", \"descripcion_corta\": \"Voz primera carrera condiciones.\", \"costo_persona\": 281517, \"imagen\": \"plan_5.jpg\", \"id_ciudad\": 3, \"id_informe\": null}'),(510,'UPDATE','2025-11-06 22:05:40',NULL,'{\"id\": 310, \"nombre\": \"Phased context-sensitive Local\", \"descripcion\": \"Tres fútbol sala victoria fueron mucho. Nadie buena medidas debía esos. Todas nuevas mantener francia relación dejar conocer.\", \"descripcion_corta\": \"Donde tiene sido volvió lucha puesto.\", \"costo_persona\": 396271, \"imagen\": \"088056bc84cc46449023b8c394537c5e.png\", \"id_ciudad\": 2, \"id_informe\": null}','{\"id\": 310, \"nombre\": \"Phased context-sensitive Local\", \"descripcion\": \"Tres fútbol sala victoria fueron mucho. Nadie buena medidas debía esos. Todas nuevas mantener francia relación dejar conocer.\", \"descripcion_corta\": \"Donde tiene sido volvió lucha puesto.\", \"costo_persona\": 396271, \"imagen\": \"088056bc84cc46449023b8c394537c5e.png\", \"id_ciudad\": 2, \"id_informe\": null}'),(511,'UPDATE','2025-11-06 22:05:41',NULL,'{\"id\": 309, \"nombre\": \"Exclusive systemic open archit\", \"descripcion\": \"Español varias igual yo juan según quizá. Dejar zona difícil. Concepto poco san. Camino volver valores interior aun tanto.\", \"descripcion_corta\": \"Cinco mismo vuelta años años diario.\", \"costo_persona\": 117085, \"imagen\": \"plan_1.jpg\", \"id_ciudad\": 8, \"id_informe\": null}','{\"id\": 309, \"nombre\": \"Exclusive systemic open archit\", \"descripcion\": \"Español varias igual yo juan según quizá. Dejar zona difícil. Concepto poco san. Camino volver valores interior aun tanto.\", \"descripcion_corta\": \"Cinco mismo vuelta años años diario.\", \"costo_persona\": 117085, \"imagen\": \"plan_1.jpg\", \"id_ciudad\": 8, \"id_informe\": null}'),(512,'UPDATE','2025-11-06 22:05:41',NULL,'{\"id\": 308, \"nombre\": \"Multi-lateral neutral orchestr\", \"descripcion\": \"Muy derecha octubre garcía calidad. Podía gente consejo natural posible participación. Ahora banco tendrá dice único.\\nSemana sigue tarde ojos maría hacia actividades.\", \"descripcion_corta\": \"Año cabeza ante falta izquierda mejores.\", \"costo_persona\": 297572, \"imagen\": \"12d1664533854a908cf378d1db8a236f.jpg\", \"id_ciudad\": 2, \"id_informe\": null}','{\"id\": 308, \"nombre\": \"Multi-lateral neutral orchestr\", \"descripcion\": \"Muy derecha octubre garcía calidad. Podía gente consejo natural posible participación. Ahora banco tendrá dice único.\\nSemana sigue tarde ojos maría hacia actividades.\", \"descripcion_corta\": \"Año cabeza ante falta izquierda mejores.\", \"costo_persona\": 297572, \"imagen\": \"12d1664533854a908cf378d1db8a236f.jpg\", \"id_ciudad\": 2, \"id_informe\": null}'),(513,'UPDATE','2025-11-06 22:05:42',NULL,'{\"id\": 307, \"nombre\": \"Progressive user-facing encodi\", \"descripcion\": \"Capital por orden paso general. Española calle sangre dado carta ciencia. Arte plan siguiente productos verdad arriba parte. Antonio noviembre región ello tiempos muerto decía.\", \"descripcion_corta\": \"U toma consumo datos cuestión encuentro futuro.\", \"costo_persona\": 435692, \"imagen\": \"plan_12.jpg\", \"id_ciudad\": 1, \"id_informe\": null}','{\"id\": 307, \"nombre\": \"Progressive user-facing encodi\", \"descripcion\": \"Capital por orden paso general. Española calle sangre dado carta ciencia. Arte plan siguiente productos verdad arriba parte. Antonio noviembre región ello tiempos muerto decía.\", \"descripcion_corta\": \"U toma consumo datos cuestión encuentro futuro.\", \"costo_persona\": 435692, \"imagen\": \"plan_12.jpg\", \"id_ciudad\": 1, \"id_informe\": null}'),(514,'UPDATE','2025-11-06 22:05:44',NULL,'{\"id\": 306, \"nombre\": \"Adaptive asynchronous core\", \"descripcion\": \"Siguiente reforma teoría mano seguro. Sin ningún hacer.\\nExistencia sueño puntos. Amigos siguientes afirmó ciudad c unas esfuerzo.\", \"descripcion_corta\": \"Sobre podría historia estados varias especial.\", \"costo_persona\": 124110, \"imagen\": \"16b8dbf712ae4649a79b6273f6d80fc4.png\", \"id_ciudad\": 7, \"id_informe\": null}','{\"id\": 306, \"nombre\": \"Adaptive asynchronous core\", \"descripcion\": \"Siguiente reforma teoría mano seguro. Sin ningún hacer.\\nExistencia sueño puntos. Amigos siguientes afirmó ciudad c unas esfuerzo.\", \"descripcion_corta\": \"Sobre podría historia estados varias especial.\", \"costo_persona\": 124110, \"imagen\": \"16b8dbf712ae4649a79b6273f6d80fc4.png\", \"id_ciudad\": 7, \"id_informe\": null}'),(515,'UPDATE','2025-11-06 22:05:45',NULL,'{\"id\": 305, \"nombre\": \"Customizable regional implemen\", \"descripcion\": \"Siempre casa españoles sea llamado acción importantes. Tiempo violencia pudo primeras saber campaña.\", \"descripcion_corta\": \"Sí finalmente manos cuanto alguna.\", \"costo_persona\": 276848, \"imagen\": \"2f8adce976d34e578f00d7d85adb0cb2.png\", \"id_ciudad\": 6, \"id_informe\": null}','{\"id\": 305, \"nombre\": \"Customizable regional implemen\", \"descripcion\": \"Siempre casa españoles sea llamado acción importantes. Tiempo violencia pudo primeras saber campaña.\", \"descripcion_corta\": \"Sí finalmente manos cuanto alguna.\", \"costo_persona\": 276848, \"imagen\": \"2f8adce976d34e578f00d7d85adb0cb2.png\", \"id_ciudad\": 6, \"id_informe\": null}'),(516,'UPDATE','2025-11-06 22:05:46',NULL,'{\"id\": 304, \"nombre\": \"Pre-emptive static intranet\", \"descripcion\": \"Acuerdo siquiera función. Suelo aun fin aquí pueblo fecha.\\nPermite riesgo vez produce octubre niños. Entrada jamás otros mar baja luis.\", \"descripcion_corta\": \"Antonio marco aparece.\", \"costo_persona\": 418371, \"imagen\": \"70f62a1bda25417ca8537dcc2904d22f.jpg\", \"id_ciudad\": 6, \"id_informe\": null}','{\"id\": 304, \"nombre\": \"Pre-emptive static intranet\", \"descripcion\": \"Acuerdo siquiera función. Suelo aun fin aquí pueblo fecha.\\nPermite riesgo vez produce octubre niños. Entrada jamás otros mar baja luis.\", \"descripcion_corta\": \"Antonio marco aparece.\", \"costo_persona\": 418371, \"imagen\": \"70f62a1bda25417ca8537dcc2904d22f.jpg\", \"id_ciudad\": 6, \"id_informe\": null}'),(517,'UPDATE','2025-11-06 22:05:46',NULL,'{\"id\": 303, \"nombre\": \"Diverse coherent hierarchy\", \"descripcion\": \"Próximo ya crecimiento rodríguez niño sabía precio. Peso todas paz fácil.\", \"descripcion_corta\": \"Existe central película cama.\", \"costo_persona\": 165093, \"imagen\": \"plan_8.jpg\", \"id_ciudad\": 5, \"id_informe\": null}','{\"id\": 303, \"nombre\": \"Diverse coherent hierarchy\", \"descripcion\": \"Próximo ya crecimiento rodríguez niño sabía precio. Peso todas paz fácil.\", \"descripcion_corta\": \"Existe central película cama.\", \"costo_persona\": 165093, \"imagen\": \"plan_8.jpg\", \"id_ciudad\": 5, \"id_informe\": null}'),(518,'UPDATE','2025-11-06 22:05:47',NULL,'{\"id\": 302, \"nombre\": \"Horizontal didactic emulation\", \"descripcion\": \"Mesa dentro mejores tales exterior. Espacio flores padre sectores plazo nuevos da.\", \"descripcion_corta\": \"Precios algún pregunta pedro asociación.\", \"costo_persona\": 203228, \"imagen\": \"plan_1.jpg\", \"id_ciudad\": 5, \"id_informe\": null}','{\"id\": 302, \"nombre\": \"Horizontal didactic emulation\", \"descripcion\": \"Mesa dentro mejores tales exterior. Espacio flores padre sectores plazo nuevos da.\", \"descripcion_corta\": \"Precios algún pregunta pedro asociación.\", \"costo_persona\": 203228, \"imagen\": \"plan_1.jpg\", \"id_ciudad\": 5, \"id_informe\": null}'),(519,'UPDATE','2025-11-06 22:05:48',NULL,'{\"id\": 301, \"nombre\": \"Synergistic neutral time-frame\", \"descripcion\": \"Países jóvenes puerta no antonio buenos largo esas. Segunda ejército oposición nuevas cuerpo. Hija garcía empresa servicio.\\nDiferencia miembros mí. Especial paz país juez.\", \"descripcion_corta\": \"Animales relación zona.\", \"costo_persona\": 405290, \"imagen\": \"plan_8.jpg\", \"id_ciudad\": 1, \"id_informe\": null}','{\"id\": 301, \"nombre\": \"Synergistic neutral time-frame\", \"descripcion\": \"Países jóvenes puerta no antonio buenos largo esas. Segunda ejército oposición nuevas cuerpo. Hija garcía empresa servicio.\\nDiferencia miembros mí. Especial paz país juez.\", \"descripcion_corta\": \"Animales relación zona.\", \"costo_persona\": 405290, \"imagen\": \"plan_8.jpg\", \"id_ciudad\": 1, \"id_informe\": null}'),(520,'UPDATE','2025-11-06 22:05:49',NULL,'{\"id\": 300, \"nombre\": \"Exclusive mobile matrices\", \"descripcion\": \"Duda dan ministro antonio hay pues autor. Memoria capital alguien encuentro. Políticos ir nombre desde desde relaciones siglo. Mesa actitud ellas miedo padre siguiente.\", \"descripcion_corta\": \"Aquella del bien mal.\", \"costo_persona\": 159312, \"imagen\": \"70f62a1bda25417ca8537dcc2904d22f.jpg\", \"id_ciudad\": 3, \"id_informe\": null}','{\"id\": 300, \"nombre\": \"Exclusive mobile matrices\", \"descripcion\": \"Duda dan ministro antonio hay pues autor. Memoria capital alguien encuentro. Políticos ir nombre desde desde relaciones siglo. Mesa actitud ellas miedo padre siguiente.\", \"descripcion_corta\": \"Aquella del bien mal.\", \"costo_persona\": 159312, \"imagen\": \"70f62a1bda25417ca8537dcc2904d22f.jpg\", \"id_ciudad\": 3, \"id_informe\": null}'),(521,'UPDATE','2025-11-06 22:05:50',NULL,'{\"id\": 299, \"nombre\": \"Seamless system-worthy open sy\", \"descripcion\": \"Ir casi común llega. Porque adelante septiembre hechos jefe le vía aumento.\\nAdministración energía favor. Desde servicio puerto trabajadores falta aunque era.\", \"descripcion_corta\": \"Siglo barcelona enero.\", \"costo_persona\": 152321, \"imagen\": \"dcf436b3fb7d45e482b4ac52d9a5a737.png\", \"id_ciudad\": 8, \"id_informe\": null}','{\"id\": 299, \"nombre\": \"Seamless system-worthy open sy\", \"descripcion\": \"Ir casi común llega. Porque adelante septiembre hechos jefe le vía aumento.\\nAdministración energía favor. Desde servicio puerto trabajadores falta aunque era.\", \"descripcion_corta\": \"Siglo barcelona enero.\", \"costo_persona\": 152321, \"imagen\": \"dcf436b3fb7d45e482b4ac52d9a5a737.png\", \"id_ciudad\": 8, \"id_informe\": null}'),(522,'UPDATE','2025-11-06 22:05:51',NULL,'{\"id\": 298, \"nombre\": \"Pre-emptive methodical initiat\", \"descripcion\": \"Corte sigue sola día todavía nada. Allá yo reunión líder toda efectos cuerpo. Algo pasado única libros ayuda texto poco etc.\", \"descripcion_corta\": \"Hombres precios importante nuevas.\", \"costo_persona\": 373810, \"imagen\": \"66bd8b1ebeda405093aba72dc0501b74.jpg\", \"id_ciudad\": 5, \"id_informe\": null}','{\"id\": 298, \"nombre\": \"Pre-emptive methodical initiat\", \"descripcion\": \"Corte sigue sola día todavía nada. Allá yo reunión líder toda efectos cuerpo. Algo pasado única libros ayuda texto poco etc.\", \"descripcion_corta\": \"Hombres precios importante nuevas.\", \"costo_persona\": 373810, \"imagen\": \"66bd8b1ebeda405093aba72dc0501b74.jpg\", \"id_ciudad\": 5, \"id_informe\": null}'),(523,'UPDATE','2025-11-06 22:06:02',NULL,'{\"id\": 297, \"nombre\": \"Expanded user-facing policy\", \"descripcion\": \"Por causa camino palabras natural tenemos. Hospital práctica tanto visita dejó pensar.\", \"descripcion_corta\": \"Cara primera fuera dos rodríguez expresión creo.\", \"costo_persona\": 175904, \"imagen\": \"plan_14.jpg\", \"id_ciudad\": 1, \"id_informe\": null}','{\"id\": 297, \"nombre\": \"Expanded user-facing policy\", \"descripcion\": \"Por causa camino palabras natural tenemos. Hospital práctica tanto visita dejó pensar.\", \"descripcion_corta\": \"Cara primera fuera dos rodríguez expresión creo.\", \"costo_persona\": 175904, \"imagen\": \"plan_14.jpg\", \"id_ciudad\": 1, \"id_informe\": null}'),(524,'UPDATE','2025-11-06 22:06:04',NULL,'{\"id\": 296, \"nombre\": \"Fundamental eco-centric approa\", \"descripcion\": \"Menor después relación hacía. Padre parece etc ninguna único aun sector. Buena zona formación bastante estuvo militares informe s.\", \"descripcion_corta\": \"Diciembre sino fuego superior diez república.\", \"costo_persona\": 134986, \"imagen\": \"plan_18.jpg\", \"id_ciudad\": 8, \"id_informe\": null}','{\"id\": 296, \"nombre\": \"Fundamental eco-centric approa\", \"descripcion\": \"Menor después relación hacía. Padre parece etc ninguna único aun sector. Buena zona formación bastante estuvo militares informe s.\", \"descripcion_corta\": \"Diciembre sino fuego superior diez república.\", \"costo_persona\": 134986, \"imagen\": \"plan_18.jpg\", \"id_ciudad\": 8, \"id_informe\": null}'),(525,'UPDATE','2025-11-06 22:06:06',NULL,'{\"id\": 295, \"nombre\": \"Mandatory exuding middleware\", \"descripcion\": \"Ocho servicios público cierta oficial realidad quienes. Diario cultural podía natural libertad trabajar.\", \"descripcion_corta\": \"Demás s ellas supuesto uno práctica.\", \"costo_persona\": 192136, \"imagen\": \"plan_11.jpg\", \"id_ciudad\": 4, \"id_informe\": null}','{\"id\": 295, \"nombre\": \"Mandatory exuding middleware\", \"descripcion\": \"Ocho servicios público cierta oficial realidad quienes. Diario cultural podía natural libertad trabajar.\", \"descripcion_corta\": \"Demás s ellas supuesto uno práctica.\", \"costo_persona\": 192136, \"imagen\": \"plan_11.jpg\", \"id_ciudad\": 4, \"id_informe\": null}'),(526,'UPDATE','2025-11-06 22:06:15',NULL,'{\"id\": 294, \"nombre\": \"Profound tangible attitude\", \"descripcion\": \"Relaciones todavía análisis opinión vuelta niños sabe. Torno aunque particular u arriba administración con dejó. Cine arte señor.\", \"descripcion_corta\": \"Hacía fuerzas media ocasiones dio fuera.\", \"costo_persona\": 439597, \"imagen\": \"plan_13.jpg\", \"id_ciudad\": 4, \"id_informe\": null}','{\"id\": 294, \"nombre\": \"Profound tangible attitude\", \"descripcion\": \"Relaciones todavía análisis opinión vuelta niños sabe. Torno aunque particular u arriba administración con dejó. Cine arte señor.\", \"descripcion_corta\": \"Hacía fuerzas media ocasiones dio fuera.\", \"costo_persona\": 439597, \"imagen\": \"plan_13.jpg\", \"id_ciudad\": 4, \"id_informe\": null}'),(527,'UPDATE','2025-11-06 22:06:21',NULL,'{\"id\": 293, \"nombre\": \"Right-sized leadingedge firmwa\", \"descripcion\": \"México estados difícil régimen quienes ministerio. Contenido análisis lado doctor donde sin niño.\", \"descripcion_corta\": \"Recuerdo económico cuando.\", \"costo_persona\": 409943, \"imagen\": \"457b58b01b32414dbe9871cc38e5c182.png\", \"id_ciudad\": 3, \"id_informe\": null}','{\"id\": 293, \"nombre\": \"Right-sized leadingedge firmwa\", \"descripcion\": \"México estados difícil régimen quienes ministerio. Contenido análisis lado doctor donde sin niño.\", \"descripcion_corta\": \"Recuerdo económico cuando.\", \"costo_persona\": 409943, \"imagen\": \"457b58b01b32414dbe9871cc38e5c182.png\", \"id_ciudad\": 3, \"id_informe\": null}'),(528,'UPDATE','2025-11-06 22:06:22',NULL,'{\"id\": 292, \"nombre\": \"Distributed reciprocal hardwar\", \"descripcion\": \"Aumento ni grupos llegar. Visita amor sobre bien nuestra.\", \"descripcion_corta\": \"Secretario forma s personal.\", \"costo_persona\": 446814, \"imagen\": \"plan_3.jpg\", \"id_ciudad\": 1, \"id_informe\": null}','{\"id\": 292, \"nombre\": \"Distributed reciprocal hardwar\", \"descripcion\": \"Aumento ni grupos llegar. Visita amor sobre bien nuestra.\", \"descripcion_corta\": \"Secretario forma s personal.\", \"costo_persona\": 446814, \"imagen\": \"plan_3.jpg\", \"id_ciudad\": 1, \"id_informe\": null}'),(529,'UPDATE','2025-11-06 22:06:22',NULL,'{\"id\": 291, \"nombre\": \"Vision-oriented eco-centric mi\", \"descripcion\": \"Ver algo fecha. También nuestras corazón nuestras las ellas casi.\\nUnidos unidos él marzo doctor construcción. Cuyo ayuda europea primeros.\", \"descripcion_corta\": \"Tierra nivel dicen solo.\", \"costo_persona\": 275266, \"imagen\": \"plan_8.jpg\", \"id_ciudad\": 3, \"id_informe\": null}','{\"id\": 291, \"nombre\": \"Vision-oriented eco-centric mi\", \"descripcion\": \"Ver algo fecha. También nuestras corazón nuestras las ellas casi.\\nUnidos unidos él marzo doctor construcción. Cuyo ayuda europea primeros.\", \"descripcion_corta\": \"Tierra nivel dicen solo.\", \"costo_persona\": 275266, \"imagen\": \"plan_8.jpg\", \"id_ciudad\": 3, \"id_informe\": null}'),(530,'UPDATE','2025-11-06 22:06:24',NULL,'{\"id\": 290, \"nombre\": \"Networked clear-thinking emula\", \"descripcion\": \"Pregunta artículo asociación suficiente. Cosas ve cuenta políticas cada difícil.\\nMirada entre mujeres actual cama edad. Español material esa instituciones consumo objetivo.\", \"descripcion_corta\": \"Términos madrid instituto he revolución.\", \"costo_persona\": 242211, \"imagen\": \"plan_19.jpg\", \"id_ciudad\": 6, \"id_informe\": null}','{\"id\": 290, \"nombre\": \"Networked clear-thinking emula\", \"descripcion\": \"Pregunta artículo asociación suficiente. Cosas ve cuenta políticas cada difícil.\\nMirada entre mujeres actual cama edad. Español material esa instituciones consumo objetivo.\", \"descripcion_corta\": \"Términos madrid instituto he revolución.\", \"costo_persona\": 242211, \"imagen\": \"plan_19.jpg\", \"id_ciudad\": 6, \"id_informe\": null}'),(531,'UPDATE','2025-11-06 22:06:25',NULL,'{\"id\": 289, \"nombre\": \"Open-architected holistic fram\", \"descripcion\": \"Tres propios campo mucha pues jamás ambiente debe. Bien n puesto peso bueno mujeres hechos crisis. Perdido josé e. Punto realidad social dice mar.\", \"descripcion_corta\": \"Durante manera teoría comercio persona cultura.\", \"costo_persona\": 132049, \"imagen\": \"plan_4.jpg\", \"id_ciudad\": 4, \"id_informe\": null}','{\"id\": 289, \"nombre\": \"Open-architected holistic fram\", \"descripcion\": \"Tres propios campo mucha pues jamás ambiente debe. Bien n puesto peso bueno mujeres hechos crisis. Perdido josé e. Punto realidad social dice mar.\", \"descripcion_corta\": \"Durante manera teoría comercio persona cultura.\", \"costo_persona\": 132049, \"imagen\": \"plan_4.jpg\", \"id_ciudad\": 4, \"id_informe\": null}'),(532,'UPDATE','2025-11-06 22:06:26',NULL,'{\"id\": 288, \"nombre\": \"Advanced encompassing infrastr\", \"descripcion\": \"Memoria casa niño todos.\\nAquellas decir sus septiembre algunos ii comisión. Pese r modo.\", \"descripcion_corta\": \"Ejército enero peor.\", \"costo_persona\": 306002, \"imagen\": \"70f62a1bda25417ca8537dcc2904d22f.jpg\", \"id_ciudad\": 7, \"id_informe\": null}','{\"id\": 288, \"nombre\": \"Advanced encompassing infrastr\", \"descripcion\": \"Memoria casa niño todos.\\nAquellas decir sus septiembre algunos ii comisión. Pese r modo.\", \"descripcion_corta\": \"Ejército enero peor.\", \"costo_persona\": 306002, \"imagen\": \"70f62a1bda25417ca8537dcc2904d22f.jpg\", \"id_ciudad\": 7, \"id_informe\": null}'),(533,'UPDATE','2025-11-06 22:06:26',NULL,'{\"id\": 287, \"nombre\": \"Front-line foreground website\", \"descripcion\": \"Tampoco está diversos artículo. Me mayo precisamente industria rey. Martín barcelona encima ocasiones mitad especialmente bien.\\nCarne se objetivo imágenes p.\", \"descripcion_corta\": \"Pedro no viaje tribunal habría casos.\", \"costo_persona\": 100831, \"imagen\": \"dcf436b3fb7d45e482b4ac52d9a5a737.png\", \"id_ciudad\": 6, \"id_informe\": null}','{\"id\": 287, \"nombre\": \"Front-line foreground website\", \"descripcion\": \"Tampoco está diversos artículo. Me mayo precisamente industria rey. Martín barcelona encima ocasiones mitad especialmente bien.\\nCarne se objetivo imágenes p.\", \"descripcion_corta\": \"Pedro no viaje tribunal habría casos.\", \"costo_persona\": 100831, \"imagen\": \"dcf436b3fb7d45e482b4ac52d9a5a737.png\", \"id_ciudad\": 6, \"id_informe\": null}'),(534,'UPDATE','2025-11-06 22:06:27',NULL,'{\"id\": 286, \"nombre\": \"Upgradable dynamic hardware\", \"descripcion\": \"Cuenta aquí fútbol santiago tribunal otra ninguna.\\nÁrea momentos supuesto siendo. Entrada días eso uso g encuentra encuentra don.\", \"descripcion_corta\": \"Embargo existe méxico llegó.\", \"costo_persona\": 328468, \"imagen\": \"088056bc84cc46449023b8c394537c5e.png\", \"id_ciudad\": 6, \"id_informe\": null}','{\"id\": 286, \"nombre\": \"Upgradable dynamic hardware\", \"descripcion\": \"Cuenta aquí fútbol santiago tribunal otra ninguna.\\nÁrea momentos supuesto siendo. Entrada días eso uso g encuentra encuentra don.\", \"descripcion_corta\": \"Embargo existe méxico llegó.\", \"costo_persona\": 328468, \"imagen\": \"088056bc84cc46449023b8c394537c5e.png\", \"id_ciudad\": 6, \"id_informe\": null}'),(535,'UPDATE','2025-11-06 22:06:28',NULL,'{\"id\": 285, \"nombre\": \"Automated mobile Internet solu\", \"descripcion\": \"Hijos campo contrario superior ejemplo solamente.\", \"descripcion_corta\": \"Poner victoria principios buenos.\", \"costo_persona\": 247228, \"imagen\": \"12d1664533854a908cf378d1db8a236f.jpg\", \"id_ciudad\": 4, \"id_informe\": null}','{\"id\": 285, \"nombre\": \"Automated mobile Internet solu\", \"descripcion\": \"Hijos campo contrario superior ejemplo solamente.\", \"descripcion_corta\": \"Poner victoria principios buenos.\", \"costo_persona\": 247228, \"imagen\": \"12d1664533854a908cf378d1db8a236f.jpg\", \"id_ciudad\": 4, \"id_informe\": null}'),(536,'UPDATE','2025-11-06 22:06:29',NULL,'{\"id\": 284, \"nombre\": \"Seamless 24hour solution\", \"descripcion\": \"Acerca precio figura ocho vez.\\nIncluso mismos negro minutos cosa programa aunque falta.\", \"descripcion_corta\": \"Curso conocimiento tras cuanto pasa cierta.\", \"costo_persona\": 220605, \"imagen\": \"plan_13.jpg\", \"id_ciudad\": 2, \"id_informe\": null}','{\"id\": 284, \"nombre\": \"Seamless 24hour solution\", \"descripcion\": \"Acerca precio figura ocho vez.\\nIncluso mismos negro minutos cosa programa aunque falta.\", \"descripcion_corta\": \"Curso conocimiento tras cuanto pasa cierta.\", \"costo_persona\": 220605, \"imagen\": \"plan_13.jpg\", \"id_ciudad\": 2, \"id_informe\": null}'),(537,'UPDATE','2025-11-06 22:06:30',NULL,'{\"id\": 283, \"nombre\": \"Customizable heuristic matrix\", \"descripcion\": \"Semana propuesta aspecto cuanto. Cuenta martín hijos. Importante mayo esa puesto otras vino.\", \"descripcion_corta\": \"Centros tiempos comenzó crecimiento especie razones.\", \"costo_persona\": 173020, \"imagen\": \"2f8adce976d34e578f00d7d85adb0cb2.png\", \"id_ciudad\": 8, \"id_informe\": null}','{\"id\": 283, \"nombre\": \"Customizable heuristic matrix\", \"descripcion\": \"Semana propuesta aspecto cuanto. Cuenta martín hijos. Importante mayo esa puesto otras vino.\", \"descripcion_corta\": \"Centros tiempos comenzó crecimiento especie razones.\", \"costo_persona\": 173020, \"imagen\": \"2f8adce976d34e578f00d7d85adb0cb2.png\", \"id_ciudad\": 8, \"id_informe\": null}'),(538,'UPDATE','2025-11-06 22:06:31',NULL,'{\"id\": 282, \"nombre\": \"Re-contextualized systemic dat\", \"descripcion\": \"Esos cuando miguel. Esas voluntad político grandes tema. Difícil modelo segunda quiere además otro.\", \"descripcion_corta\": \"Después autoridades supuesto.\", \"costo_persona\": 331801, \"imagen\": \"plan_13.jpg\", \"id_ciudad\": 5, \"id_informe\": null}','{\"id\": 282, \"nombre\": \"Re-contextualized systemic dat\", \"descripcion\": \"Esos cuando miguel. Esas voluntad político grandes tema. Difícil modelo segunda quiere además otro.\", \"descripcion_corta\": \"Después autoridades supuesto.\", \"costo_persona\": 331801, \"imagen\": \"plan_13.jpg\", \"id_ciudad\": 5, \"id_informe\": null}'),(539,'UPDATE','2025-11-06 22:06:31',NULL,'{\"id\": 281, \"nombre\": \"Configurable systematic frame\", \"descripcion\": \"Apenas pese plan televisión. Le mil unos pública imagen deja zona.\", \"descripcion_corta\": \"Estaban del las.\", \"costo_persona\": 443714, \"imagen\": \"plan_17.jpg\", \"id_ciudad\": 4, \"id_informe\": null}','{\"id\": 281, \"nombre\": \"Configurable systematic frame\", \"descripcion\": \"Apenas pese plan televisión. Le mil unos pública imagen deja zona.\", \"descripcion_corta\": \"Estaban del las.\", \"costo_persona\": 443714, \"imagen\": \"plan_17.jpg\", \"id_ciudad\": 4, \"id_informe\": null}'),(540,'UPDATE','2025-11-06 22:06:32',NULL,'{\"id\": 280, \"nombre\": \"Organized foreground intranet\", \"descripcion\": \"Diferentes información cual desde comunidad casi habría. Encontrar llamado sala región pequeño serán quien modo. Cuarto entre quizá existen vio he.\", \"descripcion_corta\": \"Ayuda sistemas niño necesario p hecho.\", \"costo_persona\": 287831, \"imagen\": \"plan_3.jpg\", \"id_ciudad\": 5, \"id_informe\": null}','{\"id\": 280, \"nombre\": \"Organized foreground intranet\", \"descripcion\": \"Diferentes información cual desde comunidad casi habría. Encontrar llamado sala región pequeño serán quien modo. Cuarto entre quizá existen vio he.\", \"descripcion_corta\": \"Ayuda sistemas niño necesario p hecho.\", \"costo_persona\": 287831, \"imagen\": \"plan_3.jpg\", \"id_ciudad\": 5, \"id_informe\": null}'),(541,'UPDATE','2025-11-06 22:06:34',NULL,'{\"id\": 279, \"nombre\": \"Reverse-engineered analyzing i\", \"descripcion\": \"Bueno muestra esta s resultado televisión parece. Información después sistemas padres.\", \"descripcion_corta\": \"Carta ésta razón les victoria.\", \"costo_persona\": 371908, \"imagen\": \"9bfd30a35ffc44ecadd9c8ce82a30b67.png\", \"id_ciudad\": 7, \"id_informe\": null}','{\"id\": 279, \"nombre\": \"Reverse-engineered analyzing i\", \"descripcion\": \"Bueno muestra esta s resultado televisión parece. Información después sistemas padres.\", \"descripcion_corta\": \"Carta ésta razón les victoria.\", \"costo_persona\": 371908, \"imagen\": \"9bfd30a35ffc44ecadd9c8ce82a30b67.png\", \"id_ciudad\": 7, \"id_informe\": null}'),(542,'UPDATE','2025-11-06 22:06:35',NULL,'{\"id\": 278, \"nombre\": \"Pre-emptive directional Intern\", \"descripcion\": \"Amigo color gracias estados. Conseguir medios obstante manuel flores movimiento como modelo.\", \"descripcion_corta\": \"Baja peso larga largo.\", \"costo_persona\": 179554, \"imagen\": \"plan_17.jpg\", \"id_ciudad\": 4, \"id_informe\": null}','{\"id\": 278, \"nombre\": \"Pre-emptive directional Intern\", \"descripcion\": \"Amigo color gracias estados. Conseguir medios obstante manuel flores movimiento como modelo.\", \"descripcion_corta\": \"Baja peso larga largo.\", \"costo_persona\": 179554, \"imagen\": \"plan_17.jpg\", \"id_ciudad\": 4, \"id_informe\": null}'),(543,'UPDATE','2025-11-06 22:06:35',NULL,'{\"id\": 277, \"nombre\": \"Extended eco-centric model\", \"descripcion\": \"Dios toda importante adelante. Comisión mi marcha del. Estilo arriba hizo zona desarrollo instituto total partido. Pedro santiago demasiado hizo pedro posibilidades.\", \"descripcion_corta\": \"Obras rosa encuentran.\", \"costo_persona\": 131120, \"imagen\": \"plan_19.jpg\", \"id_ciudad\": 8, \"id_informe\": null}','{\"id\": 277, \"nombre\": \"Extended eco-centric model\", \"descripcion\": \"Dios toda importante adelante. Comisión mi marcha del. Estilo arriba hizo zona desarrollo instituto total partido. Pedro santiago demasiado hizo pedro posibilidades.\", \"descripcion_corta\": \"Obras rosa encuentran.\", \"costo_persona\": 131120, \"imagen\": \"plan_19.jpg\", \"id_ciudad\": 8, \"id_informe\": null}'),(544,'UPDATE','2025-11-06 22:06:36',NULL,'{\"id\": 276, \"nombre\": \"Re-contextualized scalable kno\", \"descripcion\": \"Mi interior viejo dentro unidos tiene. Trabajadores cuestión toda cara.\", \"descripcion_corta\": \"Quienes distintos plazo mujer.\", \"costo_persona\": 442153, \"imagen\": \"plan_4.jpg\", \"id_ciudad\": 7, \"id_informe\": null}','{\"id\": 276, \"nombre\": \"Re-contextualized scalable kno\", \"descripcion\": \"Mi interior viejo dentro unidos tiene. Trabajadores cuestión toda cara.\", \"descripcion_corta\": \"Quienes distintos plazo mujer.\", \"costo_persona\": 442153, \"imagen\": \"plan_4.jpg\", \"id_ciudad\": 7, \"id_informe\": null}'),(545,'UPDATE','2025-11-06 22:06:37',NULL,'{\"id\": 275, \"nombre\": \"Virtual encompassing analyzer\", \"descripcion\": \"Salida lugar lado española razones palabras anterior. Bien comenzó especialmente cosa.\\nEmpresas posición sola río. Izquierda superior violencia hermano después atrás resultados.\", \"descripcion_corta\": \"Imagen mirada color ésta pesetas.\", \"costo_persona\": 398815, \"imagen\": \"plan_19.jpg\", \"id_ciudad\": 7, \"id_informe\": null}','{\"id\": 275, \"nombre\": \"Virtual encompassing analyzer\", \"descripcion\": \"Salida lugar lado española razones palabras anterior. Bien comenzó especialmente cosa.\\nEmpresas posición sola río. Izquierda superior violencia hermano después atrás resultados.\", \"descripcion_corta\": \"Imagen mirada color ésta pesetas.\", \"costo_persona\": 398815, \"imagen\": \"plan_19.jpg\", \"id_ciudad\": 7, \"id_informe\": null}'),(546,'UPDATE','2025-11-06 22:06:38',NULL,'{\"id\": 274, \"nombre\": \"Optimized radical website\", \"descripcion\": \"Sangre amor cuanto hacía haber mar contrario cosa. Semana dólares mi pasar. Señor bajo pero éxito banco seguir manos sociales.\", \"descripcion_corta\": \"Aquí ii educación memoria de.\", \"costo_persona\": 319547, \"imagen\": \"dcf436b3fb7d45e482b4ac52d9a5a737.png\", \"id_ciudad\": 7, \"id_informe\": null}','{\"id\": 274, \"nombre\": \"Optimized radical website\", \"descripcion\": \"Sangre amor cuanto hacía haber mar contrario cosa. Semana dólares mi pasar. Señor bajo pero éxito banco seguir manos sociales.\", \"descripcion_corta\": \"Aquí ii educación memoria de.\", \"costo_persona\": 319547, \"imagen\": \"dcf436b3fb7d45e482b4ac52d9a5a737.png\", \"id_ciudad\": 7, \"id_informe\": null}'),(547,'UPDATE','2025-11-06 22:06:52',NULL,'{\"id\": 273, \"nombre\": \"Monitored 5thgeneration knowle\", \"descripcion\": \"Ciudad estaba habla actitud vez grupos futuro. Están nivel alta materia. Industria tierra constitución otra tenido.\", \"descripcion_corta\": \"Riesgo cuestión única llevar.\", \"costo_persona\": 433362, \"imagen\": \"plan_12.jpg\", \"id_ciudad\": 2, \"id_informe\": null}','{\"id\": 273, \"nombre\": \"Monitored 5thgeneration knowle\", \"descripcion\": \"Ciudad estaba habla actitud vez grupos futuro. Están nivel alta materia. Industria tierra constitución otra tenido.\", \"descripcion_corta\": \"Riesgo cuestión única llevar.\", \"costo_persona\": 433362, \"imagen\": \"plan_12.jpg\", \"id_ciudad\": 2, \"id_informe\": null}'),(548,'UPDATE','2025-11-06 22:06:53',NULL,'{\"id\": 272, \"nombre\": \"Team-oriented tertiary functio\", \"descripcion\": \"Nuestras has número junto ejemplo boca. Si gobierno actividad libro unión trabajadores. Unión padres reforma corte mí obras. Llegado práctica te título electoral muy.\", \"descripcion_corta\": \"Puede ese volvió resultado.\", \"costo_persona\": 379963, \"imagen\": \"plan_20.jpg\", \"id_ciudad\": 2, \"id_informe\": null}','{\"id\": 272, \"nombre\": \"Team-oriented tertiary functio\", \"descripcion\": \"Nuestras has número junto ejemplo boca. Si gobierno actividad libro unión trabajadores. Unión padres reforma corte mí obras. Llegado práctica te título electoral muy.\", \"descripcion_corta\": \"Puede ese volvió resultado.\", \"costo_persona\": 379963, \"imagen\": \"plan_20.jpg\", \"id_ciudad\": 2, \"id_informe\": null}'),(549,'UPDATE','2025-11-06 22:06:54',NULL,'{\"id\": 271, \"nombre\": \"Re-engineered systemic hardwar\", \"descripcion\": \"Fuego doctor ni enero amigo son. Europa quienes único nuestros pueblo. Encuentro amigo sobre sé tratamiento tengo llegó.\", \"descripcion_corta\": \"Calidad mitad número información.\", \"costo_persona\": 172160, \"imagen\": \"plan_13.jpg\", \"id_ciudad\": 3, \"id_informe\": null}','{\"id\": 271, \"nombre\": \"Re-engineered systemic hardwar\", \"descripcion\": \"Fuego doctor ni enero amigo son. Europa quienes único nuestros pueblo. Encuentro amigo sobre sé tratamiento tengo llegó.\", \"descripcion_corta\": \"Calidad mitad número información.\", \"costo_persona\": 172160, \"imagen\": \"plan_13.jpg\", \"id_ciudad\": 3, \"id_informe\": null}'),(550,'UPDATE','2025-11-06 22:06:55',NULL,'{\"id\": 270, \"nombre\": \"Total bifurcated synergy\", \"descripcion\": \"Ejemplo campaña jorge éste música. Permite está vamos sentido dolor falta.\", \"descripcion_corta\": \"Ojos seis fue especial parís tarde europea.\", \"costo_persona\": 428729, \"imagen\": \"plan_10.jpg\", \"id_ciudad\": 3, \"id_informe\": null}','{\"id\": 270, \"nombre\": \"Total bifurcated synergy\", \"descripcion\": \"Ejemplo campaña jorge éste música. Permite está vamos sentido dolor falta.\", \"descripcion_corta\": \"Ojos seis fue especial parís tarde europea.\", \"costo_persona\": 428729, \"imagen\": \"plan_10.jpg\", \"id_ciudad\": 3, \"id_informe\": null}'),(551,'UPDATE','2025-11-06 22:06:57',NULL,'{\"id\": 268, \"nombre\": \"Switchable global architecture\", \"descripcion\": \"Cierta práctica esto hacerlo opinión. Francisco éxito realidad.\\nCampo hospital medio habían reunión. Mayor ni número imágenes durante padres.\", \"descripcion_corta\": \"Popular uso teoría la.\", \"costo_persona\": 389051, \"imagen\": \"66bd8b1ebeda405093aba72dc0501b74.jpg\", \"id_ciudad\": 3, \"id_informe\": null}','{\"id\": 268, \"nombre\": \"Switchable global architecture\", \"descripcion\": \"Cierta práctica esto hacerlo opinión. Francisco éxito realidad.\\nCampo hospital medio habían reunión. Mayor ni número imágenes durante padres.\", \"descripcion_corta\": \"Popular uso teoría la.\", \"costo_persona\": 389051, \"imagen\": \"66bd8b1ebeda405093aba72dc0501b74.jpg\", \"id_ciudad\": 3, \"id_informe\": null}'),(552,'UPDATE','2025-11-06 22:06:59',NULL,'{\"id\": 269, \"nombre\": \"Mandatory asynchronous project\", \"descripcion\": \"América fin principios creación materia sabía. Encuentro sé allá españa económico tan natural.\", \"descripcion_corta\": \"Jamás mismos medida situación.\", \"costo_persona\": 364185, \"imagen\": \"d19f74d395f04f6ab243adc614b88e32.png\", \"id_ciudad\": 4, \"id_informe\": null}','{\"id\": 269, \"nombre\": \"Mandatory asynchronous project\", \"descripcion\": \"América fin principios creación materia sabía. Encuentro sé allá españa económico tan natural.\", \"descripcion_corta\": \"Jamás mismos medida situación.\", \"costo_persona\": 364185, \"imagen\": \"d19f74d395f04f6ab243adc614b88e32.png\", \"id_ciudad\": 4, \"id_informe\": null}'),(553,'UPDATE','2025-11-06 22:07:04',NULL,'{\"id\": 269, \"nombre\": \"Mandatory asynchronous project\", \"descripcion\": \"América fin principios creación materia sabía. Encuentro sé allá españa económico tan natural.\", \"descripcion_corta\": \"Jamás mismos medida situación.\", \"costo_persona\": 364185, \"imagen\": \"d19f74d395f04f6ab243adc614b88e32.png\", \"id_ciudad\": 4, \"id_informe\": null}','{\"id\": 269, \"nombre\": \"Mandatory asynchronous project\", \"descripcion\": \"América fin principios creación materia sabía. Encuentro sé allá españa económico tan natural.\", \"descripcion_corta\": \"Jamás mismos medida situación.\", \"costo_persona\": 364185, \"imagen\": \"d19f74d395f04f6ab243adc614b88e32.png\", \"id_ciudad\": 4, \"id_informe\": null}'),(554,'UPDATE','2025-11-06 22:07:07',NULL,'{\"id\": 267, \"nombre\": \"Assimilated actuating moratori\", \"descripcion\": \"Del fuerza ver existencia. Buenos especialmente cuando afirmó políticos los base. Mira análisis i millones después elecciones éxito. Civil gonzález cuerpo diversos ello.\", \"descripcion_corta\": \"Plazo estaban largo.\", \"costo_persona\": 192028, \"imagen\": \"plan_14.jpg\", \"id_ciudad\": 4, \"id_informe\": null}','{\"id\": 267, \"nombre\": \"Assimilated actuating moratori\", \"descripcion\": \"Del fuerza ver existencia. Buenos especialmente cuando afirmó políticos los base. Mira análisis i millones después elecciones éxito. Civil gonzález cuerpo diversos ello.\", \"descripcion_corta\": \"Plazo estaban largo.\", \"costo_persona\": 192028, \"imagen\": \"plan_14.jpg\", \"id_ciudad\": 4, \"id_informe\": null}'),(555,'UPDATE','2025-11-06 22:07:27',NULL,'{\"id\": 266, \"nombre\": \"Universal empowering algorithm\", \"descripcion\": \"Siete socialista produce tribunal d vía. Nuevos asunto cada clase instituciones palabras necesidad cabo.\", \"descripcion_corta\": \"Usted lejos calle.\", \"costo_persona\": 128642, \"imagen\": \"plan_16.jpg\", \"id_ciudad\": 5, \"id_informe\": null}','{\"id\": 266, \"nombre\": \"Universal empowering algorithm\", \"descripcion\": \"Siete socialista produce tribunal d vía. Nuevos asunto cada clase instituciones palabras necesidad cabo.\", \"descripcion_corta\": \"Usted lejos calle.\", \"costo_persona\": 128642, \"imagen\": \"plan_16.jpg\", \"id_ciudad\": 5, \"id_informe\": null}'),(556,'DELETE','2025-11-06 22:07:55',NULL,'{\"id\": 265, \"nombre\": \"Focused local Graphical User I\", \"descripcion\": \"Material será por público habrá pronto. Ningún las grupos recuerdo internacional participación bajo. Rafael el dos fuerza puntos tienen diciembre situación.\", \"descripcion_corta\": \"Madre cuba origen jorge.\", \"costo_persona\": 422368, \"imagen\": \"cfee742fcb8e4bfaa718d3fd6732a99b.png\", \"id_ciudad\": 3, \"id_informe\": null}',NULL),(557,'DELETE','2025-11-06 22:07:55',NULL,'{\"id\": 264, \"nombre\": \"Multi-lateral impactful open a\", \"descripcion\": \"Noviembre gente alrededor por.\\nReforma suficiente sol mil revolución diferentes datos. Noviembre soy menos él bueno haber humana hacen. Ministro causa presidente.\", \"descripcion_corta\": \"Proyectos propio encuentro francisco vida mitad.\", \"costo_persona\": 470833, \"imagen\": \"plan_10.jpg\", \"id_ciudad\": 8, \"id_informe\": null}',NULL),(558,'DELETE','2025-11-06 22:07:55',NULL,'{\"id\": 263, \"nombre\": \"Balanced bi-directional modera\", \"descripcion\": \"Mesa demasiado casi televisión través porque otra. Vía mayo estado señaló. Hacen lucha centro cómo. Vivir supuesto esas josé asociación sector embargo través.\", \"descripcion_corta\": \"Real generales o administración quién.\", \"costo_persona\": 482296, \"imagen\": \"plan_2.jpg\", \"id_ciudad\": 7, \"id_informe\": null}',NULL),(559,'DELETE','2025-11-06 22:07:55',NULL,'{\"id\": 262, \"nombre\": \"Persistent heuristic data-ware\", \"descripcion\": \"Presenta resto mejores pequeña. Dolor diferentes mejor actividades incluso puesto permite. Llegar tres efectos trabajar fuera aunque.\", \"descripcion_corta\": \"Vamos mal mucho.\", \"costo_persona\": 481327, \"imagen\": \"e4e0b4c8f4e8490fbf9e8e94f8bd6c35.png\", \"id_ciudad\": 7, \"id_informe\": null}',NULL),(560,'DELETE','2025-11-06 22:07:55',NULL,'{\"id\": 261, \"nombre\": \"Virtual zero-defect applicatio\", \"descripcion\": \"M premio conjunto total estilo dijo. Ahí has central cultural argentina.\", \"descripcion_corta\": \"Mundo jóvenes congreso.\", \"costo_persona\": 213903, \"imagen\": \"plan_14.jpg\", \"id_ciudad\": 2, \"id_informe\": null}',NULL),(561,'DELETE','2025-11-06 22:07:55',NULL,'{\"id\": 260, \"nombre\": \"Multi-tiered transitional defi\", \"descripcion\": \"Aspectos estilo parte mayo construcción. Prensa nuestros tenía joven. Seguridad juez eso hacen igual hijos período.\", \"descripcion_corta\": \"Tomar edad he instituciones capaz ningún.\", \"costo_persona\": 182860, \"imagen\": \"plan_16.jpg\", \"id_ciudad\": 8, \"id_informe\": null}',NULL),(562,'DELETE','2025-11-06 22:07:55',NULL,'{\"id\": 259, \"nombre\": \"Enterprise-wide bifurcated suc\", \"descripcion\": \"Comercio norte sino padres cultura hubo. Exterior reforma ciencia contrario. Ciencia junto cinco s padres dónde.\", \"descripcion_corta\": \"Estados población encuentran puerto.\", \"costo_persona\": 390587, \"imagen\": \"28ac0779f5d34bfc82c163d88257a791.png\", \"id_ciudad\": 6, \"id_informe\": null}',NULL),(563,'DELETE','2025-11-06 22:07:55',NULL,'{\"id\": 258, \"nombre\": \"Business-focused bi-directiona\", \"descripcion\": \"Gobierno buen cuadro historia dinero diez democracia parte. España plazo poco meses noviembre.\", \"descripcion_corta\": \"Próximo proyecto hicieron tales podrá ni.\", \"costo_persona\": 489516, \"imagen\": \"plan_13.jpg\", \"id_ciudad\": 2, \"id_informe\": null}',NULL),(564,'DELETE','2025-11-06 22:07:55',NULL,'{\"id\": 257, \"nombre\": \"Customer-focused 24/7 algorith\", \"descripcion\": \"Campo josé b otras joven. Ésta mira precio última octubre hombres.\\nAún cuya aunque llega aquel fuerte grupo duda. Pueblo había países. Flores estar medio dicho desde.\", \"descripcion_corta\": \"Pone debido principales proyectos.\", \"costo_persona\": 181654, \"imagen\": \"plan_9.jpg\", \"id_ciudad\": 2, \"id_informe\": null}',NULL),(565,'DELETE','2025-11-06 22:07:55',NULL,'{\"id\": 256, \"nombre\": \"Adaptive value-added function\", \"descripcion\": \"Son ambiente diversas primeros algún. Juan muy segundo especialmente carrera trabajo.\", \"descripcion_corta\": \"Estas m oficial ella llevar luis.\", \"costo_persona\": 198627, \"imagen\": \"plan_9.jpg\", \"id_ciudad\": 1, \"id_informe\": null}',NULL),(566,'DELETE','2025-11-06 22:07:55',NULL,'{\"id\": 255, \"nombre\": \"Enterprise-wide non-volatile m\", \"descripcion\": \"Encontrar dentro obras países mayores cultura mientras días. Comunicación actual vista resto movimiento tenemos o. Varios estuvo medio seis sola número.\", \"descripcion_corta\": \"Españoles hacía puesto.\", \"costo_persona\": 228460, \"imagen\": \"plan_19.jpg\", \"id_ciudad\": 8, \"id_informe\": null}',NULL),(567,'DELETE','2025-11-06 22:07:55',NULL,'{\"id\": 254, \"nombre\": \"Distributed foreground support\", \"descripcion\": \"R enero servicios llamado perdido cultura actividades. Tú incluso menos necesidad dicen.\\nPrincipios puerta noche. Existencia pequeña dio formas norte fiscal cantidad padre.\", \"descripcion_corta\": \"Cuarto la hasta tienen realidad ciudad.\", \"costo_persona\": 223780, \"imagen\": \"70f62a1bda25417ca8537dcc2904d22f.jpg\", \"id_ciudad\": 7, \"id_informe\": null}',NULL),(568,'DELETE','2025-11-06 22:07:55',NULL,'{\"id\": 253, \"nombre\": \"Business-focused client-driven\", \"descripcion\": \"Dejar local m actitud cambio tratamiento. Hecho nuestro españoles agua ii américa muerte.\", \"descripcion_corta\": \"Psoe d si puntos horas.\", \"costo_persona\": 392826, \"imagen\": \"plan_8.jpg\", \"id_ciudad\": 7, \"id_informe\": null}',NULL),(569,'DELETE','2025-11-06 22:07:55',NULL,'{\"id\": 252, \"nombre\": \"Optional multi-tasking applica\", \"descripcion\": \"Hija alta dejó peso película. Tres muerto calle muchos amigo valores conjunto profesional. No mira central ver total un enfermedad color.\", \"descripcion_corta\": \"Pues relaciones otras.\", \"costo_persona\": 473680, \"imagen\": \"70f62a1bda25417ca8537dcc2904d22f.jpg\", \"id_ciudad\": 1, \"id_informe\": null}',NULL),(570,'DELETE','2025-11-06 22:07:55',NULL,'{\"id\": 251, \"nombre\": \"Multi-lateral analyzing applic\", \"descripcion\": \"Adelante color sean semana. Autor llama especie estructura hechos sentido llegó.\", \"descripcion_corta\": \"Política actitud aquella río considera.\", \"costo_persona\": 285502, \"imagen\": \"plan_4.jpg\", \"id_ciudad\": 6, \"id_informe\": null}',NULL),(571,'DELETE','2025-11-06 22:07:55',NULL,'{\"id\": 250, \"nombre\": \"Multi-channeled even-keeled to\", \"descripcion\": \"Construcción ningún corazón niños. Si ser sentido ellos material garcía estilo.\\nTribunal unidad sectores centro. Electoral la tarde nuevas. Todas ir lado.\", \"descripcion_corta\": \"Número r mientras.\", \"costo_persona\": 137723, \"imagen\": \"plan_15.jpg\", \"id_ciudad\": 7, \"id_informe\": null}',NULL),(572,'DELETE','2025-11-06 22:07:55',NULL,'{\"id\": 249, \"nombre\": \"Self-enabling value-added para\", \"descripcion\": \"Investigación lo tal marco no poner. Agua texto origen izquierda estos.\", \"descripcion_corta\": \"C julio pregunta va situación.\", \"costo_persona\": 145442, \"imagen\": \"d19f74d395f04f6ab243adc614b88e32.png\", \"id_ciudad\": 7, \"id_informe\": null}',NULL),(573,'DELETE','2025-11-06 22:07:55',NULL,'{\"id\": 248, \"nombre\": \"Cloned 5thgeneration capacity\", \"descripcion\": \"El junio perdido jamás línea mediante. Cuyo libre cultural sólo dicen. Miembros su términos.\", \"descripcion_corta\": \"Ella hacia padres generales un carta.\", \"costo_persona\": 384566, \"imagen\": \"plan_4.jpg\", \"id_ciudad\": 4, \"id_informe\": null}',NULL),(574,'DELETE','2025-11-06 22:07:55',NULL,'{\"id\": 247, \"nombre\": \"Compatible holistic challenge\", \"descripcion\": \"Luz río larga pese pronto varios uno. Hemos españa n concepto unidad primeras mejores.\\nProfesional madrid aquel teatro internacional cuestión. Justicia sur era objetivo razón.\", \"descripcion_corta\": \"Pacientes energía grupo sus difícil.\", \"costo_persona\": 111503, \"imagen\": \"plan_6.jpg\", \"id_ciudad\": 1, \"id_informe\": null}',NULL),(575,'DELETE','2025-11-06 22:07:55',NULL,'{\"id\": 246, \"nombre\": \"Customizable modular open arch\", \"descripcion\": \"Señaló sector acción otros marco marco. Justicia crecimiento lópez calidad pasado. Popular juicio único nadie.\\nGarcía norte trabajadores servicio varias características años.\", \"descripcion_corta\": \"Mar río este dicho democracia decía.\", \"costo_persona\": 362079, \"imagen\": \"plan_15.jpg\", \"id_ciudad\": 1, \"id_informe\": null}',NULL),(576,'DELETE','2025-11-06 22:07:55',NULL,'{\"id\": 245, \"nombre\": \"Synchronized global moderator\", \"descripcion\": \"Atención económico n seguir fácil.\\nFavor segunda voz industria casi. Algunos respecto octubre.\", \"descripcion_corta\": \"Resulta don he silencio padre ciudad.\", \"costo_persona\": 426201, \"imagen\": \"70f62a1bda25417ca8537dcc2904d22f.jpg\", \"id_ciudad\": 5, \"id_informe\": null}',NULL),(577,'DELETE','2025-11-06 22:07:55',NULL,'{\"id\": 244, \"nombre\": \"Intuitive actuating complexity\", \"descripcion\": \"Cerca podemos mucha posible seis.\", \"descripcion_corta\": \"Especial objeto solución niño grande.\", \"costo_persona\": 113753, \"imagen\": \"66bd8b1ebeda405093aba72dc0501b74.jpg\", \"id_ciudad\": 6, \"id_informe\": null}',NULL),(578,'DELETE','2025-11-06 22:07:55',NULL,'{\"id\": 243, \"nombre\": \"Advanced executive benchmark\", \"descripcion\": \"Hace carácter lópez diversos pudo. Curso casa llega respecto mis debido. Tiempos mira afirmó importantes socialista mi presenta. Importantes usted estas.\", \"descripcion_corta\": \"Medio aquel distintas pese televisión dio.\", \"costo_persona\": 157661, \"imagen\": \"457b58b01b32414dbe9871cc38e5c182.png\", \"id_ciudad\": 1, \"id_informe\": null}',NULL),(579,'DELETE','2025-11-06 22:07:55',NULL,'{\"id\": 242, \"nombre\": \"Multi-layered analyzing pricin\", \"descripcion\": \"Máximo está psoe doctor llevar aspecto. Tuvo menor mucha buen madre. Menos fiscal demás base.\", \"descripcion_corta\": \"Carne pasó último amigos dos.\", \"costo_persona\": 494150, \"imagen\": \"a043eb709da54029807e58dab366db91.png\", \"id_ciudad\": 8, \"id_informe\": null}',NULL),(580,'DELETE','2025-11-06 22:07:55',NULL,'{\"id\": 241, \"nombre\": \"Self-enabling maximized abilit\", \"descripcion\": \"Ocho claro actual expresión podemos estilo encontrar. Concepto cuenta base sectores parte. Sociedad viaje sociales qué actitud principio aspectos.\\nAquí ocho época.\", \"descripcion_corta\": \"Puede único aquellas.\", \"costo_persona\": 186874, \"imagen\": \"088056bc84cc46449023b8c394537c5e.png\", \"id_ciudad\": 1, \"id_informe\": null}',NULL),(581,'DELETE','2025-11-06 22:07:56',NULL,'{\"id\": 240, \"nombre\": \"Horizontal foreground toolset\", \"descripcion\": \"España anterior diciembre. Paso mano cada resultados contrario expresión dijo.\", \"descripcion_corta\": \"Principal encuentra meses manera.\", \"costo_persona\": 321394, \"imagen\": \"2f8adce976d34e578f00d7d85adb0cb2.png\", \"id_ciudad\": 4, \"id_informe\": null}',NULL),(582,'DELETE','2025-11-06 22:07:56',NULL,'{\"id\": 239, \"nombre\": \"Innovative dynamic throughput\", \"descripcion\": \"Santa empresa contrario social junto imposible. Puesto cámara fuerzas propios. Partes santa caso quedó. Mar afirmó crecimiento esto uno son.\", \"descripcion_corta\": \"Ministerio naturaleza bien baja.\", \"costo_persona\": 485524, \"imagen\": \"dcf436b3fb7d45e482b4ac52d9a5a737.png\", \"id_ciudad\": 6, \"id_informe\": null}',NULL),(583,'DELETE','2025-11-06 22:07:56',NULL,'{\"id\": 238, \"nombre\": \"Digitized 24/7 application\", \"descripcion\": \"Unidad diversas voz mira hoy deja. Posibilidad favor algo centros régimen.\", \"descripcion_corta\": \"Producto abril ministro antonio francia.\", \"costo_persona\": 126649, \"imagen\": \"plan_17.jpg\", \"id_ciudad\": 5, \"id_informe\": null}',NULL),(584,'DELETE','2025-11-06 22:07:56',NULL,'{\"id\": 237, \"nombre\": \"Extended tangible focus group\", \"descripcion\": \"Apoyo hacerlo veces mientras análisis. Hubo países marzo boca.\\nNueva final humanos en existencia. Banco términos mismo revolución nos. Llegado éste base grande primeras libertad.\", \"descripcion_corta\": \"Las grupos arte.\", \"costo_persona\": 185817, \"imagen\": \"d19f74d395f04f6ab243adc614b88e32.png\", \"id_ciudad\": 6, \"id_informe\": null}',NULL),(585,'DELETE','2025-11-06 22:07:56',NULL,'{\"id\": 236, \"nombre\": \"Switchable homogeneous algorit\", \"descripcion\": \"Viene niveles vuelta música. Busca veces esas ve españa argentina supuesto enfermedad.\", \"descripcion_corta\": \"Acerca negro volver negro.\", \"costo_persona\": 220716, \"imagen\": \"plan_14.jpg\", \"id_ciudad\": 7, \"id_informe\": null}',NULL),(586,'DELETE','2025-11-06 22:07:56',NULL,'{\"id\": 235, \"nombre\": \"Proactive 24hour model\", \"descripcion\": \"Posibilidad profesional pese dicen situación saber. Paz una creo constitución materia quedó. Centros han española cómo cuando.\", \"descripcion_corta\": \"San ambiente claro parecía.\", \"costo_persona\": 108716, \"imagen\": \"dcf436b3fb7d45e482b4ac52d9a5a737.png\", \"id_ciudad\": 4, \"id_informe\": null}',NULL),(587,'DELETE','2025-11-06 22:07:56',NULL,'{\"id\": 234, \"nombre\": \"Digitized stable toolset\", \"descripcion\": \"Apoyo señor esto comunidad cómo. Reunión movimiento padre felipe mí.\\nArte etapa poco futuro conseguir. Así sus dan.\", \"descripcion_corta\": \"Ministro ciencia estructura durante central.\", \"costo_persona\": 382217, \"imagen\": \"e4e0b4c8f4e8490fbf9e8e94f8bd6c35.png\", \"id_ciudad\": 7, \"id_informe\": null}',NULL),(588,'DELETE','2025-11-06 22:07:56',NULL,'{\"id\": 233, \"nombre\": \"Persevering bottom-line challe\", \"descripcion\": \"Popular comisión doctor mesa mundial cara. Mismos último misma llegar jorge.\\nMovimiento yo público según posibilidades rafael.\", \"descripcion_corta\": \"Comenzó partido experiencia alguien.\", \"costo_persona\": 412173, \"imagen\": \"12d1664533854a908cf378d1db8a236f.jpg\", \"id_ciudad\": 8, \"id_informe\": null}',NULL),(589,'DELETE','2025-11-06 22:07:56',NULL,'{\"id\": 232, \"nombre\": \"Optimized neutral instruction \", \"descripcion\": \"Carta puesto región g quizá cierto estoy. Cuales ciento características principales vía debía estados. Llamado s control cerca estudio somos nueva como.\", \"descripcion_corta\": \"Mujer parte parece policía verdad.\", \"costo_persona\": 461450, \"imagen\": \"plan_9.jpg\", \"id_ciudad\": 3, \"id_informe\": null}',NULL),(590,'DELETE','2025-11-06 22:07:56',NULL,'{\"id\": 231, \"nombre\": \"User-friendly zero-defect conc\", \"descripcion\": \"Chile negro manuel dolor sino toma cosa. Varios porque victoria algún.\\nEstaban sentido encuentran vio muerte costa. Somos hace formas oro. Mal mismo manera.\", \"descripcion_corta\": \"Dicen san y corazón llama.\", \"costo_persona\": 122906, \"imagen\": \"plan_10.jpg\", \"id_ciudad\": 7, \"id_informe\": null}',NULL),(591,'DELETE','2025-11-06 22:07:56',NULL,'{\"id\": 230, \"nombre\": \"Seamless value-added projectio\", \"descripcion\": \"Uno misma quiere psoe supuesto. Gente estar viene primeras. Comercio años has trabajo.\\nMirada te mirada suelo cada.\", \"descripcion_corta\": \"Llega nuestra práctica experiencia.\", \"costo_persona\": 207188, \"imagen\": \"plan_3.jpg\", \"id_ciudad\": 2, \"id_informe\": null}',NULL),(592,'DELETE','2025-11-06 22:07:56',NULL,'{\"id\": 229, \"nombre\": \"De-engineered user-facing Grap\", \"descripcion\": \"Cuenta dólares peso ministro fuera tenían fuerzas i. Demás están aquellas energía hacen.\", \"descripcion_corta\": \"Cualquier prueba dicho sino b.\", \"costo_persona\": 457486, \"imagen\": \"457b58b01b32414dbe9871cc38e5c182.png\", \"id_ciudad\": 5, \"id_informe\": null}',NULL),(593,'DELETE','2025-11-06 22:07:56',NULL,'{\"id\": 228, \"nombre\": \"Diverse coherent initiative\", \"descripcion\": \"Aire obra n temas siglo palabras. Han principio juego hemos única cuba duda.\", \"descripcion_corta\": \"Hizo llevar importantes.\", \"costo_persona\": 108844, \"imagen\": \"1f777466607d4efea4fe7bd254420768.png\", \"id_ciudad\": 2, \"id_informe\": null}',NULL),(594,'DELETE','2025-11-06 22:07:56',NULL,'{\"id\": 227, \"nombre\": \"Phased didactic functionalitie\", \"descripcion\": \"Corazón estoy tratamiento tampoco españoles. Universidad tiempos español seguir dar. Medidas minutos imágenes campo vida diario y. Tema nacional hubiera ya diciembre.\", \"descripcion_corta\": \"Empresa cambio humana serie creación español.\", \"costo_persona\": 156950, \"imagen\": \"plan_13.jpg\", \"id_ciudad\": 5, \"id_informe\": null}',NULL),(595,'DELETE','2025-11-06 22:07:56',NULL,'{\"id\": 226, \"nombre\": \"Decentralized 24/7 service-des\", \"descripcion\": \"Siquiera ciencia uno gran misma ojos sabe resto. Mis medios público negro pequeño nivel siglo.\", \"descripcion_corta\": \"Cultura pesetas lo ve.\", \"costo_persona\": 330240, \"imagen\": \"12d1664533854a908cf378d1db8a236f.jpg\", \"id_ciudad\": 6, \"id_informe\": null}',NULL),(596,'DELETE','2025-11-06 22:07:56',NULL,'{\"id\": 225, \"nombre\": \"Expanded zero administration u\", \"descripcion\": \"Mi medio están carlos. Ante cuya j ser gonzález amigos.\\nLos baja hoy estamos contrario diez apoyo. Movimiento investigación premio llegado también mañana objeto.\", \"descripcion_corta\": \"Habla desde acto especial duda.\", \"costo_persona\": 374014, \"imagen\": \"plan_5.jpg\", \"id_ciudad\": 2, \"id_informe\": null}',NULL),(597,'DELETE','2025-11-06 22:07:56',NULL,'{\"id\": 224, \"nombre\": \"Quality-focused disintermediat\", \"descripcion\": \"Viaje base jóvenes dio haciendo desarrollo. Máximo puso calidad dios. Poco nuestras próximo fondo fiscal actividad cuadro hizo.\", \"descripcion_corta\": \"Energía volvió persona económica cama.\", \"costo_persona\": 479687, \"imagen\": \"e4e0b4c8f4e8490fbf9e8e94f8bd6c35.png\", \"id_ciudad\": 8, \"id_informe\": null}',NULL),(598,'DELETE','2025-11-06 22:07:56',NULL,'{\"id\": 223, \"nombre\": \"Exclusive reciprocal flexibili\", \"descripcion\": \"Sistema todavía usted apenas música embargo. Tenía mayoría soy j g modelo septiembre electoral. Palabras compañía puedo por pueda momentos. Fondo cara también te importantes.\", \"descripcion_corta\": \"Los médico días española existencia.\", \"costo_persona\": 370737, \"imagen\": \"plan_12.jpg\", \"id_ciudad\": 4, \"id_informe\": null}',NULL),(599,'DELETE','2025-11-06 22:07:56',NULL,'{\"id\": 222, \"nombre\": \"Ergonomic maximized definition\", \"descripcion\": \"Empresa fiscal aspecto ello vivir. Quiero prensa su texto actitud programas época.\\nDistintos haya trabajar parte derecha fueron.\", \"descripcion_corta\": \"Esfuerzo luis civil programa instituciones menor.\", \"costo_persona\": 113505, \"imagen\": \"plan_3.jpg\", \"id_ciudad\": 8, \"id_informe\": null}',NULL),(600,'DELETE','2025-11-06 22:07:56',NULL,'{\"id\": 221, \"nombre\": \"Intuitive responsive access\", \"descripcion\": \"Lo fuego electoral entonces que problema. Cámara hace pasar propia. Mundo luz pero.\", \"descripcion_corta\": \"Palabra d demás fácil lo ver.\", \"costo_persona\": 426194, \"imagen\": \"plan_12.jpg\", \"id_ciudad\": 7, \"id_informe\": null}',NULL),(601,'DELETE','2025-11-06 22:07:56',NULL,'{\"id\": 220, \"nombre\": \"Face-to-face client-server tim\", \"descripcion\": \"Tienen partir cierta hacer deseo especialmente. Pequeño muy luis antonio mirada segunda.\\nQue antes frente.\", \"descripcion_corta\": \"Tiene vida argentina.\", \"costo_persona\": 317854, \"imagen\": \"1f777466607d4efea4fe7bd254420768.png\", \"id_ciudad\": 7, \"id_informe\": null}',NULL),(602,'DELETE','2025-11-06 22:07:56',NULL,'{\"id\": 219, \"nombre\": \"Synchronized 24/7 matrices\", \"descripcion\": \"Han podía antes realizar entrar. Siglo claro estudio puerto época director santiago han. Menos buenos participación lucha.\", \"descripcion_corta\": \"De régimen izquierda creo edad.\", \"costo_persona\": 340173, \"imagen\": \"plan_12.jpg\", \"id_ciudad\": 7, \"id_informe\": null}',NULL),(603,'DELETE','2025-11-06 22:07:56',NULL,'{\"id\": 218, \"nombre\": \"Fully-configurable 24hour circ\", \"descripcion\": \"Pasar veces ayer parecía sigue grado caso demás. Curso también m riesgo socialista pedro ayer mejores. Yo actitud región partido.\", \"descripcion_corta\": \"Mil llevar fiscal ahí mucho.\", \"costo_persona\": 234469, \"imagen\": \"plan_12.jpg\", \"id_ciudad\": 5, \"id_informe\": null}',NULL),(604,'DELETE','2025-11-06 22:07:56',NULL,'{\"id\": 217, \"nombre\": \"Reverse-engineered bi-directio\", \"descripcion\": \"Estoy serán hacía vamos hablar oro marzo. Felipe que alrededor seguridad cultura última bajo.\", \"descripcion_corta\": \"Quiero distintos precisamente única habría origen.\", \"costo_persona\": 468647, \"imagen\": \"plan_12.jpg\", \"id_ciudad\": 1, \"id_informe\": null}',NULL),(605,'DELETE','2025-11-06 22:07:56',NULL,'{\"id\": 216, \"nombre\": \"Robust stable task-force\", \"descripcion\": \"Existencia humano posibilidad precisamente. Cosas eso don miguel propio ante.\", \"descripcion_corta\": \"Cuanto manera camino les función.\", \"costo_persona\": 225842, \"imagen\": \"plan_10.jpg\", \"id_ciudad\": 7, \"id_informe\": null}',NULL),(606,'DELETE','2025-11-06 22:07:56',NULL,'{\"id\": 215, \"nombre\": \"Managed bi-directional utiliza\", \"descripcion\": \"Posible los partido voz muchas buen fuerza nuestra.\\nHubo señora comercio real. Superior cinco esas juan. Junto consejo ningún ellos antes razón.\", \"descripcion_corta\": \"Militar cine real ejemplo.\", \"costo_persona\": 241706, \"imagen\": \"plan_19.jpg\", \"id_ciudad\": 5, \"id_informe\": null}',NULL),(607,'DELETE','2025-11-06 22:07:56',NULL,'{\"id\": 214, \"nombre\": \"Future-proofed next generation\", \"descripcion\": \"Tú pueda allí problema elecciones contra. Proceso razones llama lugar suerte piel cuenta.\\nProceso cuarto señaló. Diez alto aunque haya.\", \"descripcion_corta\": \"Blanco importante lenguaje.\", \"costo_persona\": 115805, \"imagen\": \"1f777466607d4efea4fe7bd254420768.png\", \"id_ciudad\": 3, \"id_informe\": null}',NULL),(608,'DELETE','2025-11-06 22:07:56',NULL,'{\"id\": 213, \"nombre\": \"Triple-buffered coherent middl\", \"descripcion\": \"Sociales nuevo hacía siempre queda objetivo b. De riesgo haber visita. El durante parecía industria actual hora.\", \"descripcion_corta\": \"Baja solamente unión.\", \"costo_persona\": 252140, \"imagen\": \"plan_14.jpg\", \"id_ciudad\": 5, \"id_informe\": null}',NULL),(609,'DELETE','2025-11-06 22:07:56',NULL,'{\"id\": 212, \"nombre\": \"Public-key full-range core\", \"descripcion\": \"Desde mañana través efecto relación garcía. Personas espera bien carrera.\\nReforma cabo actual espacio santa. Seguir nuestra juicio debe países flores música.\", \"descripcion_corta\": \"Sabía niveles contenido grado unidad.\", \"costo_persona\": 361982, \"imagen\": \"plan_6.jpg\", \"id_ciudad\": 3, \"id_informe\": null}',NULL),(610,'DELETE','2025-11-06 22:07:56',NULL,'{\"id\": 211, \"nombre\": \"Organized modular knowledge us\", \"descripcion\": \"Paso nueva contra sigue. Vuelta cerca cine militares encuentra clase.\\nSer administración programa sabía torno.\\nMillones precios estructura.\", \"descripcion_corta\": \"Noviembre psoe mucha fue es seis.\", \"costo_persona\": 294307, \"imagen\": \"plan_16.jpg\", \"id_ciudad\": 5, \"id_informe\": null}',NULL),(611,'DELETE','2025-11-06 22:07:56',NULL,'{\"id\": 210, \"nombre\": \"Re-contextualized user-facing \", \"descripcion\": \"Dejó deseo hace período segunda. Sur hijo importantes tomar actividad dólares.\\nPsoe posibilidad precios estaban dios. Fernando materia congreso producción mis ejemplo francia soy.\", \"descripcion_corta\": \"Diversos único tratamiento propuesta historia llegar.\", \"costo_persona\": 278738, \"imagen\": \"plan_3.jpg\", \"id_ciudad\": 4, \"id_informe\": null}',NULL),(612,'DELETE','2025-11-06 22:07:56',NULL,'{\"id\": 209, \"nombre\": \"Optimized client-driven contin\", \"descripcion\": \"Ella mayoría valor junio hijos realizar debe. Calidad concepto igual la tenía tal. Internacional j estas vuelta éste crisis demasiado.\", \"descripcion_corta\": \"Mí maría interés.\", \"costo_persona\": 376382, \"imagen\": \"plan_7.jpg\", \"id_ciudad\": 8, \"id_informe\": null}',NULL),(613,'DELETE','2025-11-06 22:07:56',NULL,'{\"id\": 208, \"nombre\": \"Front-line discrete data-wareh\", \"descripcion\": \"Este hacerlo servicios mejores seguridad caso internacional. Española último español. Sueño apenas presenta quiero algo plazo marzo.\", \"descripcion_corta\": \"Popular noche vivir solamente contenido administración.\", \"costo_persona\": 141925, \"imagen\": \"cfee742fcb8e4bfaa718d3fd6732a99b.png\", \"id_ciudad\": 7, \"id_informe\": null}',NULL),(614,'DELETE','2025-11-06 22:07:56',NULL,'{\"id\": 207, \"nombre\": \"Cross-platform static Local Ar\", \"descripcion\": \"Poner idea largo vuelta. G curso será viejo último constitución cerca industria. Civil posibilidades comunidad ha.\\nFuerte tampoco etc respuesta quiere.\", \"descripcion_corta\": \"Producción datos será historia mantener.\", \"costo_persona\": 213526, \"imagen\": \"plan_5.jpg\", \"id_ciudad\": 6, \"id_informe\": null}',NULL),(615,'DELETE','2025-11-06 22:07:56',NULL,'{\"id\": 206, \"nombre\": \"Decentralized system-worthy Gr\", \"descripcion\": \"Zona produce d hacía precios. Económico millones rafael garcía gracias.\", \"descripcion_corta\": \"Mundo algún sea llegado nivel gente vio.\", \"costo_persona\": 357107, \"imagen\": \"dcf436b3fb7d45e482b4ac52d9a5a737.png\", \"id_ciudad\": 6, \"id_informe\": null}',NULL),(616,'DELETE','2025-11-06 22:07:56',NULL,'{\"id\": 205, \"nombre\": \"Managed national productivity\", \"descripcion\": \"Crecimiento nivel imagen personal. Expresión sin unidos estaba. Abril comisión jefe orden jamás.\", \"descripcion_corta\": \"Cama cuando policía.\", \"costo_persona\": 175466, \"imagen\": \"plan_17.jpg\", \"id_ciudad\": 2, \"id_informe\": null}',NULL),(617,'DELETE','2025-11-06 22:07:56',NULL,'{\"id\": 204, \"nombre\": \"Intuitive 6thgeneration foreca\", \"descripcion\": \"Situación compañía marco artículo estos muerto medios. Centro salida principales debe.\\nAllá cama posibilidad cada saber media.\\nCausa especialmente fácil cara flores otra.\", \"descripcion_corta\": \"Cierta aun base modo fuego septiembre.\", \"costo_persona\": 367923, \"imagen\": \"plan_17.jpg\", \"id_ciudad\": 1, \"id_informe\": null}',NULL),(618,'DELETE','2025-11-06 22:07:56',NULL,'{\"id\": 203, \"nombre\": \"Polarized eco-centric algorith\", \"descripcion\": \"Cierta puerta fuego quedó distintos. Hija ciudad primeras solo esas estas cada b.\\nMayo años pasó plazo formación. Ex peor pudo premio.\", \"descripcion_corta\": \"Capaz estas vino niveles carácter vivir.\", \"costo_persona\": 106272, \"imagen\": \"088056bc84cc46449023b8c394537c5e.png\", \"id_ciudad\": 1, \"id_informe\": null}',NULL),(619,'DELETE','2025-11-06 22:07:56',NULL,'{\"id\": 202, \"nombre\": \"Operative user-facing core\", \"descripcion\": \"Cabo ambos amigos que. Con constitución universidad respecto.\", \"descripcion_corta\": \"Bajo precios fuego personas dar llegó.\", \"costo_persona\": 349142, \"imagen\": \"plan_2.jpg\", \"id_ciudad\": 8, \"id_informe\": null}',NULL),(620,'DELETE','2025-11-06 22:07:56',NULL,'{\"id\": 201, \"nombre\": \"Enterprise-wide fresh-thinking\", \"descripcion\": \"Centro toda sabía algo. Allí hicieron fácil función personal.\", \"descripcion_corta\": \"Especie asociación este.\", \"costo_persona\": 355036, \"imagen\": \"dcf436b3fb7d45e482b4ac52d9a5a737.png\", \"id_ciudad\": 5, \"id_informe\": null}',NULL),(621,'DELETE','2025-11-06 22:07:56',NULL,'{\"id\": 200, \"nombre\": \"Total neutral artificial intel\", \"descripcion\": \"Interior equipo cuestión energía medio siete jefe días. Habría baja siete.\", \"descripcion_corta\": \"Diversas nuestro nacional.\", \"costo_persona\": 496130, \"imagen\": \"plan_4.jpg\", \"id_ciudad\": 5, \"id_informe\": null}',NULL),(622,'DELETE','2025-11-06 22:07:56',NULL,'{\"id\": 199, \"nombre\": \"Synchronized discrete frame\", \"descripcion\": \"O valor julio señaló hacía antes joven países. Bien cine noviembre. Veces seis ocasiones ante gobierno sigue diciembre primer.\", \"descripcion_corta\": \"Trabajo tribunal intereses maría niño ii.\", \"costo_persona\": 285221, \"imagen\": \"plan_8.jpg\", \"id_ciudad\": 8, \"id_informe\": null}',NULL),(623,'DELETE','2025-11-06 22:07:56',NULL,'{\"id\": 198, \"nombre\": \"Front-line exuding neural-net\", \"descripcion\": \"Algún unidos baja posibilidad ellas.\\nLado orden haya fin garcía hombres mayo. Idea gente autoridades pero manera. Aun puso único solamente.\", \"descripcion_corta\": \"Han visita lucha ayuda piel.\", \"costo_persona\": 407116, \"imagen\": \"cfee742fcb8e4bfaa718d3fd6732a99b.png\", \"id_ciudad\": 8, \"id_informe\": null}',NULL),(624,'DELETE','2025-11-06 22:07:56',NULL,'{\"id\": 197, \"nombre\": \"Realigned radical application\", \"descripcion\": \"Enero junio espacio dónde problemas jorge hacen. Tener calidad necesidad creo uso. Dios artículo relaciones importancia.\", \"descripcion_corta\": \"Cabeza g verdad.\", \"costo_persona\": 197176, \"imagen\": \"plan_14.jpg\", \"id_ciudad\": 1, \"id_informe\": null}',NULL),(625,'DELETE','2025-11-06 22:07:56',NULL,'{\"id\": 196, \"nombre\": \"Stand-alone eco-centric policy\", \"descripcion\": \"Mayor obras fuera bastante central. Finalmente parís pone resultados escuela. Solamente tiempo área seguir final. Van menor construcción debido médico futuro entre.\", \"descripcion_corta\": \"Está estados abril vía.\", \"costo_persona\": 469696, \"imagen\": \"plan_8.jpg\", \"id_ciudad\": 4, \"id_informe\": null}',NULL),(626,'DELETE','2025-11-06 22:07:56',NULL,'{\"id\": 195, \"nombre\": \"Optional fresh-thinking comple\", \"descripcion\": \"Casos humana experiencia ocasiones datos rosa. Medidas hablar en sea días. Opinión naturaleza primeros.\", \"descripcion_corta\": \"R luis tierra tiene apenas suelo.\", \"costo_persona\": 168395, \"imagen\": \"cfee742fcb8e4bfaa718d3fd6732a99b.png\", \"id_ciudad\": 6, \"id_informe\": null}',NULL),(627,'DELETE','2025-11-06 22:07:56',NULL,'{\"id\": 194, \"nombre\": \"Re-engineered bifurcated time-\", \"descripcion\": \"Acuerdo aparece políticas martín minutos. C otra uno. Días libros militar encima tú.\", \"descripcion_corta\": \"Valor r conciencia dio.\", \"costo_persona\": 265004, \"imagen\": \"28ac0779f5d34bfc82c163d88257a791.png\", \"id_ciudad\": 1, \"id_informe\": null}',NULL),(628,'DELETE','2025-11-06 22:07:56',NULL,'{\"id\": 193, \"nombre\": \"Self-enabling actuating neural\", \"descripcion\": \"Oro sentido donde varias por entrada. Internacional concepto dejó sea tendrá gente donde. Realizar son sería función.\", \"descripcion_corta\": \"Solamente juan calidad pie local zona.\", \"costo_persona\": 125092, \"imagen\": \"9bfd30a35ffc44ecadd9c8ce82a30b67.png\", \"id_ciudad\": 5, \"id_informe\": null}',NULL),(629,'DELETE','2025-11-06 22:07:56',NULL,'{\"id\": 192, \"nombre\": \"Persevering high-level frame\", \"descripcion\": \"Conseguir hoy medida puede boca práctica. Semana tenían modelo ambos nombre tampoco. Actividad tarde luis etc ejemplo.\", \"descripcion_corta\": \"Etapa formas especialmente lo.\", \"costo_persona\": 430794, \"imagen\": \"d19f74d395f04f6ab243adc614b88e32.png\", \"id_ciudad\": 8, \"id_informe\": null}',NULL),(630,'DELETE','2025-11-06 22:07:56',NULL,'{\"id\": 191, \"nombre\": \"Open-architected background ex\", \"descripcion\": \"Propios libre respuesta precio. Desde ministerio habían fuerza los. Respecto luis doctor falta.\", \"descripcion_corta\": \"Equipo una fácil.\", \"costo_persona\": 180266, \"imagen\": \"2f8adce976d34e578f00d7d85adb0cb2.png\", \"id_ciudad\": 4, \"id_informe\": null}',NULL),(631,'DELETE','2025-11-06 22:07:56',NULL,'{\"id\": 190, \"nombre\": \"Distributed systemic workforce\", \"descripcion\": \"Sino estar ni lado. Capital misma hacerlo unidad primero domingo condiciones nosotros. Humano especie trabajadores. Nuevas año electoral diciembre fuera primeras.\", \"descripcion_corta\": \"Etapa líder unas vista y alguna punto.\", \"costo_persona\": 147182, \"imagen\": \"1f777466607d4efea4fe7bd254420768.png\", \"id_ciudad\": 3, \"id_informe\": null}',NULL),(632,'DELETE','2025-11-06 22:07:56',NULL,'{\"id\": 189, \"nombre\": \"Self-enabling discrete flexibi\", \"descripcion\": \"Casos niño zonas sistema muchas. Entrada enfermedad van así parecía ojos bajo deseo. Hacerlo aspecto acción. Reunión formación ahí final situación.\", \"descripcion_corta\": \"Interés tengo título.\", \"costo_persona\": 382111, \"imagen\": \"d19f74d395f04f6ab243adc614b88e32.png\", \"id_ciudad\": 6, \"id_informe\": null}',NULL),(633,'DELETE','2025-11-06 22:07:56',NULL,'{\"id\": 188, \"nombre\": \"Versatile demand-driven synerg\", \"descripcion\": \"Mientras pasado crisis propio. Pues generales igual evitar adelante.\\nTravés todavía estar cuales quedó período primera. Relación valores dinero decía actividad parís dan programa.\", \"descripcion_corta\": \"Concepto tanto etapa.\", \"costo_persona\": 145615, \"imagen\": \"plan_13.jpg\", \"id_ciudad\": 4, \"id_informe\": null}',NULL),(634,'UPDATE','2025-11-06 22:08:34',NULL,'{\"id\": 41, \"nombre\": \"Graffiti & Identity \", \"descripcion\": \"Tour guiado de arte urbano y grafiti en Bogotá, aprendiendo sobre los artistas, los mensajes y la transformación cultural.\", \"descripcion_corta\": \"Grafiti y arte urbano Bogotá.\", \"costo_persona\": 60000, \"imagen\": \"9bfd30a35ffc44ecadd9c8ce82a30b67.png\", \"id_ciudad\": 1, \"id_informe\": null}','{\"id\": 41, \"nombre\": \"Graffiti & Identity \", \"descripcion\": \"Tour guiado de arte urbano y grafiti en Bogotá, aprendiendo sobre los artistas, los mensajes y la transformación cultural.\", \"descripcion_corta\": \"Grafiti y arte urbano Bogotá.\", \"costo_persona\": 60000, \"imagen\": \"9bfd30a35ffc44ecadd9c8ce82a30b67.png\", \"id_ciudad\": 1, \"id_informe\": null}'),(635,'UPDATE','2025-11-06 22:08:35',NULL,'{\"id\": 40, \"nombre\": \"Free Bike Tour Bogotá\", \"descripcion\": \"Recorrido en bicicleta por zonas representativas de Bogotá, explorando parques, arte callejero y panorámicas, guiado.\", \"descripcion_corta\": \"Bici por Bogotá gratis.\", \"costo_persona\": 0, \"imagen\": \"e4e0b4c8f4e8490fbf9e8e94f8bd6c35.png\", \"id_ciudad\": 1, \"id_informe\": null}','{\"id\": 40, \"nombre\": \"Free Bike Tour Bogotá\", \"descripcion\": \"Recorrido en bicicleta por zonas representativas de Bogotá, explorando parques, arte callejero y panorámicas, guiado.\", \"descripcion_corta\": \"Bici por Bogotá gratis.\", \"costo_persona\": 0, \"imagen\": \"e4e0b4c8f4e8490fbf9e8e94f8bd6c35.png\", \"id_ciudad\": 1, \"id_informe\": null}'),(636,'UPDATE','2025-11-06 22:08:36',NULL,'{\"id\": 39, \"nombre\": \"Tour Ciudad Vieja & Castillo S\", \"descripcion\": \"Recorrido guiado de unas pocas horas por Getsemaní, la Ciudad Amurallada y el Castillo San Felipe de Barajas, apreciando arquitectura colonial.\", \"descripcion_corta\": \"Historia colonial en Cartagena.\", \"costo_persona\": 200000, \"imagen\": \"1f777466607d4efea4fe7bd254420768.png\", \"id_ciudad\": 5, \"id_informe\": null}','{\"id\": 39, \"nombre\": \"Tour Ciudad Vieja & Castillo S\", \"descripcion\": \"Recorrido guiado de unas pocas horas por Getsemaní, la Ciudad Amurallada y el Castillo San Felipe de Barajas, apreciando arquitectura colonial.\", \"descripcion_corta\": \"Historia colonial en Cartagena.\", \"costo_persona\": 200000, \"imagen\": \"1f777466607d4efea4fe7bd254420768.png\", \"id_ciudad\": 5, \"id_informe\": null}'),(637,'UPDATE','2025-11-06 22:08:36',NULL,'{\"id\": 38, \"nombre\": \"Parque Natural Chicaque\", \"descripcion\": \"Excursión de medio día en bosque de niebla con senderos, miradores y contacto con naturaleza cerca de Bogotá.\", \"descripcion_corta\": \"Bosque de niebla en Chicaque.\", \"costo_persona\": 250000, \"imagen\": \"457b58b01b32414dbe9871cc38e5c182.png\", \"id_ciudad\": 8, \"id_informe\": null}','{\"id\": 38, \"nombre\": \"Parque Natural Chicaque\", \"descripcion\": \"Excursión de medio día en bosque de niebla con senderos, miradores y contacto con naturaleza cerca de Bogotá.\", \"descripcion_corta\": \"Bosque de niebla en Chicaque.\", \"costo_persona\": 250000, \"imagen\": \"457b58b01b32414dbe9871cc38e5c182.png\", \"id_ciudad\": 8, \"id_informe\": null}'),(638,'UPDATE','2025-11-06 22:08:37',NULL,'{\"id\": 37, \"nombre\": \"La Chorrera \", \"descripcion\": \"Caminata / senderismo hacia la cascada La Chorrera, con guía, naturaleza, vistas y tiempo para baño si el clima lo permite.\", \"descripcion_corta\": \"Cascada La Chorrera.\", \"costo_persona\": 270000, \"imagen\": \"dcf436b3fb7d45e482b4ac52d9a5a737.png\", \"id_ciudad\": 8, \"id_informe\": null}','{\"id\": 37, \"nombre\": \"La Chorrera \", \"descripcion\": \"Caminata / senderismo hacia la cascada La Chorrera, con guía, naturaleza, vistas y tiempo para baño si el clima lo permite.\", \"descripcion_corta\": \"Cascada La Chorrera.\", \"costo_persona\": 270000, \"imagen\": \"dcf436b3fb7d45e482b4ac52d9a5a737.png\", \"id_ciudad\": 8, \"id_informe\": null}'),(639,'UPDATE','2025-11-06 22:08:38',NULL,'{\"id\": 36, \"nombre\": \"Mina de Sal de Zipaquirá\", \"descripcion\": \"Excursión de medio día para visitar la Catedral de Sal; recorrido por galerías subterráneas y sala de tormentas.\", \"descripcion_corta\": \"Catedral de Sal.\", \"costo_persona\": 265000, \"imagen\": \"d19f74d395f04f6ab243adc614b88e32.png\", \"id_ciudad\": 8, \"id_informe\": null}','{\"id\": 36, \"nombre\": \"Mina de Sal de Zipaquirá\", \"descripcion\": \"Excursión de medio día para visitar la Catedral de Sal; recorrido por galerías subterráneas y sala de tormentas.\", \"descripcion_corta\": \"Catedral de Sal.\", \"costo_persona\": 265000, \"imagen\": \"d19f74d395f04f6ab243adc614b88e32.png\", \"id_ciudad\": 8, \"id_informe\": null}'),(640,'UPDATE','2025-11-06 22:08:38',NULL,'{\"id\": 35, \"nombre\": \"Monserrate & Museo del Oro \", \"descripcion\": \"Tour de medio día que incluye subida al cerro de Monserrate para ver vista panorámica de Bogotá + visita al Museo del Oro para conocer la colección prehispánica.\", \"descripcion_corta\": \"Vista y cultura en Bogotá.\", \"costo_persona\": 190000, \"imagen\": \"28ac0779f5d34bfc82c163d88257a791.png\", \"id_ciudad\": 1, \"id_informe\": null}','{\"id\": 35, \"nombre\": \"Monserrate & Museo del Oro \", \"descripcion\": \"Tour de medio día que incluye subida al cerro de Monserrate para ver vista panorámica de Bogotá + visita al Museo del Oro para conocer la colección prehispánica.\", \"descripcion_corta\": \"Vista y cultura en Bogotá.\", \"costo_persona\": 190000, \"imagen\": \"28ac0779f5d34bfc82c163d88257a791.png\", \"id_ciudad\": 1, \"id_informe\": null}'),(641,'UPDATE','2025-11-06 22:08:39',NULL,'{\"id\": 34, \"nombre\": \"Caminata al Salto del Tequenda\", \"descripcion\": \"Caminata guiada por senderos naturales hasta el mirador de la cascada Salto del Tequendama. Duración 3 horas.\", \"descripcion_corta\": \"Senderismo al Salto del Tequendama.\", \"costo_persona\": 50000, \"imagen\": \"cfee742fcb8e4bfaa718d3fd6732a99b.png\", \"id_ciudad\": 3, \"id_informe\": null}','{\"id\": 34, \"nombre\": \"Caminata al Salto del Tequenda\", \"descripcion\": \"Caminata guiada por senderos naturales hasta el mirador de la cascada Salto del Tequendama. Duración 3 horas.\", \"descripcion_corta\": \"Senderismo al Salto del Tequendama.\", \"costo_persona\": 50000, \"imagen\": \"cfee742fcb8e4bfaa718d3fd6732a99b.png\", \"id_ciudad\": 3, \"id_informe\": null}'),(642,'UPDATE','2025-11-06 22:08:40',NULL,'{\"id\": 32, \"nombre\": \"Tour Manglares La Boquilla \", \"descripcion\": \"Paseo en canoa por los manglares de La Boquilla con guía local, avistamiento de aves y taller de pesca artesanal. Duración 2 horas.\", \"descripcion_corta\": \"Paseo en canoa por manglares.\", \"costo_persona\": 120000, \"imagen\": \"a043eb709da54029807e58dab366db91.png\", \"id_ciudad\": 5, \"id_informe\": null}','{\"id\": 32, \"nombre\": \"Tour Manglares La Boquilla \", \"descripcion\": \"Paseo en canoa por los manglares de La Boquilla con guía local, avistamiento de aves y taller de pesca artesanal. Duración 2 horas.\", \"descripcion_corta\": \"Paseo en canoa por manglares.\", \"costo_persona\": 120000, \"imagen\": \"a043eb709da54029807e58dab366db91.png\", \"id_ciudad\": 5, \"id_informe\": null}'),(643,'UPDATE','2025-11-06 22:08:41',NULL,'{\"id\": 33, \"nombre\": \"Tour Café (Zona Cafetera)\", \"descripcion\": \"Experiencia cafetera en finca de Quindío o Risaralda: recorrido por cafetales, proceso y cata. Duración 4 horas aprox.\", \"descripcion_corta\": \"Experiencia cafetera tradicional.\", \"costo_persona\": 90000, \"imagen\": \"2f8adce976d34e578f00d7d85adb0cb2.png\", \"id_ciudad\": 2, \"id_informe\": null}','{\"id\": 33, \"nombre\": \"Tour Café (Zona Cafetera)\", \"descripcion\": \"Experiencia cafetera en finca de Quindío o Risaralda: recorrido por cafetales, proceso y cata. Duración 4 horas aprox.\", \"descripcion_corta\": \"Experiencia cafetera tradicional.\", \"costo_persona\": 90000, \"imagen\": \"2f8adce976d34e578f00d7d85adb0cb2.png\", \"id_ciudad\": 2, \"id_informe\": null}'),(644,'UPDATE','2025-11-06 22:08:42',NULL,'{\"id\": 29, \"nombre\": \"Tour Comuna 13\", \"descripcion\": \"Visita guiada a la Comuna 13, grafitis, historia de transformación social, escaleras eléctricas y miradores. Duración 3–4 horas.\", \"descripcion_corta\": \"Grafiti tour en Comuna 13.\", \"costo_persona\": 59999, \"imagen\": \"16b8dbf712ae4649a79b6273f6d80fc4.png\", \"id_ciudad\": 2, \"id_informe\": null}','{\"id\": 29, \"nombre\": \"Tour Comuna 13\", \"descripcion\": \"Visita guiada a la Comuna 13, grafitis, historia de transformación social, escaleras eléctricas y miradores. Duración 3–4 horas.\", \"descripcion_corta\": \"Grafiti tour en Comuna 13.\", \"costo_persona\": 59999, \"imagen\": \"16b8dbf712ae4649a79b6273f6d80fc4.png\", \"id_ciudad\": 2, \"id_informe\": null}'),(645,'UPDATE','2025-11-06 22:09:17',NULL,'{\"id\": 28, \"nombre\": \"Tour por la Candelaria\", \"descripcion\": \"Recorrido guiado a pie por el barrio histórico La Candelaria, visitando murales, arquitectura colonial, Plaza de Bolívar y Museo del Oro.\", \"descripcion_corta\": \"Tour a pie por el centro histórico de Bogotá.\", \"costo_persona\": 70000, \"imagen\": \"088056bc84cc46449023b8c394537c5e.png\", \"id_ciudad\": 1, \"id_informe\": null}','{\"id\": 28, \"nombre\": \"Tour por la Candelaria\", \"descripcion\": \"Recorrido guiado a pie por el barrio histórico La Candelaria, visitando murales, arquitectura colonial, Plaza de Bolívar y Museo del Oro.\", \"descripcion_corta\": \"Tour a pie por el centro histórico de Bogotá.\", \"costo_persona\": 70000, \"imagen\": \"088056bc84cc46449023b8c394537c5e.png\", \"id_ciudad\": 1, \"id_informe\": null}'),(646,'INSERT','2025-11-11 01:03:12',NULL,NULL,'{\"id\": 376, \"nombre\": \"Public-key even-keeled infrast\", \"descripcion\": \"Empresa dirección decir economía cuyo sería ocasiones. Teatro espacio constitución hechos natural ni. Existencia gran hija cierto dirección natural hacía.\", \"descripcion_corta\": \"Otra grande vamos estuvo lugar.\", \"costo_persona\": 392735, \"imagen\": \"12d1664533854a908cf378d1db8a236f.jpg\", \"id_ciudad\": 1, \"id_informe\": null}'),(647,'INSERT','2025-11-11 01:03:12',NULL,NULL,'{\"id\": 377, \"nombre\": \"Grass-roots leadingedge budget\", \"descripcion\": \"Donde corte origen volvió.\\nAlrededor ciento día. Vista tu nuestras idea partido banco.\", \"descripcion_corta\": \"Podrá tan modo.\", \"costo_persona\": 276105, \"imagen\": \"plan_7.jpg\", \"id_ciudad\": 2, \"id_informe\": null}'),(648,'INSERT','2025-11-11 01:03:12',NULL,NULL,'{\"id\": 378, \"nombre\": \"Profit-focused local neural-ne\", \"descripcion\": \"Cuba usted aunque mundo. Valores diferentes miguel. Partes respuesta suerte buscar.\\nRelación llega o primer voy. Mira tendrá va resto.\", \"descripcion_corta\": \"O incluso puedo producto destino.\", \"costo_persona\": 334950, \"imagen\": \"plan_14.jpg\", \"id_ciudad\": 7, \"id_informe\": null}'),(649,'INSERT','2025-11-11 01:03:12',NULL,NULL,'{\"id\": 379, \"nombre\": \"Networked global standardizati\", \"descripcion\": \"Presente igual sueño contenido. Organización haber española ciencia.\\nMientras futuro intereses américa siguiente.\\nViejo nueva propia hablar sino.\", \"descripcion_corta\": \"Período crecimiento ya.\", \"costo_persona\": 164698, \"imagen\": \"d19f74d395f04f6ab243adc614b88e32.png\", \"id_ciudad\": 6, \"id_informe\": null}'),(650,'INSERT','2025-11-11 01:03:12',NULL,NULL,'{\"id\": 380, \"nombre\": \"Public-key modular implementat\", \"descripcion\": \"Hemos produce había mayores pequeño papel contenido.\\nServicios país pone. C jefe importante casa aparece. Acciones claro allá etapa orden dos.\", \"descripcion_corta\": \"Aquellos nuestras encima tú encontrar.\", \"costo_persona\": 207941, \"imagen\": \"plan_12.jpg\", \"id_ciudad\": 5, \"id_informe\": null}'),(651,'INSERT','2025-11-11 01:03:12',NULL,NULL,'{\"id\": 381, \"nombre\": \"Synergized background approach\", \"descripcion\": \"Propuesta políticos movimiento ojos posibilidad jamás tu. Puerto también figura esas sangre marcha fácil.\", \"descripcion_corta\": \"Través antonio hacen meses reforma.\", \"costo_persona\": 203793, \"imagen\": \"e4e0b4c8f4e8490fbf9e8e94f8bd6c35.png\", \"id_ciudad\": 8, \"id_informe\": null}'),(652,'INSERT','2025-11-11 01:03:12',NULL,NULL,'{\"id\": 382, \"nombre\": \"Multi-lateral interactive cong\", \"descripcion\": \"Últimos escuela tema españa. Domingo vio quienes voy solamente. Hace dicho concepto seguro ideas viene.\", \"descripcion_corta\": \"Marco producción práctica.\", \"costo_persona\": 437301, \"imagen\": \"088056bc84cc46449023b8c394537c5e.png\", \"id_ciudad\": 8, \"id_informe\": null}'),(653,'INSERT','2025-11-11 01:03:12',NULL,NULL,'{\"id\": 383, \"nombre\": \"Streamlined secondary standard\", \"descripcion\": \"Plaza pueden oro. Blanco cuyo éxito.\\nLado muy consejo hicieron medida color. Actividad época uso.\", \"descripcion_corta\": \"Interés alto ellos.\", \"costo_persona\": 420102, \"imagen\": \"plan_2.jpg\", \"id_ciudad\": 5, \"id_informe\": null}'),(654,'INSERT','2025-11-11 01:03:12',NULL,NULL,'{\"id\": 384, \"nombre\": \"Progressive encompassing data-\", \"descripcion\": \"Momentos españa importantes rosa teoría.\\nEntre dan cambio debido aquí decir.\\nSituación cuarto partido seguir duda voy fuentes. Decisión lópez has control esos septiembre.\", \"descripcion_corta\": \"Punto según mira eran ministro libros.\", \"costo_persona\": 163550, \"imagen\": \"66bd8b1ebeda405093aba72dc0501b74.jpg\", \"id_ciudad\": 5, \"id_informe\": null}'),(655,'INSERT','2025-11-11 01:03:12',NULL,NULL,'{\"id\": 385, \"nombre\": \"Operative motivating frame\", \"descripcion\": \"Siquiera color también banco local destino expresión. Ve sistemas resulta miembros.\", \"descripcion_corta\": \"Empresa buenos ley título.\", \"costo_persona\": 347395, \"imagen\": \"plan_10.jpg\", \"id_ciudad\": 1, \"id_informe\": null}'),(656,'INSERT','2025-11-11 01:03:12',NULL,NULL,'{\"id\": 386, \"nombre\": \"Multi-layered fresh-thinking i\", \"descripcion\": \"Psoe una hubo existencia. Bueno especie éxito. Europa medida ley tal quién padre minutos.\", \"descripcion_corta\": \"Lleva rafael debido.\", \"costo_persona\": 371021, \"imagen\": \"28ac0779f5d34bfc82c163d88257a791.png\", \"id_ciudad\": 1, \"id_informe\": null}'),(657,'INSERT','2025-11-11 01:03:12',NULL,NULL,'{\"id\": 387, \"nombre\": \"Balanced static emulation\", \"descripcion\": \"Podrá años será voy alta estar ha nuestro. Plaza palabra resulta área punto martín son.\", \"descripcion_corta\": \"Energía popular sol.\", \"costo_persona\": 322187, \"imagen\": \"66bd8b1ebeda405093aba72dc0501b74.jpg\", \"id_ciudad\": 7, \"id_informe\": null}'),(658,'INSERT','2025-11-11 01:03:12',NULL,NULL,'{\"id\": 388, \"nombre\": \"Reduced grid-enabled collabora\", \"descripcion\": \"Poder esos sola así creo nuestra. Tú aquellas ojos puerta oficial tribunal eso.\", \"descripcion_corta\": \"Cultural rey línea fuentes.\", \"costo_persona\": 161214, \"imagen\": \"plan_20.jpg\", \"id_ciudad\": 3, \"id_informe\": null}'),(659,'INSERT','2025-11-11 01:03:12',NULL,NULL,'{\"id\": 389, \"nombre\": \"Seamless contextually-based ad\", \"descripcion\": \"Educación mucha seis problema calidad realizar vamos. Posición aquel capaz paso hizo bien vio. Ver europa cual plan hacerlo cierta. Aquellas antes marzo menos aun además total.\", \"descripcion_corta\": \"Sector solamente casi.\", \"costo_persona\": 444251, \"imagen\": \"457b58b01b32414dbe9871cc38e5c182.png\", \"id_ciudad\": 1, \"id_informe\": null}'),(660,'INSERT','2025-11-11 01:03:12',NULL,NULL,'{\"id\": 390, \"nombre\": \"Object-based scalable firmware\", \"descripcion\": \"Cultura pasa quiero difícil diferentes momento juez mano. Electoral diversos siempre distintas derecho. Vía hechos decía tomar conjunto secretario poco.\", \"descripcion_corta\": \"Momento allá fácil su sabe aquellas.\", \"costo_persona\": 464702, \"imagen\": \"9bfd30a35ffc44ecadd9c8ce82a30b67.png\", \"id_ciudad\": 4, \"id_informe\": null}'),(661,'INSERT','2025-11-11 01:03:12',NULL,NULL,'{\"id\": 391, \"nombre\": \"Synergized exuding Graphical U\", \"descripcion\": \"Zona carlos algún orden autor.\\nEspañol atención necesidad. Miedo ir agua elecciones dónde.\", \"descripcion_corta\": \"Modo hacía al mayoría parecía vez hechos.\", \"costo_persona\": 212062, \"imagen\": \"plan_15.jpg\", \"id_ciudad\": 2, \"id_informe\": null}'),(662,'INSERT','2025-11-11 01:03:12',NULL,NULL,'{\"id\": 392, \"nombre\": \"Multi-lateral bi-directional g\", \"descripcion\": \"Estos ciento sí más. Peor si particular embargo lugar dio. Enero recuerdo operación cultura está total. Algunos pronto yo semana.\", \"descripcion_corta\": \"Futuro dentro paz.\", \"costo_persona\": 104018, \"imagen\": \"1f777466607d4efea4fe7bd254420768.png\", \"id_ciudad\": 8, \"id_informe\": null}'),(663,'INSERT','2025-11-11 01:03:12',NULL,NULL,'{\"id\": 393, \"nombre\": \"Integrated executive knowledge\", \"descripcion\": \"Afirmó desarrollo color capital deben. Dio serie padres armas dos ideas medios del.\", \"descripcion_corta\": \"Productos r llamado medio.\", \"costo_persona\": 110608, \"imagen\": \"plan_8.jpg\", \"id_ciudad\": 5, \"id_informe\": null}'),(664,'INSERT','2025-11-11 01:03:12',NULL,NULL,'{\"id\": 394, \"nombre\": \"Devolved maximized approach\", \"descripcion\": \"Uno pasado más tiene pp. Lleva noviembre debía producto tomar. Trata sala mirada donde prensa miguel cuestión.\", \"descripcion_corta\": \"Ejemplo e mira principales.\", \"costo_persona\": 151010, \"imagen\": \"16b8dbf712ae4649a79b6273f6d80fc4.png\", \"id_ciudad\": 4, \"id_informe\": null}'),(665,'INSERT','2025-11-11 01:03:12',NULL,NULL,'{\"id\": 395, \"nombre\": \"Customizable reciprocal defini\", \"descripcion\": \"Muchas tienen fondo han. Minutos paz vuelve partir animales.\\nExisten antes dado nunca. Banco después fondo derecho aún permite unas. Fuego voz lleva mujer cuadro.\", \"descripcion_corta\": \"Todo estaba explicó clase.\", \"costo_persona\": 239146, \"imagen\": \"plan_20.jpg\", \"id_ciudad\": 4, \"id_informe\": null}'),(666,'UPDATE','2025-11-11 01:04:26',NULL,'{\"id\": 376, \"nombre\": \"Public-key even-keeled infrast\", \"descripcion\": \"Empresa dirección decir economía cuyo sería ocasiones. Teatro espacio constitución hechos natural ni. Existencia gran hija cierto dirección natural hacía.\", \"descripcion_corta\": \"Otra grande vamos estuvo lugar.\", \"costo_persona\": 392735, \"imagen\": \"12d1664533854a908cf378d1db8a236f.jpg\", \"id_ciudad\": 1, \"id_informe\": null}','{\"id\": 376, \"nombre\": \"Public-key even-keeled infrast\", \"descripcion\": \"Empresa dirección decir economía cuyo sería ocasiones. Teatro espacio constitución hechos natural ni. Existencia gran hija cierto dirección natural hacía.\", \"descripcion_corta\": \"Otra grande vamos estuvo lugar.\", \"costo_persona\": 392735, \"imagen\": \"12d1664533854a908cf378d1db8a236f.jpg\", \"id_ciudad\": 1, \"id_informe\": null}'),(667,'UPDATE','2025-11-11 01:04:32',NULL,'{\"id\": 377, \"nombre\": \"Grass-roots leadingedge budget\", \"descripcion\": \"Donde corte origen volvió.\\nAlrededor ciento día. Vista tu nuestras idea partido banco.\", \"descripcion_corta\": \"Podrá tan modo.\", \"costo_persona\": 276105, \"imagen\": \"plan_7.jpg\", \"id_ciudad\": 2, \"id_informe\": null}','{\"id\": 377, \"nombre\": \"Grass-roots leadingedge budget\", \"descripcion\": \"Donde corte origen volvió.\\nAlrededor ciento día. Vista tu nuestras idea partido banco.\", \"descripcion_corta\": \"Podrá tan modo.\", \"costo_persona\": 276105, \"imagen\": \"plan_7.jpg\", \"id_ciudad\": 2, \"id_informe\": null}'),(668,'UPDATE','2025-11-11 01:04:37',NULL,'{\"id\": 378, \"nombre\": \"Profit-focused local neural-ne\", \"descripcion\": \"Cuba usted aunque mundo. Valores diferentes miguel. Partes respuesta suerte buscar.\\nRelación llega o primer voy. Mira tendrá va resto.\", \"descripcion_corta\": \"O incluso puedo producto destino.\", \"costo_persona\": 334950, \"imagen\": \"plan_14.jpg\", \"id_ciudad\": 7, \"id_informe\": null}','{\"id\": 378, \"nombre\": \"Profit-focused local neural-ne\", \"descripcion\": \"Cuba usted aunque mundo. Valores diferentes miguel. Partes respuesta suerte buscar.\\nRelación llega o primer voy. Mira tendrá va resto.\", \"descripcion_corta\": \"O incluso puedo producto destino.\", \"costo_persona\": 334950, \"imagen\": \"plan_14.jpg\", \"id_ciudad\": 7, \"id_informe\": null}'),(669,'UPDATE','2025-11-11 01:04:42',NULL,'{\"id\": 379, \"nombre\": \"Networked global standardizati\", \"descripcion\": \"Presente igual sueño contenido. Organización haber española ciencia.\\nMientras futuro intereses américa siguiente.\\nViejo nueva propia hablar sino.\", \"descripcion_corta\": \"Período crecimiento ya.\", \"costo_persona\": 164698, \"imagen\": \"d19f74d395f04f6ab243adc614b88e32.png\", \"id_ciudad\": 6, \"id_informe\": null}','{\"id\": 379, \"nombre\": \"Networked global standardizati\", \"descripcion\": \"Presente igual sueño contenido. Organización haber española ciencia.\\nMientras futuro intereses américa siguiente.\\nViejo nueva propia hablar sino.\", \"descripcion_corta\": \"Período crecimiento ya.\", \"costo_persona\": 164698, \"imagen\": \"d19f74d395f04f6ab243adc614b88e32.png\", \"id_ciudad\": 6, \"id_informe\": null}'),(670,'UPDATE','2025-11-11 01:04:46',NULL,'{\"id\": 380, \"nombre\": \"Public-key modular implementat\", \"descripcion\": \"Hemos produce había mayores pequeño papel contenido.\\nServicios país pone. C jefe importante casa aparece. Acciones claro allá etapa orden dos.\", \"descripcion_corta\": \"Aquellos nuestras encima tú encontrar.\", \"costo_persona\": 207941, \"imagen\": \"plan_12.jpg\", \"id_ciudad\": 5, \"id_informe\": null}','{\"id\": 380, \"nombre\": \"Public-key modular implementat\", \"descripcion\": \"Hemos produce había mayores pequeño papel contenido.\\nServicios país pone. C jefe importante casa aparece. Acciones claro allá etapa orden dos.\", \"descripcion_corta\": \"Aquellos nuestras encima tú encontrar.\", \"costo_persona\": 207941, \"imagen\": \"plan_12.jpg\", \"id_ciudad\": 5, \"id_informe\": null}'),(671,'UPDATE','2025-11-11 01:04:51',NULL,'{\"id\": 381, \"nombre\": \"Synergized background approach\", \"descripcion\": \"Propuesta políticos movimiento ojos posibilidad jamás tu. Puerto también figura esas sangre marcha fácil.\", \"descripcion_corta\": \"Través antonio hacen meses reforma.\", \"costo_persona\": 203793, \"imagen\": \"e4e0b4c8f4e8490fbf9e8e94f8bd6c35.png\", \"id_ciudad\": 8, \"id_informe\": null}','{\"id\": 381, \"nombre\": \"Synergized background approach\", \"descripcion\": \"Propuesta políticos movimiento ojos posibilidad jamás tu. Puerto también figura esas sangre marcha fácil.\", \"descripcion_corta\": \"Través antonio hacen meses reforma.\", \"costo_persona\": 203793, \"imagen\": \"e4e0b4c8f4e8490fbf9e8e94f8bd6c35.png\", \"id_ciudad\": 8, \"id_informe\": null}'),(672,'UPDATE','2025-11-11 01:04:55',NULL,'{\"id\": 382, \"nombre\": \"Multi-lateral interactive cong\", \"descripcion\": \"Últimos escuela tema españa. Domingo vio quienes voy solamente. Hace dicho concepto seguro ideas viene.\", \"descripcion_corta\": \"Marco producción práctica.\", \"costo_persona\": 437301, \"imagen\": \"088056bc84cc46449023b8c394537c5e.png\", \"id_ciudad\": 8, \"id_informe\": null}','{\"id\": 382, \"nombre\": \"Multi-lateral interactive cong\", \"descripcion\": \"Últimos escuela tema españa. Domingo vio quienes voy solamente. Hace dicho concepto seguro ideas viene.\", \"descripcion_corta\": \"Marco producción práctica.\", \"costo_persona\": 437301, \"imagen\": \"088056bc84cc46449023b8c394537c5e.png\", \"id_ciudad\": 8, \"id_informe\": null}'),(673,'UPDATE','2025-11-11 01:04:59',NULL,'{\"id\": 383, \"nombre\": \"Streamlined secondary standard\", \"descripcion\": \"Plaza pueden oro. Blanco cuyo éxito.\\nLado muy consejo hicieron medida color. Actividad época uso.\", \"descripcion_corta\": \"Interés alto ellos.\", \"costo_persona\": 420102, \"imagen\": \"plan_2.jpg\", \"id_ciudad\": 5, \"id_informe\": null}','{\"id\": 383, \"nombre\": \"Streamlined secondary standard\", \"descripcion\": \"Plaza pueden oro. Blanco cuyo éxito.\\nLado muy consejo hicieron medida color. Actividad época uso.\", \"descripcion_corta\": \"Interés alto ellos.\", \"costo_persona\": 420102, \"imagen\": \"plan_2.jpg\", \"id_ciudad\": 5, \"id_informe\": null}'),(674,'UPDATE','2025-11-11 01:05:06',NULL,'{\"id\": 384, \"nombre\": \"Progressive encompassing data-\", \"descripcion\": \"Momentos españa importantes rosa teoría.\\nEntre dan cambio debido aquí decir.\\nSituación cuarto partido seguir duda voy fuentes. Decisión lópez has control esos septiembre.\", \"descripcion_corta\": \"Punto según mira eran ministro libros.\", \"costo_persona\": 163550, \"imagen\": \"66bd8b1ebeda405093aba72dc0501b74.jpg\", \"id_ciudad\": 5, \"id_informe\": null}','{\"id\": 384, \"nombre\": \"Progressive encompassing data-\", \"descripcion\": \"Momentos españa importantes rosa teoría.\\nEntre dan cambio debido aquí decir.\\nSituación cuarto partido seguir duda voy fuentes. Decisión lópez has control esos septiembre.\", \"descripcion_corta\": \"Punto según mira eran ministro libros.\", \"costo_persona\": 163550, \"imagen\": \"66bd8b1ebeda405093aba72dc0501b74.jpg\", \"id_ciudad\": 5, \"id_informe\": null}'),(675,'UPDATE','2025-11-11 01:05:10',NULL,'{\"id\": 385, \"nombre\": \"Operative motivating frame\", \"descripcion\": \"Siquiera color también banco local destino expresión. Ve sistemas resulta miembros.\", \"descripcion_corta\": \"Empresa buenos ley título.\", \"costo_persona\": 347395, \"imagen\": \"plan_10.jpg\", \"id_ciudad\": 1, \"id_informe\": null}','{\"id\": 385, \"nombre\": \"Operative motivating frame\", \"descripcion\": \"Siquiera color también banco local destino expresión. Ve sistemas resulta miembros.\", \"descripcion_corta\": \"Empresa buenos ley título.\", \"costo_persona\": 347395, \"imagen\": \"plan_10.jpg\", \"id_ciudad\": 1, \"id_informe\": null}'),(676,'UPDATE','2025-11-11 01:05:13',NULL,'{\"id\": 387, \"nombre\": \"Balanced static emulation\", \"descripcion\": \"Podrá años será voy alta estar ha nuestro. Plaza palabra resulta área punto martín son.\", \"descripcion_corta\": \"Energía popular sol.\", \"costo_persona\": 322187, \"imagen\": \"66bd8b1ebeda405093aba72dc0501b74.jpg\", \"id_ciudad\": 7, \"id_informe\": null}','{\"id\": 387, \"nombre\": \"Balanced static emulation\", \"descripcion\": \"Podrá años será voy alta estar ha nuestro. Plaza palabra resulta área punto martín son.\", \"descripcion_corta\": \"Energía popular sol.\", \"costo_persona\": 322187, \"imagen\": \"66bd8b1ebeda405093aba72dc0501b74.jpg\", \"id_ciudad\": 7, \"id_informe\": null}'),(677,'UPDATE','2025-11-11 01:05:17',NULL,'{\"id\": 388, \"nombre\": \"Reduced grid-enabled collabora\", \"descripcion\": \"Poder esos sola así creo nuestra. Tú aquellas ojos puerta oficial tribunal eso.\", \"descripcion_corta\": \"Cultural rey línea fuentes.\", \"costo_persona\": 161214, \"imagen\": \"plan_20.jpg\", \"id_ciudad\": 3, \"id_informe\": null}','{\"id\": 388, \"nombre\": \"Reduced grid-enabled collabora\", \"descripcion\": \"Poder esos sola así creo nuestra. Tú aquellas ojos puerta oficial tribunal eso.\", \"descripcion_corta\": \"Cultural rey línea fuentes.\", \"costo_persona\": 161214, \"imagen\": \"plan_20.jpg\", \"id_ciudad\": 3, \"id_informe\": null}'),(678,'UPDATE','2025-11-11 01:05:20',NULL,'{\"id\": 389, \"nombre\": \"Seamless contextually-based ad\", \"descripcion\": \"Educación mucha seis problema calidad realizar vamos. Posición aquel capaz paso hizo bien vio. Ver europa cual plan hacerlo cierta. Aquellas antes marzo menos aun además total.\", \"descripcion_corta\": \"Sector solamente casi.\", \"costo_persona\": 444251, \"imagen\": \"457b58b01b32414dbe9871cc38e5c182.png\", \"id_ciudad\": 1, \"id_informe\": null}','{\"id\": 389, \"nombre\": \"Seamless contextually-based ad\", \"descripcion\": \"Educación mucha seis problema calidad realizar vamos. Posición aquel capaz paso hizo bien vio. Ver europa cual plan hacerlo cierta. Aquellas antes marzo menos aun además total.\", \"descripcion_corta\": \"Sector solamente casi.\", \"costo_persona\": 444251, \"imagen\": \"457b58b01b32414dbe9871cc38e5c182.png\", \"id_ciudad\": 1, \"id_informe\": null}'),(679,'UPDATE','2025-11-11 01:05:23',NULL,'{\"id\": 390, \"nombre\": \"Object-based scalable firmware\", \"descripcion\": \"Cultura pasa quiero difícil diferentes momento juez mano. Electoral diversos siempre distintas derecho. Vía hechos decía tomar conjunto secretario poco.\", \"descripcion_corta\": \"Momento allá fácil su sabe aquellas.\", \"costo_persona\": 464702, \"imagen\": \"9bfd30a35ffc44ecadd9c8ce82a30b67.png\", \"id_ciudad\": 4, \"id_informe\": null}','{\"id\": 390, \"nombre\": \"Object-based scalable firmware\", \"descripcion\": \"Cultura pasa quiero difícil diferentes momento juez mano. Electoral diversos siempre distintas derecho. Vía hechos decía tomar conjunto secretario poco.\", \"descripcion_corta\": \"Momento allá fácil su sabe aquellas.\", \"costo_persona\": 464702, \"imagen\": \"9bfd30a35ffc44ecadd9c8ce82a30b67.png\", \"id_ciudad\": 4, \"id_informe\": null}'),(680,'UPDATE','2025-11-11 01:05:38',NULL,'{\"id\": 387, \"nombre\": \"Balanced static emulation\", \"descripcion\": \"Podrá años será voy alta estar ha nuestro. Plaza palabra resulta área punto martín son.\", \"descripcion_corta\": \"Energía popular sol.\", \"costo_persona\": 322187, \"imagen\": \"66bd8b1ebeda405093aba72dc0501b74.jpg\", \"id_ciudad\": 7, \"id_informe\": null}','{\"id\": 387, \"nombre\": \"Balanced static emulation\", \"descripcion\": \"Podrá años será voy alta estar ha nuestro. Plaza palabra resulta área punto martín son.\", \"descripcion_corta\": \"Energía popular sol.\", \"costo_persona\": 322187, \"imagen\": \"66bd8b1ebeda405093aba72dc0501b74.jpg\", \"id_ciudad\": 7, \"id_informe\": null}'),(681,'UPDATE','2025-11-11 01:05:46',NULL,'{\"id\": 388, \"nombre\": \"Reduced grid-enabled collabora\", \"descripcion\": \"Poder esos sola así creo nuestra. Tú aquellas ojos puerta oficial tribunal eso.\", \"descripcion_corta\": \"Cultural rey línea fuentes.\", \"costo_persona\": 161214, \"imagen\": \"plan_20.jpg\", \"id_ciudad\": 3, \"id_informe\": null}','{\"id\": 388, \"nombre\": \"Reduced grid-enabled collabora\", \"descripcion\": \"Poder esos sola así creo nuestra. Tú aquellas ojos puerta oficial tribunal eso.\", \"descripcion_corta\": \"Cultural rey línea fuentes.\", \"costo_persona\": 161214, \"imagen\": \"plan_20.jpg\", \"id_ciudad\": 3, \"id_informe\": null}'),(682,'UPDATE','2025-11-11 01:05:49',NULL,'{\"id\": 389, \"nombre\": \"Seamless contextually-based ad\", \"descripcion\": \"Educación mucha seis problema calidad realizar vamos. Posición aquel capaz paso hizo bien vio. Ver europa cual plan hacerlo cierta. Aquellas antes marzo menos aun además total.\", \"descripcion_corta\": \"Sector solamente casi.\", \"costo_persona\": 444251, \"imagen\": \"457b58b01b32414dbe9871cc38e5c182.png\", \"id_ciudad\": 1, \"id_informe\": null}','{\"id\": 389, \"nombre\": \"Seamless contextually-based ad\", \"descripcion\": \"Educación mucha seis problema calidad realizar vamos. Posición aquel capaz paso hizo bien vio. Ver europa cual plan hacerlo cierta. Aquellas antes marzo menos aun además total.\", \"descripcion_corta\": \"Sector solamente casi.\", \"costo_persona\": 444251, \"imagen\": \"457b58b01b32414dbe9871cc38e5c182.png\", \"id_ciudad\": 1, \"id_informe\": null}'),(683,'UPDATE','2025-11-11 01:05:52',NULL,'{\"id\": 390, \"nombre\": \"Object-based scalable firmware\", \"descripcion\": \"Cultura pasa quiero difícil diferentes momento juez mano. Electoral diversos siempre distintas derecho. Vía hechos decía tomar conjunto secretario poco.\", \"descripcion_corta\": \"Momento allá fácil su sabe aquellas.\", \"costo_persona\": 464702, \"imagen\": \"9bfd30a35ffc44ecadd9c8ce82a30b67.png\", \"id_ciudad\": 4, \"id_informe\": null}','{\"id\": 390, \"nombre\": \"Object-based scalable firmware\", \"descripcion\": \"Cultura pasa quiero difícil diferentes momento juez mano. Electoral diversos siempre distintas derecho. Vía hechos decía tomar conjunto secretario poco.\", \"descripcion_corta\": \"Momento allá fácil su sabe aquellas.\", \"costo_persona\": 464702, \"imagen\": \"9bfd30a35ffc44ecadd9c8ce82a30b67.png\", \"id_ciudad\": 4, \"id_informe\": null}'),(684,'UPDATE','2025-11-11 01:05:56',NULL,'{\"id\": 391, \"nombre\": \"Synergized exuding Graphical U\", \"descripcion\": \"Zona carlos algún orden autor.\\nEspañol atención necesidad. Miedo ir agua elecciones dónde.\", \"descripcion_corta\": \"Modo hacía al mayoría parecía vez hechos.\", \"costo_persona\": 212062, \"imagen\": \"plan_15.jpg\", \"id_ciudad\": 2, \"id_informe\": null}','{\"id\": 391, \"nombre\": \"Synergized exuding Graphical U\", \"descripcion\": \"Zona carlos algún orden autor.\\nEspañol atención necesidad. Miedo ir agua elecciones dónde.\", \"descripcion_corta\": \"Modo hacía al mayoría parecía vez hechos.\", \"costo_persona\": 212062, \"imagen\": \"plan_15.jpg\", \"id_ciudad\": 2, \"id_informe\": null}'),(685,'UPDATE','2025-11-11 01:06:00',NULL,'{\"id\": 392, \"nombre\": \"Multi-lateral bi-directional g\", \"descripcion\": \"Estos ciento sí más. Peor si particular embargo lugar dio. Enero recuerdo operación cultura está total. Algunos pronto yo semana.\", \"descripcion_corta\": \"Futuro dentro paz.\", \"costo_persona\": 104018, \"imagen\": \"1f777466607d4efea4fe7bd254420768.png\", \"id_ciudad\": 8, \"id_informe\": null}','{\"id\": 392, \"nombre\": \"Multi-lateral bi-directional g\", \"descripcion\": \"Estos ciento sí más. Peor si particular embargo lugar dio. Enero recuerdo operación cultura está total. Algunos pronto yo semana.\", \"descripcion_corta\": \"Futuro dentro paz.\", \"costo_persona\": 104018, \"imagen\": \"1f777466607d4efea4fe7bd254420768.png\", \"id_ciudad\": 8, \"id_informe\": null}'),(686,'UPDATE','2025-11-11 01:06:03',NULL,'{\"id\": 393, \"nombre\": \"Integrated executive knowledge\", \"descripcion\": \"Afirmó desarrollo color capital deben. Dio serie padres armas dos ideas medios del.\", \"descripcion_corta\": \"Productos r llamado medio.\", \"costo_persona\": 110608, \"imagen\": \"plan_8.jpg\", \"id_ciudad\": 5, \"id_informe\": null}','{\"id\": 393, \"nombre\": \"Integrated executive knowledge\", \"descripcion\": \"Afirmó desarrollo color capital deben. Dio serie padres armas dos ideas medios del.\", \"descripcion_corta\": \"Productos r llamado medio.\", \"costo_persona\": 110608, \"imagen\": \"plan_8.jpg\", \"id_ciudad\": 5, \"id_informe\": null}'),(687,'UPDATE','2025-11-11 01:06:06',NULL,'{\"id\": 394, \"nombre\": \"Devolved maximized approach\", \"descripcion\": \"Uno pasado más tiene pp. Lleva noviembre debía producto tomar. Trata sala mirada donde prensa miguel cuestión.\", \"descripcion_corta\": \"Ejemplo e mira principales.\", \"costo_persona\": 151010, \"imagen\": \"16b8dbf712ae4649a79b6273f6d80fc4.png\", \"id_ciudad\": 4, \"id_informe\": null}','{\"id\": 394, \"nombre\": \"Devolved maximized approach\", \"descripcion\": \"Uno pasado más tiene pp. Lleva noviembre debía producto tomar. Trata sala mirada donde prensa miguel cuestión.\", \"descripcion_corta\": \"Ejemplo e mira principales.\", \"costo_persona\": 151010, \"imagen\": \"16b8dbf712ae4649a79b6273f6d80fc4.png\", \"id_ciudad\": 4, \"id_informe\": null}');
/*!40000 ALTER TABLE `auditoria_plan` ENABLE KEYS */;
UNLOCK TABLES;

--
-- Table structure for table `ciudad`
--

DROP TABLE IF EXISTS `ciudad`;
/*!40101 SET @saved_cs_client     = @@character_set_client */;
/*!50503 SET character_set_client = utf8mb4 */;
CREATE TABLE `ciudad` (
  `id` int(11) NOT NULL AUTO_INCREMENT,
  `nombre` varchar(20) DEFAULT NULL,
  PRIMARY KEY (`id`),
  UNIQUE KEY `nombre` (`nombre`)
) ENGINE=InnoDB AUTO_INCREMENT=9 DEFAULT CHARSET=utf8mb4 COLLATE=utf8mb4_general_ci;
/*!40101 SET character_set_client = @saved_cs_client */;

--
-- Dumping data for table `ciudad`
--

LOCK TABLES `ciudad` WRITE;
/*!40000 ALTER TABLE `ciudad` DISABLE KEYS */;
INSERT INTO `ciudad` VALUES (4,'Barranquilla'),(1,'Bogotá'),(6,'Bucaramanga'),(3,'Cali'),(5,'Cartagena'),(8,'Cundinamarca'),(2,'Medellín'),(7,'Pereira');
/*!40000 ALTER TABLE `ciudad` ENABLE KEYS */;
UNLOCK TABLES;

--
-- Table structure for table `estadia`
--

DROP TABLE IF EXISTS `estadia`;
/*!40101 SET @saved_cs_client     = @@character_set_client */;
/*!50503 SET character_set_client = utf8mb4 */;
CREATE TABLE `estadia` (
  `id` int(11) NOT NULL AUTO_INCREMENT,
  `habitacion` varchar(100) NOT NULL,
  `numHabitacion` varchar(200) NOT NULL,
  `numDias` varchar(200) NOT NULL,
  `numNoche` varchar(200) NOT NULL,
  `precioDia` varchar(200) NOT NULL,
  `precioNoche` varchar(200) NOT NULL,
  `tipoHabitacion` varchar(200) NOT NULL,
  `id_hotel` int(11) NOT NULL,
  PRIMARY KEY (`id`),
  KEY `id_hotel` (`id_hotel`),
  CONSTRAINT `estadia_ibfk_1` FOREIGN KEY (`id_hotel`) REFERENCES `hotel` (`id`)
) ENGINE=InnoDB DEFAULT CHARSET=utf8mb4 COLLATE=utf8mb4_general_ci;
/*!40101 SET character_set_client = @saved_cs_client */;

--
-- Dumping data for table `estadia`
--

LOCK TABLES `estadia` WRITE;
/*!40000 ALTER TABLE `estadia` DISABLE KEYS */;
/*!40000 ALTER TABLE `estadia` ENABLE KEYS */;
UNLOCK TABLES;

--
-- Table structure for table `favorito`
--

DROP TABLE IF EXISTS `favorito`;
/*!40101 SET @saved_cs_client     = @@character_set_client */;
/*!50503 SET character_set_client = utf8mb4 */;
CREATE TABLE `favorito` (
  `id` int(11) NOT NULL AUTO_INCREMENT,
  `id_turista` int(11) NOT NULL,
  `id_plan` int(11) NOT NULL,
  PRIMARY KEY (`id`),
  KEY `id_plan` (`id_plan`),
  KEY `id_turista` (`id_turista`),
  CONSTRAINT `favorito_ibfk_1` FOREIGN KEY (`id_plan`) REFERENCES `plan` (`id`),
  CONSTRAINT `favorito_ibfk_2` FOREIGN KEY (`id_turista`) REFERENCES `turista` (`id`)
) ENGINE=InnoDB DEFAULT CHARSET=utf8mb4 COLLATE=utf8mb4_general_ci;
/*!40101 SET character_set_client = @saved_cs_client */;

--
-- Dumping data for table `favorito`
--

LOCK TABLES `favorito` WRITE;
/*!40000 ALTER TABLE `favorito` DISABLE KEYS */;
/*!40000 ALTER TABLE `favorito` ENABLE KEYS */;
UNLOCK TABLES;

--
-- Table structure for table `hotel`
--

DROP TABLE IF EXISTS `hotel`;
/*!40101 SET @saved_cs_client     = @@character_set_client */;
/*!50503 SET character_set_client = utf8mb4 */;
CREATE TABLE `hotel` (
  `id` int(11) NOT NULL AUTO_INCREMENT,
  `nombre` varchar(100) NOT NULL,
  `direccion` varchar(200) NOT NULL,
  PRIMARY KEY (`id`)
) ENGINE=InnoDB DEFAULT CHARSET=utf8mb4 COLLATE=utf8mb4_general_ci;
/*!40101 SET character_set_client = @saved_cs_client */;

--
-- Dumping data for table `hotel`
--

LOCK TABLES `hotel` WRITE;
/*!40000 ALTER TABLE `hotel` DISABLE KEYS */;
/*!40000 ALTER TABLE `hotel` ENABLE KEYS */;
UNLOCK TABLES;

--
-- Table structure for table `informe`
--

DROP TABLE IF EXISTS `informe`;
/*!40101 SET @saved_cs_client     = @@character_set_client */;
/*!50503 SET character_set_client = utf8mb4 */;
CREATE TABLE `informe` (
  `id` int(11) NOT NULL AUTO_INCREMENT,
  `nombre` varchar(100) NOT NULL,
  `fecha_creacion` datetime NOT NULL,
  `id_administrador` int(11) DEFAULT NULL,
  `ruta_pdf` varchar(500) NOT NULL,
  PRIMARY KEY (`id`),
  UNIQUE KEY `nombre` (`nombre`),
  KEY `id_administrador` (`id_administrador`),
  KEY `ix_informe_id` (`id`),
  CONSTRAINT `informe_ibfk_1` FOREIGN KEY (`id_administrador`) REFERENCES `administrador` (`id`)
) ENGINE=InnoDB AUTO_INCREMENT=4 DEFAULT CHARSET=utf8mb4 COLLATE=utf8mb4_general_ci;
/*!40101 SET character_set_client = @saved_cs_client */;

--
-- Dumping data for table `informe`
--

LOCK TABLES `informe` WRITE;
/*!40000 ALTER TABLE `informe` DISABLE KEYS */;
INSERT INTO `informe` VALUES (1,'sdfdsf','2025-11-05 00:59:14',1,'C:\\proyecto_back-end\\Preyecto_2\\backend-pruebas\\uploads\\informes\\sdfdsf_20251105005914.pdf'),(2,'lolp','2025-11-10 20:26:47',1,'C:\\proyecto_back-end\\Preyecto_2\\backend-pruebas\\uploads\\informes\\lolp_20251110202647.pdf'),(3,'wef','2025-11-11 00:24:25',1,'C:\\proyecto_back-end\\Preyecto_2\\backend-pruebas\\uploads\\informes\\wef_20251111002425.pdf');
/*!40000 ALTER TABLE `informe` ENABLE KEYS */;
UNLOCK TABLES;

--
-- Table structure for table `persona_reserva`
--

DROP TABLE IF EXISTS `persona_reserva`;
/*!40101 SET @saved_cs_client     = @@character_set_client */;
/*!50503 SET character_set_client = utf8mb4 */;
CREATE TABLE `persona_reserva` (
  `id` int(11) NOT NULL AUTO_INCREMENT,
  `nombre` varchar(50) NOT NULL,
  `tipo_identificacion` varchar(5) NOT NULL,
  `identificacion` varchar(15) NOT NULL,
  `edad` int(11) NOT NULL,
  `id_reserva` int(11) NOT NULL,
  PRIMARY KEY (`id`),
  KEY `id_reserva` (`id_reserva`),
  KEY `ix_persona_reserva_id` (`id`),
  CONSTRAINT `persona_reserva_ibfk_1` FOREIGN KEY (`id_reserva`) REFERENCES `reserva` (`id`) ON DELETE CASCADE
) ENGINE=InnoDB AUTO_INCREMENT=6 DEFAULT CHARSET=utf8mb4 COLLATE=utf8mb4_general_ci;
/*!40101 SET character_set_client = @saved_cs_client */;

--
-- Dumping data for table `persona_reserva`
--

LOCK TABLES `persona_reserva` WRITE;
/*!40000 ALTER TABLE `persona_reserva` DISABLE KEYS */;
INSERT INTO `persona_reserva` VALUES (5,'Juanito Alimaña','CC','12245524565',20,43);
/*!40000 ALTER TABLE `persona_reserva` ENABLE KEYS */;
UNLOCK TABLES;

--
-- Table structure for table `plan`
--

DROP TABLE IF EXISTS `plan`;
/*!40101 SET @saved_cs_client     = @@character_set_client */;
/*!50503 SET character_set_client = utf8mb4 */;
CREATE TABLE `plan` (
  `id` int(11) NOT NULL AUTO_INCREMENT,
  `nombre` varchar(30) DEFAULT NULL,
  `descripcion` varchar(200) DEFAULT NULL,
  `descripcion_corta` varchar(100) DEFAULT NULL,
  `costo_persona` int(11) DEFAULT NULL,
  `imagen` varchar(255) DEFAULT NULL,
  `id_ciudad` int(11) DEFAULT NULL,
  `id_informe` int(11) DEFAULT NULL,
  `id_Admin` int(11) DEFAULT NULL,
  `fecha_creacion` datetime DEFAULT current_timestamp(),
  `mostrar_en_carrusel` tinyint(1) DEFAULT NULL,
  PRIMARY KEY (`id`),
  UNIQUE KEY `descripcion` (`descripcion`),
  UNIQUE KEY `descripcion_corta` (`descripcion_corta`),
  UNIQUE KEY `nombre` (`nombre`),
  KEY `id_Admin` (`id_Admin`),
  KEY `id_ciudad` (`id_ciudad`),
  KEY `id_informe` (`id_informe`),
  CONSTRAINT `plan_ibfk_1` FOREIGN KEY (`id_Admin`) REFERENCES `administrador` (`id`),
  CONSTRAINT `plan_ibfk_2` FOREIGN KEY (`id_ciudad`) REFERENCES `ciudad` (`id`),
  CONSTRAINT `plan_ibfk_3` FOREIGN KEY (`id_informe`) REFERENCES `informe` (`id`)
) ENGINE=InnoDB AUTO_INCREMENT=396 DEFAULT CHARSET=utf8mb4 COLLATE=utf8mb4_general_ci;
/*!40101 SET character_set_client = @saved_cs_client */;

--
-- Dumping data for table `plan`
--

LOCK TABLES `plan` WRITE;
/*!40000 ALTER TABLE `plan` DISABLE KEYS */;
INSERT INTO `plan` VALUES (28,'Tour por la Candelaria','Recorrido guiado a pie por el barrio histórico La Candelaria, visitando murales, arquitectura colonial, Plaza de Bolívar y Museo del Oro.','Tour a pie por el centro histórico de Bogotá.',70000,'088056bc84cc46449023b8c394537c5e.png',1,NULL,NULL,'2025-07-05 00:31:09',1),(29,'Tour Comuna 13','Visita guiada a la Comuna 13, grafitis, historia de transformación social, escaleras eléctricas y miradores. Duración 3–4 horas.','Grafiti tour en Comuna 13.',59999,'16b8dbf712ae4649a79b6273f6d80fc4.png',2,NULL,NULL,'2025-07-05 00:31:09',NULL),(32,'Tour Manglares La Boquilla ','Paseo en canoa por los manglares de La Boquilla con guía local, avistamiento de aves y taller de pesca artesanal. Duración 2 horas.','Paseo en canoa por manglares.',120000,'a043eb709da54029807e58dab366db91.png',5,NULL,NULL,'2025-07-05 00:31:09',NULL),(33,'Tour Café (Zona Cafetera)','Experiencia cafetera en finca de Quindío o Risaralda: recorrido por cafetales, proceso y cata. Duración 4 horas aprox.','Experiencia cafetera tradicional.',90000,'2f8adce976d34e578f00d7d85adb0cb2.png',2,NULL,NULL,'2025-07-05 00:31:09',NULL),(34,'Caminata al Salto del Tequenda','Caminata guiada por senderos naturales hasta el mirador de la cascada Salto del Tequendama. Duración 3 horas.','Senderismo al Salto del Tequendama.',50000,'cfee742fcb8e4bfaa718d3fd6732a99b.png',3,NULL,NULL,'2025-07-05 00:31:09',1),(35,'Monserrate & Museo del Oro ','Tour de medio día que incluye subida al cerro de Monserrate para ver vista panorámica de Bogotá + visita al Museo del Oro para conocer la colección prehispánica.','Vista y cultura en Bogotá.',190000,'28ac0779f5d34bfc82c163d88257a791.png',1,NULL,NULL,'2025-07-05 00:31:09',NULL),(36,'Mina de Sal de Zipaquirá','Excursión de medio día para visitar la Catedral de Sal; recorrido por galerías subterráneas y sala de tormentas.','Catedral de Sal.',265000,'d19f74d395f04f6ab243adc614b88e32.png',8,NULL,NULL,'2025-07-05 00:31:09',NULL),(37,'La Chorrera ','Caminata / senderismo hacia la cascada La Chorrera, con guía, naturaleza, vistas y tiempo para baño si el clima lo permite.','Cascada La Chorrera.',270000,'dcf436b3fb7d45e482b4ac52d9a5a737.png',8,NULL,NULL,'2025-07-05 00:31:09',NULL),(38,'Parque Natural Chicaque','Excursión de medio día en bosque de niebla con senderos, miradores y contacto con naturaleza cerca de Bogotá.','Bosque de niebla en Chicaque.',250000,'457b58b01b32414dbe9871cc38e5c182.png',8,NULL,NULL,'2025-07-05 00:31:09',NULL),(39,'Tour Ciudad Vieja & Castillo S','Recorrido guiado de unas pocas horas por Getsemaní, la Ciudad Amurallada y el Castillo San Felipe de Barajas, apreciando arquitectura colonial.','Historia colonial en Cartagena.',200000,'1f777466607d4efea4fe7bd254420768.png',5,NULL,NULL,'2025-07-05 00:31:09',NULL),(40,'Free Bike Tour Bogotá','Recorrido en bicicleta por zonas representativas de Bogotá, explorando parques, arte callejero y panorámicas, guiado.','Bici por Bogotá gratis.',0,'e4e0b4c8f4e8490fbf9e8e94f8bd6c35.png',1,NULL,NULL,'2025-07-05 00:31:09',NULL),(41,'Graffiti & Identity ','Tour guiado de arte urbano y grafiti en Bogotá, aprendiendo sobre los artistas, los mensajes y la transformación cultural.','Grafiti y arte urbano Bogotá.',60000,'9bfd30a35ffc44ecadd9c8ce82a30b67.png',1,NULL,NULL,'2025-07-05 00:31:09',NULL),(176,'Visionary full-range projectio','Campaña noche a justicia lenguaje. Llamado temas afirmó fecha tu principio. Hace resultados padre. Fácil medios he cabo.','R existen países nuestras.',425439,'66bd8b1ebeda405093aba72dc0501b74.jpg',2,NULL,1,'2025-11-06 21:43:03',0),(177,'Vision-oriented methodical fun','Española mujeres rosa le solución amigo análisis cosas. Don políticos g.','Grande propios barcelona.',254584,'plan_11.jpg',2,NULL,1,'2025-11-06 21:43:03',0),(178,'Optimized incremental neural-n','Popular nuevos cosas encima tribunal producto. Estructura ocasión político formación no nueva.','Muerto conocimiento toma habría.',451499,'2f8adce976d34e578f00d7d85adb0cb2.png',2,NULL,1,'2025-11-06 21:43:03',0),(179,'Monitored exuding access','Lenguaje hecho libre sentido hemos. Encuentra pequeña grandes movimiento. Tenido ocasión cual quién río servicio tener.','Conjunto existencia empresas cuba.',312269,'plan_9.jpg',5,NULL,1,'2025-11-06 21:43:03',0),(180,'Persevering value-added algori','Hijos grado verdad hubo blanca. Energía españa hija club seguro peor mitad. Una sol primera.','Tengo formación curso estudios te atención.',263824,'plan_11.jpg',2,NULL,1,'2025-11-06 21:43:03',0),(181,'Polarized upward-trending supp','Hijos las encuentro ningún imágenes capaz área nombre. Horas trata ojos cada.','Dios ningún este ii pueblo que.',258734,'plan_9.jpg',6,NULL,1,'2025-11-06 21:43:03',0),(182,'Function-based methodical adap','Mujeres vida europa aquellos cuadro. Dólares largo nuevas ex sur volver. Arte relaciones duda corte pone siendo.','Propio dónde diversos hace allí especial.',372895,'plan_10.jpg',3,NULL,1,'2025-11-06 21:43:03',0),(183,'Fully-configurable optimal mor','Lucha juez dejar cabo historia. Local título dejó aquella cuenta.','Muy público modelo.',334401,'plan_8.jpg',4,NULL,1,'2025-11-06 21:43:03',0),(184,'Cloned multi-state process imp','Justicia primeros algunas máximo. Pueblo haber hechos total cuadro elementos ir. Enfermedad futuro d oposición.','Tener esos paciente tenido reforma partes.',460011,'plan_11.jpg',2,NULL,1,'2025-11-06 21:43:03',0),(185,'Streamlined zero administratio','Podía consecuencia problema principio hacia haber. Electoral relaciones habla. Razón partes flores evitar.','Oposición militar amigo próximo.',389957,'plan_19.jpg',2,NULL,1,'2025-11-06 21:43:03',0),(186,'Reactive impactful framework','Tierra nadie fin mayor tipo. Éste eran color evitar. Uso investigación hora siempre cine volver haber.','Interior acto línea quien considera mediante.',244675,'plan_8.jpg',8,NULL,1,'2025-11-06 21:43:03',0),(187,'User-centric zero-defect super','Radio m solamente pública público llegado pone distintas. Europea fecha apoyo luz políticas porque. Porque grupo quiere tú falta militar social primeras.','Meses santiago ii españa información muchas.',286513,'plan_1.jpg',4,NULL,1,'2025-11-06 21:43:03',0),(266,'Universal empowering algorithm','Siete socialista produce tribunal d vía. Nuevos asunto cada clase instituciones palabras necesidad cabo.','Usted lejos calle.',128642,'plan_16.jpg',5,NULL,1,'2025-07-06 21:43:03',0),(267,'Assimilated actuating moratori','Del fuerza ver existencia. Buenos especialmente cuando afirmó políticos los base. Mira análisis i millones después elecciones éxito. Civil gonzález cuerpo diversos ello.','Plazo estaban largo.',192028,'plan_14.jpg',4,NULL,1,'2025-07-06 21:43:03',0),(268,'Switchable global architecture','Cierta práctica esto hacerlo opinión. Francisco éxito realidad.\nCampo hospital medio habían reunión. Mayor ni número imágenes durante padres.','Popular uso teoría la.',389051,'66bd8b1ebeda405093aba72dc0501b74.jpg',3,NULL,1,'2025-07-06 21:43:03',0),(269,'Mandatory asynchronous project','América fin principios creación materia sabía. Encuentro sé allá españa económico tan natural.','Jamás mismos medida situación.',364185,'d19f74d395f04f6ab243adc614b88e32.png',4,NULL,1,'2025-07-06 21:43:03',0),(270,'Total bifurcated synergy','Ejemplo campaña jorge éste música. Permite está vamos sentido dolor falta.','Ojos seis fue especial parís tarde europea.',428729,'plan_10.jpg',3,NULL,1,'2025-07-06 21:43:03',0),(271,'Re-engineered systemic hardwar','Fuego doctor ni enero amigo son. Europa quienes único nuestros pueblo. Encuentro amigo sobre sé tratamiento tengo llegó.','Calidad mitad número información.',172160,'plan_13.jpg',3,NULL,1,'2025-07-06 21:43:03',0),(272,'Team-oriented tertiary functio','Nuestras has número junto ejemplo boca. Si gobierno actividad libro unión trabajadores. Unión padres reforma corte mí obras. Llegado práctica te título electoral muy.','Puede ese volvió resultado.',379963,'plan_20.jpg',2,NULL,1,'2025-07-06 21:43:03',0),(273,'Monitored 5thgeneration knowle','Ciudad estaba habla actitud vez grupos futuro. Están nivel alta materia. Industria tierra constitución otra tenido.','Riesgo cuestión única llevar.',433362,'plan_12.jpg',2,NULL,1,'2025-07-06 21:43:03',0),(274,'Optimized radical website','Sangre amor cuanto hacía haber mar contrario cosa. Semana dólares mi pasar. Señor bajo pero éxito banco seguir manos sociales.','Aquí ii educación memoria de.',319547,'dcf436b3fb7d45e482b4ac52d9a5a737.png',7,NULL,1,'2025-07-06 21:43:03',0),(275,'Virtual encompassing analyzer','Salida lugar lado española razones palabras anterior. Bien comenzó especialmente cosa.\nEmpresas posición sola río. Izquierda superior violencia hermano después atrás resultados.','Imagen mirada color ésta pesetas.',398815,'plan_19.jpg',7,NULL,1,'2025-07-06 21:43:03',0),(276,'Re-contextualized scalable kno','Mi interior viejo dentro unidos tiene. Trabajadores cuestión toda cara.','Quienes distintos plazo mujer.',442153,'plan_4.jpg',7,NULL,1,'2025-07-06 21:43:03',0),(277,'Extended eco-centric model','Dios toda importante adelante. Comisión mi marcha del. Estilo arriba hizo zona desarrollo instituto total partido. Pedro santiago demasiado hizo pedro posibilidades.','Obras rosa encuentran.',131120,'plan_19.jpg',8,NULL,1,'2025-07-06 21:43:03',0),(278,'Pre-emptive directional Intern','Amigo color gracias estados. Conseguir medios obstante manuel flores movimiento como modelo.','Baja peso larga largo.',179554,'plan_17.jpg',4,NULL,1,'2025-07-06 21:43:03',0),(279,'Reverse-engineered analyzing i','Bueno muestra esta s resultado televisión parece. Información después sistemas padres.','Carta ésta razón les victoria.',371908,'9bfd30a35ffc44ecadd9c8ce82a30b67.png',7,NULL,1,'2025-07-06 21:43:03',0),(280,'Organized foreground intranet','Diferentes información cual desde comunidad casi habría. Encontrar llamado sala región pequeño serán quien modo. Cuarto entre quizá existen vio he.','Ayuda sistemas niño necesario p hecho.',287831,'plan_3.jpg',5,NULL,1,'2025-07-06 21:43:03',0),(281,'Configurable systematic frame','Apenas pese plan televisión. Le mil unos pública imagen deja zona.','Estaban del las.',443714,'plan_17.jpg',4,NULL,1,'2025-07-06 21:43:03',0),(282,'Re-contextualized systemic dat','Esos cuando miguel. Esas voluntad político grandes tema. Difícil modelo segunda quiere además otro.','Después autoridades supuesto.',331801,'plan_13.jpg',5,NULL,1,'2025-07-06 21:43:03',0),(283,'Customizable heuristic matrix','Semana propuesta aspecto cuanto. Cuenta martín hijos. Importante mayo esa puesto otras vino.','Centros tiempos comenzó crecimiento especie razones.',173020,'2f8adce976d34e578f00d7d85adb0cb2.png',8,NULL,1,'2025-07-06 21:43:03',0),(284,'Seamless 24hour solution','Acerca precio figura ocho vez.\nIncluso mismos negro minutos cosa programa aunque falta.','Curso conocimiento tras cuanto pasa cierta.',220605,'plan_13.jpg',2,NULL,1,'2025-07-06 21:43:03',0),(285,'Automated mobile Internet solu','Hijos campo contrario superior ejemplo solamente.','Poner victoria principios buenos.',247228,'12d1664533854a908cf378d1db8a236f.jpg',4,NULL,1,'2025-07-06 21:43:03',0),(286,'Upgradable dynamic hardware','Cuenta aquí fútbol santiago tribunal otra ninguna.\nÁrea momentos supuesto siendo. Entrada días eso uso g encuentra encuentra don.','Embargo existe méxico llegó.',328468,'088056bc84cc46449023b8c394537c5e.png',6,NULL,1,'2025-07-06 21:43:03',0),(287,'Front-line foreground website','Tampoco está diversos artículo. Me mayo precisamente industria rey. Martín barcelona encima ocasiones mitad especialmente bien.\nCarne se objetivo imágenes p.','Pedro no viaje tribunal habría casos.',100831,'dcf436b3fb7d45e482b4ac52d9a5a737.png',6,NULL,1,'2025-07-06 21:43:03',0),(288,'Advanced encompassing infrastr','Memoria casa niño todos.\nAquellas decir sus septiembre algunos ii comisión. Pese r modo.','Ejército enero peor.',306002,'70f62a1bda25417ca8537dcc2904d22f.jpg',7,NULL,1,'2025-07-06 21:43:03',0),(289,'Open-architected holistic fram','Tres propios campo mucha pues jamás ambiente debe. Bien n puesto peso bueno mujeres hechos crisis. Perdido josé e. Punto realidad social dice mar.','Durante manera teoría comercio persona cultura.',132049,'plan_4.jpg',4,NULL,1,'2025-07-06 21:43:03',0),(290,'Networked clear-thinking emula','Pregunta artículo asociación suficiente. Cosas ve cuenta políticas cada difícil.\nMirada entre mujeres actual cama edad. Español material esa instituciones consumo objetivo.','Términos madrid instituto he revolución.',242211,'plan_19.jpg',6,NULL,1,'2025-07-06 21:43:03',0),(291,'Vision-oriented eco-centric mi','Ver algo fecha. También nuestras corazón nuestras las ellas casi.\nUnidos unidos él marzo doctor construcción. Cuyo ayuda europea primeros.','Tierra nivel dicen solo.',275266,'plan_8.jpg',3,NULL,1,'2025-07-06 21:43:03',0),(292,'Distributed reciprocal hardwar','Aumento ni grupos llegar. Visita amor sobre bien nuestra.','Secretario forma s personal.',446814,'plan_3.jpg',1,NULL,1,'2025-07-06 21:43:03',0),(293,'Right-sized leadingedge firmwa','México estados difícil régimen quienes ministerio. Contenido análisis lado doctor donde sin niño.','Recuerdo económico cuando.',409943,'457b58b01b32414dbe9871cc38e5c182.png',3,NULL,1,'2025-07-06 21:43:03',0),(294,'Profound tangible attitude','Relaciones todavía análisis opinión vuelta niños sabe. Torno aunque particular u arriba administración con dejó. Cine arte señor.','Hacía fuerzas media ocasiones dio fuera.',439597,'plan_13.jpg',4,NULL,1,'2025-08-06 21:43:03',0),(295,'Mandatory exuding middleware','Ocho servicios público cierta oficial realidad quienes. Diario cultural podía natural libertad trabajar.','Demás s ellas supuesto uno práctica.',192136,'plan_11.jpg',4,NULL,1,'2025-08-06 21:43:03',0),(296,'Fundamental eco-centric approa','Menor después relación hacía. Padre parece etc ninguna único aun sector. Buena zona formación bastante estuvo militares informe s.','Diciembre sino fuego superior diez república.',134986,'plan_18.jpg',8,NULL,1,'2025-08-06 21:43:03',0),(297,'Expanded user-facing policy','Por causa camino palabras natural tenemos. Hospital práctica tanto visita dejó pensar.','Cara primera fuera dos rodríguez expresión creo.',175904,'plan_14.jpg',1,NULL,1,'2025-08-06 21:43:03',0),(298,'Pre-emptive methodical initiat','Corte sigue sola día todavía nada. Allá yo reunión líder toda efectos cuerpo. Algo pasado única libros ayuda texto poco etc.','Hombres precios importante nuevas.',373810,'66bd8b1ebeda405093aba72dc0501b74.jpg',5,NULL,1,'2025-08-06 21:43:03',0),(299,'Seamless system-worthy open sy','Ir casi común llega. Porque adelante septiembre hechos jefe le vía aumento.\nAdministración energía favor. Desde servicio puerto trabajadores falta aunque era.','Siglo barcelona enero.',152321,'dcf436b3fb7d45e482b4ac52d9a5a737.png',8,NULL,1,'2025-08-06 21:43:03',0),(300,'Exclusive mobile matrices','Duda dan ministro antonio hay pues autor. Memoria capital alguien encuentro. Políticos ir nombre desde desde relaciones siglo. Mesa actitud ellas miedo padre siguiente.','Aquella del bien mal.',159312,'70f62a1bda25417ca8537dcc2904d22f.jpg',3,NULL,1,'2025-08-06 21:43:03',0),(301,'Synergistic neutral time-frame','Países jóvenes puerta no antonio buenos largo esas. Segunda ejército oposición nuevas cuerpo. Hija garcía empresa servicio.\nDiferencia miembros mí. Especial paz país juez.','Animales relación zona.',405290,'plan_8.jpg',1,NULL,1,'2025-08-06 21:43:03',0),(302,'Horizontal didactic emulation','Mesa dentro mejores tales exterior. Espacio flores padre sectores plazo nuevos da.','Precios algún pregunta pedro asociación.',203228,'plan_1.jpg',5,NULL,1,'2025-08-06 21:43:03',0),(303,'Diverse coherent hierarchy','Próximo ya crecimiento rodríguez niño sabía precio. Peso todas paz fácil.','Existe central película cama.',165093,'plan_8.jpg',5,NULL,1,'2025-08-06 21:43:03',0),(304,'Pre-emptive static intranet','Acuerdo siquiera función. Suelo aun fin aquí pueblo fecha.\nPermite riesgo vez produce octubre niños. Entrada jamás otros mar baja luis.','Antonio marco aparece.',418371,'70f62a1bda25417ca8537dcc2904d22f.jpg',6,NULL,1,'2025-08-06 21:43:03',0),(305,'Customizable regional implemen','Siempre casa españoles sea llamado acción importantes. Tiempo violencia pudo primeras saber campaña.','Sí finalmente manos cuanto alguna.',276848,'2f8adce976d34e578f00d7d85adb0cb2.png',6,NULL,1,'2025-08-06 21:43:03',0),(306,'Adaptive asynchronous core','Siguiente reforma teoría mano seguro. Sin ningún hacer.\nExistencia sueño puntos. Amigos siguientes afirmó ciudad c unas esfuerzo.','Sobre podría historia estados varias especial.',124110,'16b8dbf712ae4649a79b6273f6d80fc4.png',7,NULL,1,'2025-08-06 21:43:03',0),(307,'Progressive user-facing encodi','Capital por orden paso general. Española calle sangre dado carta ciencia. Arte plan siguiente productos verdad arriba parte. Antonio noviembre región ello tiempos muerto decía.','U toma consumo datos cuestión encuentro futuro.',435692,'plan_12.jpg',1,NULL,1,'2025-08-06 21:43:03',0),(308,'Multi-lateral neutral orchestr','Muy derecha octubre garcía calidad. Podía gente consejo natural posible participación. Ahora banco tendrá dice único.\nSemana sigue tarde ojos maría hacia actividades.','Año cabeza ante falta izquierda mejores.',297572,'12d1664533854a908cf378d1db8a236f.jpg',2,NULL,1,'2025-08-06 21:43:03',0),(309,'Exclusive systemic open archit','Español varias igual yo juan según quizá. Dejar zona difícil. Concepto poco san. Camino volver valores interior aun tanto.','Cinco mismo vuelta años años diario.',117085,'plan_1.jpg',8,NULL,1,'2025-08-06 21:43:03',0),(310,'Phased context-sensitive Local','Tres fútbol sala victoria fueron mucho. Nadie buena medidas debía esos. Todas nuevas mantener francia relación dejar conocer.','Donde tiene sido volvió lucha puesto.',396271,'088056bc84cc46449023b8c394537c5e.png',2,NULL,1,'2025-08-06 21:43:03',0),(311,'Fully-configurable logistical ','Tierra suelo apoyo persona futuro deja gran. Jorge lenguaje pero ellas año casa vida objeto.\nComunicación programas p puesto siete. Dicho superior josé sido cualquier crisis.','Voz primera carrera condiciones.',281517,'plan_5.jpg',3,NULL,1,'2025-08-06 21:43:03',0),(312,'Reverse-engineered multi-taski','Cada violencia nos volver diversos. Particular enfermedad hacen. Instituto ve posibilidades nosotros dos pesar.','Aquel social habrá le etc muchos.',455887,'12d1664533854a908cf378d1db8a236f.jpg',2,NULL,1,'2025-08-06 21:43:03',0),(313,'Progressive mission-critical t','Plan valor b. Rosa aquellas haber.\nMundial había semanas superior hace. Finalmente máximo llegó especie profesional resto. Las empresas juez educación.','Se causa francisco zona le.',495412,'plan_8.jpg',4,NULL,1,'2025-08-06 21:43:03',0),(314,'Stand-alone 24hour policy','Estamos conocimiento cuerpo comunidad serán padres pues todos. No mi padre nos tras.\nViene queda empresa ninguna meses mil productos. Sueño llamado amigo tras cambio.','Sí cine país servicio arriba mes.',123965,'plan_20.jpg',8,NULL,1,'2025-08-06 21:43:03',0),(315,'Assimilated didactic Local Are','Real ideas próximo objeto técnica estaban siendo. Ello primero niño llevar rafael unión. Acuerdo menos premio ideas cama teatro superior.','Generales hombre vio población.',235431,'088056bc84cc46449023b8c394537c5e.png',2,NULL,1,'2025-09-06 21:43:03',0),(316,'Optimized explicit paradigm','Lleva ahí necesidad entrar. Actividad gracias vuelve quien solución parís.','Sean jóvenes real.',200044,'plan_20.jpg',5,NULL,1,'2025-09-06 21:43:03',0),(317,'Inverse zero tolerance adapter','José carta centro.\nSegundo tras máximo ellas aun luego deja. Sigue barcelona ni mí aquellos comisión posible persona.\nObra cuyo control ojos. Cuadro grande dado.','Quién semana fuera.',438454,'457b58b01b32414dbe9871cc38e5c182.png',2,NULL,1,'2025-09-06 21:43:03',0),(318,'Sharable context-sensitive str','Unas que todavía unos europea teoría hacía. S estar aquel grado puede imposible todo.','Puedo seguridad obra principios.',322962,'plan_10.jpg',1,NULL,1,'2025-09-06 21:43:03',0),(319,'Proactive client-server budget','Torno capacidad una algunos propuesta poco grupo.','Sociales diciembre parecía violencia centro pese.',350532,'plan_14.jpg',6,NULL,1,'2025-09-06 21:43:03',0),(320,'Ergonomic stable pricing struc','Dinero acerca ese elementos. Base mirada diario siglo.\nMisma voluntad personas salud. Momento esos habla estado medio primero.','Encontrar española sola cara vez del república.',351152,'plan_9.jpg',2,NULL,1,'2025-09-06 21:43:03',0),(321,'Persevering 24hour application','Fuera por hecho espacio peor naturaleza. Tomar memoria miembros escuela condiciones estructura consumo.','Figura suficiente instituto europa así nunca.',351956,'9bfd30a35ffc44ecadd9c8ce82a30b67.png',3,NULL,1,'2025-09-06 21:43:03',0),(322,'Cross-group zero tolerance mid','Investigación diferentes noviembre deja primero. Banco elementos energía libro texto el. Cosa siendo acto esa actividad habla.','Unas padres dicho objeto cual.',423304,'plan_20.jpg',8,NULL,1,'2025-09-06 21:43:03',0),(323,'Enterprise-wide attitude-orien','Pocos tendrá quienes jefe. Razones estamos después vio del él hecho cuales.','Experiencia pese buscar acto buena también.',209242,'plan_8.jpg',8,NULL,1,'2025-09-06 21:43:03',0),(324,'Balanced client-server intrane','Finalmente comunidad todo atención pablo términos mañana. Solamente pasado primero martín comunicación edad están. Estados cuya voy tres.','Movimiento está capital compañía.',292323,'plan_13.jpg',6,NULL,1,'2025-09-06 21:43:03',0),(325,'Right-sized empowering process','Ex club hoy la pedro. Llega es teoría sé piel uso.','Algunas están cambios.',453073,'plan_11.jpg',6,NULL,1,'2025-09-06 21:43:03',0),(326,'Implemented 24hour encryption','Algún clase siguientes interés. Hemos oficial teoría instituto. Estados poner bastante cuerpo.\nRegión luis medida internacional comunidad. Precio libre madrid animales fuerte.','Visita centro fuerte nacional joven he.',151652,'plan_17.jpg',5,NULL,1,'2025-09-06 21:43:03',0),(327,'Pre-emptive 3rdgeneration thro','Curso pública final mirada serán causa. Sé puerta próximo última da. Destino parte luis hombres rey miembros personal imágenes.','Tales congreso campo ante quizá son.',398669,'plan_9.jpg',3,NULL,1,'2025-09-06 21:43:03',0),(328,'Total demand-driven open syste','Quizá serán máximo zona últimos. Cuenta ellos está dicen.\nPoco formación única cambio encima posibilidad pasar. Cuales viejo organización tratamiento exterior el.','J mantener prueba pese.',372610,'457b58b01b32414dbe9871cc38e5c182.png',7,NULL,1,'2025-09-06 21:43:03',0),(329,'Integrated global parallelism','Función hasta demasiado ese les. Fin público militar etapa realizar capacidad oposición.\nRecuerdo base parís sueño ocho tres nuevo. Civil diez aire ya luego dejó.','Ciencia partes mediante alto mucha.',261300,'plan_1.jpg',6,NULL,1,'2025-09-06 21:43:03',0),(330,'Reverse-engineered well-modula','Lugar pueden sur fuerte partido dólares ir. Distintas plazo fútbol paso quizá.\nJusticia trata un edad unas guerra o. Años m van alrededor sociales podía u.','Cambios historia debía.',348166,'plan_12.jpg',3,NULL,1,'2025-09-06 21:43:03',0),(331,'Right-sized intangible infrast','Riesgo uno frente pacientes recuerdo sistemas hacen. Especie de has supuesto luz del encima siguientes. Oficial haya no fin.','Memoria nacional ante juicio instituto volvió.',383641,'plan_12.jpg',7,NULL,1,'2025-09-06 21:43:03',0),(332,'Ergonomic asymmetric database','Podría lenguaje salud trata hombres diversos afirmó demasiado. Comercio yo cuya señaló figura aquellos.','Dicen c vuelve.',154074,'d19f74d395f04f6ab243adc614b88e32.png',8,NULL,1,'2025-09-06 21:43:03',0),(333,'Decentralized bottom-line syne','Familia aunque figura días mayor acciones. Juego ministerio sistema cuales máximo.','Buen nombre tomar algunos.',130880,'457b58b01b32414dbe9871cc38e5c182.png',8,NULL,1,'2025-09-06 21:43:03',0),(334,'Vision-oriented bandwidth-moni','Televisión forma va i quedó su hicieron. Militares afirmó trabajadores importancia estoy. Presente grande actividades lado pie siquiera dejó.','Padre allí silencio.',211336,'plan_2.jpg',5,NULL,1,'2025-09-06 21:43:03',0),(335,'Proactive responsive monitorin','Otras octubre sociales partes están si. Dolor etapa apenas orden tu.','Ir autor tienen diferentes ver.',100327,'dcf436b3fb7d45e482b4ac52d9a5a737.png',2,NULL,1,'2025-09-06 21:43:03',0),(336,'Customizable solution-oriented','Oro perdido también crisis comisión. Fiscal francisco puntos lópez unas guerra. Alta ministerio políticas.','Cosas tuvo al allá.',213818,'dcf436b3fb7d45e482b4ac52d9a5a737.png',4,NULL,1,'2025-09-06 21:43:03',0),(337,'Adaptive dedicated moratorium','Lado último entonces hospital políticas grupos sueño parte.','Debido jóvenes vivir.',462035,'d19f74d395f04f6ab243adc614b88e32.png',4,NULL,1,'2025-09-06 21:43:03',0),(338,'De-engineered interactive succ','Sean ir quedó nueva. Problemas nuestras ministro varios. Fuera proyectos derecha exterior momentos visita yo. Exterior veces humanos nivel domingo.','Mal fuerte eso político nunca.',182687,'plan_3.jpg',1,NULL,1,'2025-09-06 21:43:03',0),(339,'Ameliorated value-added soluti','Misma texto policía valor eran mucha.\nPresenta destino sentido primer datos a mayoría importancia.','Diez nivel ideas viejo conocer ni.',384039,'plan_13.jpg',3,NULL,1,'2025-09-06 21:43:03',0),(340,'Persistent client-server parad','Especie realizar naturaleza aire cual están. Formas mismos realidad negro serie objetivo.\nEquipo aire alta agua.','Dólares movimiento sola joven noviembre.',382504,'70f62a1bda25417ca8537dcc2904d22f.jpg',5,NULL,1,'2025-09-06 21:43:03',0),(341,'Organic zero tolerance instruc','Resto cambio p medidas cada objetivo tarde conocimiento. Demasiado llevar libro viaje cuadro cuenta dicho.','Estudio organización éste tuvo fácil tenido.',266280,'16b8dbf712ae4649a79b6273f6d80fc4.png',7,NULL,1,'2025-09-06 21:43:03',0),(342,'Multi-tiered upward-trending p','Metros lópez respuesta podrá ello llega. Participación meses noche vida ningún con relaciones gran. Unión usted pregunta muestra.','Contenido autoridades menos aquí visita debía.',126097,'e4e0b4c8f4e8490fbf9e8e94f8bd6c35.png',6,NULL,1,'2025-09-06 21:43:03',0),(343,'Proactive non-volatile neural-','Me ese necesidad política violencia dirección sin. Usted derecha sector u cambios américa e marcha. Orden ellos podemos equipo costa.','Pocos realizar gonzález quien.',224742,'plan_3.jpg',1,NULL,1,'2025-09-06 21:43:03',0),(344,'Extended local firmware','Idea estaba consumo plazo pueblo ellas mayores. Título contrario miguel.','Me hijo agua seguro pp durante.',441340,'plan_12.jpg',2,NULL,1,'2025-09-06 21:43:03',0),(345,'Ergonomic mobile application','Pues ciencia nuevas. Oposición noviembre realidad conseguir desde. A función ya naturaleza voz apenas hubo. Niño estaban fecha lópez ii público.','Iglesia podemos camino maría madrid.',109003,'a043eb709da54029807e58dab366db91.png',4,NULL,1,'2025-10-07 02:43:12',0),(346,'Focused bifurcated Internet so','Pasa largo cinco. Policía sectores causa atrás amigo cuestión época.\nDirector aun obras. Voy n final abril. Largo i resulta estados productos.','Nuestra económica pacientes.',416536,'plan_13.jpg',6,NULL,1,'2025-10-07 02:43:12',0),(347,'Digitized contextually-based c','Nosotros he nadie conseguir amigo. Alta gonzález unidad. Amigos tenía dado aún. Líder pudo obras visita hecho crisis muerte.','Crecimiento imágenes tipos ha demasiado.',320261,'plan_2.jpg',7,NULL,1,'2025-10-07 02:43:12',0),(348,'Synergistic local algorithm','Momentos única incluso cuadro horas reforma.\nDías año hacen viaje. Mayores hay asimismo entre vía santa tipo. Hora también hombre juez junto congreso.','Poner eran volver.',391193,'d19f74d395f04f6ab243adc614b88e32.png',2,NULL,1,'2025-10-07 02:43:12',0),(349,'Inverse uniform Graphic Interf','Toma producción atención tanto. Mayoría algunos vez visto pueblo oficial fin.\nEse diez rodríguez grandes.','Ese algunos empresas aparece alguna.',432586,'plan_7.jpg',3,NULL,1,'2025-10-07 02:43:12',0),(350,'Monitored composite framework','Grande enfermedad pública serán. Tales algunos acerca imposible.\nObjeto cargo una. Sabe ha crisis ni eso encuentra garcía. Única vio hacía existen militares oro.','María tiempo unión.',417333,'d19f74d395f04f6ab243adc614b88e32.png',3,NULL,1,'2025-10-07 02:43:12',0),(351,'Inverse 24hour Graphical User ','Existen me ninguna afirmó. Deseo comunidad hicieron serán cuanto saber menos. Sector hemos etc período.','Mañana dice existe.',354314,'088056bc84cc46449023b8c394537c5e.png',8,NULL,1,'2025-10-07 02:43:12',0),(352,'Multi-lateral 3rdgeneration ha','Aumento deja pregunta hacen especie dan comunicación. Ley les juicio constitución tipos entrada.\nEnergía principales lejos piel.','Carta ocasión dos.',156817,'plan_9.jpg',6,NULL,1,'2025-10-07 02:43:12',0),(353,'Seamless zero tolerance orches','Contra carne instituto autoridades enfermedad. Un tiempo proyecto claro.\nDespués dan n.\nProblema agua alrededor teatro usted. Producto etc forma formas tres cara.','Propio gonzález voz puerta corte.',129917,'plan_7.jpg',2,NULL,1,'2025-10-07 02:43:12',0),(354,'Organized optimizing portal','República cámara realizar san curso demás. Podrá madre cambio médico pedro vuelve.\nPropuesta siempre tiene nada anterior hemos sido. Buena acerca ve ningún estar vez.','Contrario buscar posible principal esta resulta.',197612,'plan_8.jpg',7,NULL,1,'2025-10-07 02:43:12',0),(355,'Intuitive full-range complexit','Algunas conseguir poco escuela lo. Sociales máximo buscar lenguaje dice campaña.','Tarde o presidente comisión.',362479,'plan_14.jpg',4,NULL,1,'2025-10-07 02:43:12',0),(356,'Upgradable maximized leverage','Ante fiscal ii nuevas señora primera felipe. Social humana cama niveles mis unas vista. Pueblo su explicó estudios lópez jefe.','Campo hoy me.',335519,'e4e0b4c8f4e8490fbf9e8e94f8bd6c35.png',4,NULL,1,'2025-10-07 02:43:12',0),(357,'Realigned fault-tolerant Inter','Familia área programas. Posibilidad salida n importancia través dolor.','Ambiente has casi.',489714,'088056bc84cc46449023b8c394537c5e.png',8,NULL,1,'2025-10-07 02:43:12',0),(358,'User-centric leadingedge funct','Oficial decisión momentos corazón quien profesional señor. Primeras tu sectores humana cuando. Aun después época actual cuyo.','Menos llega libertad.',179269,'d19f74d395f04f6ab243adc614b88e32.png',1,NULL,1,'2025-10-07 02:43:12',0),(359,'Upgradable motivating approach','Cada cabeza dan. Partes te primera universidad relación podría.\nPartido informe largo nuevos hecho entonces. Carácter me ocho ser fin unión.','Música fuentes grandes.',286001,'plan_16.jpg',2,NULL,1,'2025-10-07 02:43:12',0),(360,'Multi-lateral zero-defect budg','Educación marzo mayores largo casos. Existen diferencia sea hermano juicio. Lo muerto casi mismo corazón.\nPueda ellos volvió lugar enero es. Precios ellos jóvenes esa.','Felipe estuvo problemas próximo guerra izquierda.',137059,'plan_2.jpg',3,NULL,1,'2025-10-07 02:43:12',0),(361,'Exclusive attitude-oriented pr','Sangre particular fútbol única. Minutos encontrar bien quiere comunicación precios.','Hicieron considera tampoco hecho.',338611,'plan_5.jpg',6,NULL,1,'2025-10-07 02:43:12',0),(362,'Reverse-engineered cohesive we','Animales todos real cuestión texto. Esa pedro función ambos muerto cultura.','Algún importante siendo importancia serie.',236850,'16b8dbf712ae4649a79b6273f6d80fc4.png',5,NULL,1,'2025-10-07 02:43:12',0),(363,'Switchable composite pricing s','Programas empresas buenos cuestión pueda forma guerra.\nOrganización análisis pese. Haber tarde sean pública podría. Pie comunicación nuevos próximo los consecuencia hacia.','Cosa lejos unidad obra nombre favor.',454131,'9bfd30a35ffc44ecadd9c8ce82a30b67.png',5,NULL,1,'2025-10-07 02:43:12',0),(364,'Open-architected composite fra','Luego tenemos aquellas voy.\nActividad modo trata acciones familia existe. Viaje ayuda propia. Reforma país decía equipo.','Luz ni p.',374075,'plan_1.jpg',3,NULL,1,'2025-10-07 02:43:12',0),(365,'Switchable neutral monitoring','Las afirmó mayores tres afirmó. Atrás pablo el primero salida. Solución allí padres pudo estuvo personal una diez.','Guerra ayuda metros seguir puedo.',374208,'plan_7.jpg',1,NULL,1,'2025-10-07 02:43:12',0),(366,'Cross-group encompassing orche','Arriba cuatro riesgo para. Meses muy ministro sola resulta dentro hombres siguientes. Hablar futuro primero noche.','Generales cual va título horas debe.',324414,'plan_11.jpg',2,NULL,1,'2025-10-07 02:43:12',0),(367,'Switchable logistical concept','Imposible he vuelve psoe. Hecho juego grandes d unidos tendrá. Pasar grandes elementos amigo.\nFuera manos encuentra. Pp hermano campo alguna estaba atrás plan ideas.','Generales obra ninguna sería.',429377,'plan_3.jpg',3,NULL,1,'2025-10-07 02:43:12',0),(368,'Fundamental hybrid capacity','Número especie armas hacen mercado seguridad estamos. Difícil española poner conciencia. Música mayores parece te. Ninguna cine primeras santiago vuelta interés.','Cambios sentido allá.',331293,'plan_18.jpg',4,NULL,1,'2025-10-07 02:43:12',0),(369,'Sharable system-worthy interfa','Pueblo caso nuestras europa. Central anterior c millones da papel obra. Experiencia sistema flores podrá servicio corte. Demasiado luz quizá única.','Dónde artículo otro efectos presente obra.',220896,'plan_10.jpg',4,NULL,1,'2025-10-07 02:43:12',0),(370,'De-engineered explicit forecas','Tiene ojos personal octubre españoles produce ahora.','Gran cantidad electoral administración nuestras.',357931,'70f62a1bda25417ca8537dcc2904d22f.jpg',8,NULL,1,'2025-10-07 02:43:12',0),(371,'Secured neutral pricing struct','Próximo encontrar mientras naturaleza encima. Tiempo argentina actividades sol ciento. Pasado consumo entonces. Espera color momento llevar grupos pasa saber.','Necesario sin programa.',479906,'12d1664533854a908cf378d1db8a236f.jpg',4,NULL,1,'2025-10-07 02:43:12',0),(372,'Open-source zero tolerance ext','Nuestras misma sociales paso.\nAquel unión sociales arte industria necesario espera. Comisión día recuerdo derecha ideas frente. José tú siglo país hospital años.','Cabeza existen tierra largo peso.',172116,'66bd8b1ebeda405093aba72dc0501b74.jpg',2,NULL,1,'2025-10-07 02:43:12',0),(373,'Future-proofed contextually-ba','Etc debía nuestro casos voz. Líder punto antonio cambio demás van. Voz don español dijo.\nLe pocos superior. Mesa hija cámara trabajadores.','Compañía ciento propios puntos ojos.',409761,'plan_3.jpg',5,NULL,1,'2025-10-07 02:43:12',0),(374,'Cross-group motivating Graphic','Junio estructura régimen nosotros felipe buscar camino. Fecha reunión explicó ningún luego. Él premio sabe deben tiempos era hemos.','Enero tenían según pública único.',304331,'plan_2.jpg',6,NULL,1,'2025-10-07 02:43:12',0),(375,'Distributed tangible hub','Época grupos partir hasta atención personas busca. Don ambos especialmente alto.\nSan diciembre tan república lópez opinión sé. Señaló estuvo constitución para marcha.','Silencio relaciones justicia mientras alrededor.',274587,'plan_2.jpg',2,NULL,1,'2025-10-07 02:43:12',0),(376,'Public-key even-keeled infrast','Empresa dirección decir economía cuyo sería ocasiones. Teatro espacio constitución hechos natural ni. Existencia gran hija cierto dirección natural hacía.','Otra grande vamos estuvo lugar.',392735,'12d1664533854a908cf378d1db8a236f.jpg',1,NULL,1,'2025-11-01 01:03:12',0),(377,'Grass-roots leadingedge budget','Donde corte origen volvió.\nAlrededor ciento día. Vista tu nuestras idea partido banco.','Podrá tan modo.',276105,'plan_7.jpg',2,NULL,1,'2025-11-02 01:03:12',0),(378,'Profit-focused local neural-ne','Cuba usted aunque mundo. Valores diferentes miguel. Partes respuesta suerte buscar.\nRelación llega o primer voy. Mira tendrá va resto.','O incluso puedo producto destino.',334950,'plan_14.jpg',7,NULL,1,'2025-11-03 01:03:12',0),(379,'Networked global standardizati','Presente igual sueño contenido. Organización haber española ciencia.\nMientras futuro intereses américa siguiente.\nViejo nueva propia hablar sino.','Período crecimiento ya.',164698,'d19f74d395f04f6ab243adc614b88e32.png',6,NULL,1,'2025-11-04 01:03:12',0),(380,'Public-key modular implementat','Hemos produce había mayores pequeño papel contenido.\nServicios país pone. C jefe importante casa aparece. Acciones claro allá etapa orden dos.','Aquellos nuestras encima tú encontrar.',207941,'plan_12.jpg',5,NULL,1,'2025-11-05 01:03:12',0),(381,'Synergized background approach','Propuesta políticos movimiento ojos posibilidad jamás tu. Puerto también figura esas sangre marcha fácil.','Través antonio hacen meses reforma.',203793,'e4e0b4c8f4e8490fbf9e8e94f8bd6c35.png',8,NULL,1,'2025-11-06 01:03:12',0),(382,'Multi-lateral interactive cong','Últimos escuela tema españa. Domingo vio quienes voy solamente. Hace dicho concepto seguro ideas viene.','Marco producción práctica.',437301,'088056bc84cc46449023b8c394537c5e.png',8,NULL,1,'2025-11-07 01:03:12',0),(383,'Streamlined secondary standard','Plaza pueden oro. Blanco cuyo éxito.\nLado muy consejo hicieron medida color. Actividad época uso.','Interés alto ellos.',420102,'plan_2.jpg',5,NULL,1,'2025-11-08 01:03:12',0),(384,'Progressive encompassing data-','Momentos españa importantes rosa teoría.\nEntre dan cambio debido aquí decir.\nSituación cuarto partido seguir duda voy fuentes. Decisión lópez has control esos septiembre.','Punto según mira eran ministro libros.',163550,'66bd8b1ebeda405093aba72dc0501b74.jpg',5,NULL,1,'2025-11-09 01:03:12',0),(385,'Operative motivating frame','Siquiera color también banco local destino expresión. Ve sistemas resulta miembros.','Empresa buenos ley título.',347395,'plan_10.jpg',1,NULL,1,'2025-11-10 01:03:12',0),(386,'Multi-layered fresh-thinking i','Psoe una hubo existencia. Bueno especie éxito. Europa medida ley tal quién padre minutos.','Lleva rafael debido.',371021,'28ac0779f5d34bfc82c163d88257a791.png',1,NULL,1,'2025-11-11 01:03:12',0),(387,'Balanced static emulation','Podrá años será voy alta estar ha nuestro. Plaza palabra resulta área punto martín son.','Energía popular sol.',322187,'66bd8b1ebeda405093aba72dc0501b74.jpg',7,NULL,1,'2025-11-01 01:03:12',0),(388,'Reduced grid-enabled collabora','Poder esos sola así creo nuestra. Tú aquellas ojos puerta oficial tribunal eso.','Cultural rey línea fuentes.',161214,'plan_20.jpg',3,NULL,1,'2025-11-02 02:03:12',0),(389,'Seamless contextually-based ad','Educación mucha seis problema calidad realizar vamos. Posición aquel capaz paso hizo bien vio. Ver europa cual plan hacerlo cierta. Aquellas antes marzo menos aun además total.','Sector solamente casi.',444251,'457b58b01b32414dbe9871cc38e5c182.png',1,NULL,1,'2025-11-03 01:03:12',0),(390,'Object-based scalable firmware','Cultura pasa quiero difícil diferentes momento juez mano. Electoral diversos siempre distintas derecho. Vía hechos decía tomar conjunto secretario poco.','Momento allá fácil su sabe aquellas.',464702,'9bfd30a35ffc44ecadd9c8ce82a30b67.png',4,NULL,1,'2025-11-04 01:03:12',0),(391,'Synergized exuding Graphical U','Zona carlos algún orden autor.\nEspañol atención necesidad. Miedo ir agua elecciones dónde.','Modo hacía al mayoría parecía vez hechos.',212062,'plan_15.jpg',2,NULL,1,'2025-11-05 01:03:12',0),(392,'Multi-lateral bi-directional g','Estos ciento sí más. Peor si particular embargo lugar dio. Enero recuerdo operación cultura está total. Algunos pronto yo semana.','Futuro dentro paz.',104018,'1f777466607d4efea4fe7bd254420768.png',8,NULL,1,'2025-11-05 01:03:12',0),(393,'Integrated executive knowledge','Afirmó desarrollo color capital deben. Dio serie padres armas dos ideas medios del.','Productos r llamado medio.',110608,'plan_8.jpg',5,NULL,1,'2025-11-06 01:03:12',0),(394,'Devolved maximized approach','Uno pasado más tiene pp. Lleva noviembre debía producto tomar. Trata sala mirada donde prensa miguel cuestión.','Ejemplo e mira principales.',151010,'16b8dbf712ae4649a79b6273f6d80fc4.png',4,NULL,1,'2025-11-07 01:03:12',0),(395,'Customizable reciprocal defini','Muchas tienen fondo han. Minutos paz vuelve partir animales.\nExisten antes dado nunca. Banco después fondo derecho aún permite unas. Fuego voz lleva mujer cuadro.','Todo estaba explicó clase.',239146,'plan_20.jpg',4,NULL,1,'2025-11-11 01:03:12',0);
/*!40000 ALTER TABLE `plan` ENABLE KEYS */;
UNLOCK TABLES;
/*!50003 SET @saved_cs_client      = @@character_set_client */ ;
/*!50003 SET @saved_cs_results     = @@character_set_results */ ;
/*!50003 SET @saved_col_connection = @@collation_connection */ ;
/*!50003 SET character_set_client  = utf8mb4 */ ;
/*!50003 SET character_set_results = utf8mb4 */ ;
/*!50003 SET collation_connection  = utf8mb4_general_ci */ ;
/*!50003 SET @saved_sql_mode       = @@sql_mode */ ;
/*!50003 SET sql_mode              = 'NO_ZERO_IN_DATE,NO_ZERO_DATE,NO_ENGINE_SUBSTITUTION' */ ;
DELIMITER ;;
/*!50003 CREATE*/ /*!50017 DEFINER=`root`@`localhost`*/ /*!50003 TRIGGER trg_auditoria_plan_insert
    AFTER INSERT ON plan
    FOR EACH ROW
    BEGIN
        INSERT INTO auditoria_plan(accion, new_data)
        VALUES (
            'INSERT',
            JSON_OBJECT(
                'id', NEW.id,
                'nombre', NEW.nombre,
                'descripcion', NEW.descripcion,
                'descripcion_corta', NEW.descripcion_corta,
                'costo_persona', NEW.costo_persona,
                'imagen', NEW.imagen,
                'id_ciudad', NEW.id_ciudad,
                'id_informe', NEW.id_informe
            )
        );
    END */;;
DELIMITER ;
/*!50003 SET sql_mode              = @saved_sql_mode */ ;
/*!50003 SET character_set_client  = @saved_cs_client */ ;
/*!50003 SET character_set_results = @saved_cs_results */ ;
/*!50003 SET collation_connection  = @saved_col_connection */ ;
/*!50003 SET @saved_cs_client      = @@character_set_client */ ;
/*!50003 SET @saved_cs_results     = @@character_set_results */ ;
/*!50003 SET @saved_col_connection = @@collation_connection */ ;
/*!50003 SET character_set_client  = utf8mb4 */ ;
/*!50003 SET character_set_results = utf8mb4 */ ;
/*!50003 SET collation_connection  = utf8mb4_general_ci */ ;
/*!50003 SET @saved_sql_mode       = @@sql_mode */ ;
/*!50003 SET sql_mode              = 'NO_ZERO_IN_DATE,NO_ZERO_DATE,NO_ENGINE_SUBSTITUTION' */ ;
DELIMITER ;;
/*!50003 CREATE*/ /*!50017 DEFINER=`root`@`localhost`*/ /*!50003 TRIGGER trg_auditoria_plan_update
    AFTER UPDATE ON plan
    FOR EACH ROW
    BEGIN
        INSERT INTO auditoria_plan(accion, old_data, new_data)
        VALUES (
            'UPDATE',
            JSON_OBJECT(
                'id', OLD.id,
                'nombre', OLD.nombre,
                'descripcion', OLD.descripcion,
                'descripcion_corta', OLD.descripcion_corta,
                'costo_persona', OLD.costo_persona,
                'imagen', OLD.imagen,
                'id_ciudad', OLD.id_ciudad,
                'id_informe', OLD.id_informe
            ),
            JSON_OBJECT(
                'id', NEW.id,
                'nombre', NEW.nombre,
                'descripcion', NEW.descripcion,
                'descripcion_corta', NEW.descripcion_corta,
                'costo_persona', NEW.costo_persona,
                'imagen', NEW.imagen,
                'id_ciudad', NEW.id_ciudad,
                'id_informe', NEW.id_informe
            )
        );
    END */;;
DELIMITER ;
/*!50003 SET sql_mode              = @saved_sql_mode */ ;
/*!50003 SET character_set_client  = @saved_cs_client */ ;
/*!50003 SET character_set_results = @saved_cs_results */ ;
/*!50003 SET collation_connection  = @saved_col_connection */ ;
/*!50003 SET @saved_cs_client      = @@character_set_client */ ;
/*!50003 SET @saved_cs_results     = @@character_set_results */ ;
/*!50003 SET @saved_col_connection = @@collation_connection */ ;
/*!50003 SET character_set_client  = utf8mb4 */ ;
/*!50003 SET character_set_results = utf8mb4 */ ;
/*!50003 SET collation_connection  = utf8mb4_general_ci */ ;
/*!50003 SET @saved_sql_mode       = @@sql_mode */ ;
/*!50003 SET sql_mode              = 'NO_ZERO_IN_DATE,NO_ZERO_DATE,NO_ENGINE_SUBSTITUTION' */ ;
DELIMITER ;;
/*!50003 CREATE*/ /*!50017 DEFINER=`root`@`localhost`*/ /*!50003 TRIGGER trg_auditoria_plan_delete
    AFTER DELETE ON plan
    FOR EACH ROW
    BEGIN
        INSERT INTO auditoria_plan(accion, old_data)
        VALUES (
            'DELETE',
            JSON_OBJECT(
                'id', OLD.id,
                'nombre', OLD.nombre,
                'descripcion', OLD.descripcion,
                'descripcion_corta', OLD.descripcion_corta,
                'costo_persona', OLD.costo_persona,
                'imagen', OLD.imagen,
                'id_ciudad', OLD.id_ciudad,
                'id_informe', OLD.id_informe
            )
        );
    END */;;
DELIMITER ;
/*!50003 SET sql_mode              = @saved_sql_mode */ ;
/*!50003 SET character_set_client  = @saved_cs_client */ ;
/*!50003 SET character_set_results = @saved_cs_results */ ;
/*!50003 SET collation_connection  = @saved_col_connection */ ;

--
-- Temporary view structure for view `planesporciudad`
--

DROP TABLE IF EXISTS `planesporciudad`;
/*!50001 DROP VIEW IF EXISTS `planesporciudad`*/;
SET @saved_cs_client     = @@character_set_client;
/*!50503 SET character_set_client = utf8mb4 */;
/*!50001 CREATE VIEW `planesporciudad` AS SELECT 
 1 AS `id_plan`,
 1 AS `nombre_plan`,
 1 AS `id_ciudad`,
 1 AS `nombre_ciudad`*/;
SET character_set_client = @saved_cs_client;

--
-- Table structure for table `reserva`
--

DROP TABLE IF EXISTS `reserva`;
/*!40101 SET @saved_cs_client     = @@character_set_client */;
/*!50503 SET character_set_client = utf8mb4 */;
CREATE TABLE `reserva` (
  `id` int(11) NOT NULL AUTO_INCREMENT,
  `fecha_reserva` date DEFAULT NULL,
  `costo_final` int(11) DEFAULT NULL,
  `numero_personas` int(11) DEFAULT NULL,
  `id_informe` int(11) DEFAULT NULL,
  `id_plan` int(11) DEFAULT NULL,
  `id_turista` int(11) DEFAULT NULL,
  `comprobante_pdf` blob DEFAULT NULL,
  `hotel_id` int(11) DEFAULT NULL,
  `disponibilidad` enum('CONFIRMADA','CANCELADA','FINALIZADA') NOT NULL,
  PRIMARY KEY (`id`),
  KEY `id_informe` (`id_informe`),
  KEY `id_plan` (`id_plan`),
  KEY `id_turista` (`id_turista`),
  KEY `hotel_id` (`hotel_id`),
  CONSTRAINT `reserva_ibfk_1` FOREIGN KEY (`id_informe`) REFERENCES `informe` (`id`),
  CONSTRAINT `reserva_ibfk_2` FOREIGN KEY (`id_plan`) REFERENCES `plan` (`id`),
  CONSTRAINT `reserva_ibfk_3` FOREIGN KEY (`id_turista`) REFERENCES `turista` (`id`),
  CONSTRAINT `reserva_ibfk_4` FOREIGN KEY (`hotel_id`) REFERENCES `hotel` (`id`)
) ENGINE=InnoDB AUTO_INCREMENT=196 DEFAULT CHARSET=utf8mb4 COLLATE=utf8mb4_general_ci;
/*!40101 SET character_set_client = @saved_cs_client */;

--
-- Dumping data for table `reserva`
--

LOCK TABLES `reserva` WRITE;
/*!40000 ALTER TABLE `reserva` DISABLE KEYS */;
INSERT INTO `reserva` VALUES (41,'2025-11-06',200000,3,NULL,375,132,NULL,NULL,'FINALIZADA'),(42,'2025-10-06',300000,1,NULL,321,118,NULL,NULL,'FINALIZADA'),(43,'2025-11-08',530000,2,NULL,36,9,_binary '%PDF-1.3\n% ReportLab Generated PDF document http://www.reportlab.com\n1 0 obj\n<<\n/F1 2 0 R /F2 3 0 R /F3 4 0 R\n>>\nendobj\n2 0 obj\n<<\n/BaseFont /Helvetica /Encoding /WinAnsiEncoding /Name /F1 /Subtype /Type1 /Type /Font\n>>\nendobj\n3 0 obj\n<<\n/BaseFont /Helvetica-Bold /Encoding /WinAnsiEncoding /Name /F2 /Subtype /Type1 /Type /Font\n>>\nendobj\n4 0 obj\n<<\n/BaseFont /ZapfDingbats /Name /F3 /Subtype /Type1 /Type /Font\n>>\nendobj\n5 0 obj\n<<\n/Contents 9 0 R /MediaBox [ 0 0 612 792 ] /Parent 8 0 R /Resources <<\n/Font 1 0 R /ProcSet [ /PDF /Text /ImageB /ImageC /ImageI ]\n>> /Rotate 0 /Trans <<\n\n>> \n  /Type /Page\n>>\nendobj\n6 0 obj\n<<\n/PageMode /UseNone /Pages 8 0 R /Type /Catalog\n>>\nendobj\n7 0 obj\n<<\n/Author (anonymous) /CreationDate (D:20251107163618-05\'00\') /Creator (ReportLab PDF Library - www.reportlab.com) /Keywords () /ModDate (D:20251107163618-05\'00\') /Producer (ReportLab PDF Library - www.reportlab.com) \n  /Subject (unspecified) /Title (Comprobante de Pago) /Trapped /False\n>>\nendobj\n8 0 obj\n<<\n/Count 1 /Kids [ 5 0 R ] /Type /Pages\n>>\nendobj\n9 0 obj\n<<\n/Filter [ /ASCII85Decode /FlateDecode ] /Length 374\n>>\nstream\nGaro=c#1BP&;9L7`>j2s\'hZ,^*(+U?68(SJl;P[@K!]Y(:7D7Kj#85t$OC:bQ=b?Tr@rk\'L[\'5o\"\\\'F0KKpOR\'bklnoG\"Rue2dhg[6F*T^J6A4#0IUl%j`+c(>[#AQ7e?JE3<]0A#.#?j<\".\"qV_reR90p2Js3;)8I6[]g3h!W#@f:rQP=nVh-UX.dUObWU\'A!Gb,dRiQ!K8D35j]tQ^7n6e=VO)<nFa1b9H+J:`U2#el$?0lo1agg$7B])!,]3DCGYPJLR54kD[UUTh`j@A(LOoQFk:\'2@$k6,\'3)*h0&s]/);$Y@:l(H3lA;W*1n&EBtj;L3;.<\\^fs-+PdrS]\"F`G![65j_3/ql)\"m]/qFcqg2%hfA3UA~>endstream\nendobj\nxref\n0 10\n0000000000 65535 f \n0000000073 00000 n \n0000000124 00000 n \n0000000231 00000 n \n0000000343 00000 n \n0000000426 00000 n \n0000000619 00000 n \n0000000687 00000 n \n0000000994 00000 n \n0000001053 00000 n \ntrailer\n<<\n/ID \n[<4f85b0139a19b48ff142b23fb416f23b><4f85b0139a19b48ff142b23fb416f23b>]\n% ReportLab generated PDF document -- digest (http://www.reportlab.com)\n\n/Info 7 0 R\n/Root 6 0 R\n/Size 10\n>>\nstartxref\n1517\n%%EOF\n',NULL,'FINALIZADA'),(44,'2025-11-09',20000,1,NULL,34,27,NULL,NULL,'FINALIZADA'),(45,'2025-11-15',433362,1,NULL,273,9,_binary '%PDF-1.3\n% ReportLab Generated PDF document http://www.reportlab.com\n1 0 obj\n<<\n/F1 2 0 R /F2 3 0 R /F3 4 0 R\n>>\nendobj\n2 0 obj\n<<\n/BaseFont /Helvetica /Encoding /WinAnsiEncoding /Name /F1 /Subtype /Type1 /Type /Font\n>>\nendobj\n3 0 obj\n<<\n/BaseFont /Helvetica-Bold /Encoding /WinAnsiEncoding /Name /F2 /Subtype /Type1 /Type /Font\n>>\nendobj\n4 0 obj\n<<\n/BaseFont /ZapfDingbats /Name /F3 /Subtype /Type1 /Type /Font\n>>\nendobj\n5 0 obj\n<<\n/Contents 9 0 R /MediaBox [ 0 0 612 792 ] /Parent 8 0 R /Resources <<\n/Font 1 0 R /ProcSet [ /PDF /Text /ImageB /ImageC /ImageI ]\n>> /Rotate 0 /Trans <<\n\n>> \n  /Type /Page\n>>\nendobj\n6 0 obj\n<<\n/PageMode /UseNone /Pages 8 0 R /Type /Catalog\n>>\nendobj\n7 0 obj\n<<\n/Author (anonymous) /CreationDate (D:20251110235348-05\'00\') /Creator (ReportLab PDF Library - www.reportlab.com) /Keywords () /ModDate (D:20251110235348-05\'00\') /Producer (ReportLab PDF Library - www.reportlab.com) \n  /Subject (unspecified) /Title (Comprobante de Pago) /Trapped /False\n>>\nendobj\n8 0 obj\n<<\n/Count 1 /Kids [ 5 0 R ] /Type /Pages\n>>\nendobj\n9 0 obj\n<<\n/Filter [ /ASCII85Decode /FlateDecode ] /Length 375\n>>\nstream\nGaro<0lOo_&;>=W`>^kb$7.mj8K\\t:cij]44L/)I6<^Ui,c1J8NKUZF&]g,jGPAh`G6Cr2CB!$,Qmqe<!cb/?ORsgJ&r@M`3X:@u54SE?:*\"p5OXKo@;8AjM(d=ju9pX)%CR&;!?o*4&+/.PaSpl6uM)E\'f\\:BRP+@%2Ug3Upe%`XkEq@nC\"h&d+CJ]AskLg!Ve8lK!e0&MO_=<q7!j[tL:l7YPd27-Y_5NI;$C.dL:=mBdUj*((3m#F-HbT0rr\'p;%/I%SLCN;#YES&<gY5)R\"SCAV7Cni\\a<pWhW>ak!j[BcCRDCn7jcHN_mh@&tf!PrjnJlTS,,5(n+k;j>Sm1\'ZS\'A_ifSRP&)480LGHjB)9sHip\\7O_F~>endstream\nendobj\nxref\n0 10\n0000000000 65535 f \n0000000073 00000 n \n0000000124 00000 n \n0000000231 00000 n \n0000000343 00000 n \n0000000426 00000 n \n0000000619 00000 n \n0000000687 00000 n \n0000000994 00000 n \n0000001053 00000 n \ntrailer\n<<\n/ID \n[<c686da779df5aa4978082cfa1ea2447c><c686da779df5aa4978082cfa1ea2447c>]\n% ReportLab generated PDF document -- digest (http://www.reportlab.com)\n\n/Info 7 0 R\n/Root 6 0 R\n/Size 10\n>>\nstartxref\n1518\n%%EOF\n',NULL,'CONFIRMADA'),(46,'2025-05-18',845344,4,NULL,334,107,NULL,NULL,'FINALIZADA'),(47,'2025-05-21',1677595,5,NULL,356,209,NULL,NULL,'CONFIRMADA'),(48,'2025-09-14',1407585,5,NULL,311,9,NULL,NULL,'CONFIRMADA'),(49,'2026-08-01',845344,4,NULL,334,47,NULL,NULL,'FINALIZADA'),(50,'2026-05-06',1945255,5,NULL,268,117,NULL,NULL,'FINALIZADA'),(51,'2025-01-27',1993345,5,NULL,327,138,NULL,NULL,'CONFIRMADA'),(52,'2025-01-01',726633,3,NULL,290,79,NULL,NULL,'FINALIZADA'),(53,'2026-07-02',1372935,5,NULL,375,152,NULL,NULL,'FINALIZADA'),(54,'2026-06-11',902998,2,NULL,178,181,NULL,NULL,'CONFIRMADA'),(55,'2026-11-05',539944,4,NULL,296,46,NULL,NULL,'CONFIRMADA'),(56,'2025-04-06',990824,2,NULL,313,150,NULL,NULL,'CONFIRMADA'),(57,'2026-01-04',2279435,5,NULL,312,203,NULL,NULL,'FINALIZADA'),(58,'2025-11-05',313634,2,NULL,352,109,NULL,NULL,'CANCELADA'),(59,'2025-01-08',441210,2,NULL,284,142,NULL,NULL,'FINALIZADA'),(60,'2026-04-04',200000,1,NULL,39,83,NULL,NULL,'FINALIZADA'),(61,'2025-01-11',1486236,3,NULL,313,40,NULL,NULL,'CONFIRMADA'),(62,'2026-02-20',180000,2,NULL,33,162,NULL,NULL,'FINALIZADA'),(63,'2026-01-31',379963,1,NULL,272,132,NULL,NULL,'FINALIZADA'),(64,'2025-11-23',1152117,3,NULL,339,170,NULL,NULL,'FINALIZADA'),(65,'2026-03-12',197612,1,NULL,354,158,NULL,NULL,'CONFIRMADA'),(66,'2025-01-29',778102,2,NULL,268,58,NULL,NULL,'CANCELADA'),(67,'2025-08-29',1018336,4,NULL,177,162,NULL,NULL,'CANCELADA'),(68,'2026-02-07',221216,2,NULL,393,139,NULL,NULL,'CANCELADA'),(69,'2026-01-13',470862,2,NULL,315,101,NULL,NULL,'FINALIZADA'),(70,'2024-11-19',1556204,4,NULL,268,76,NULL,NULL,'CANCELADA'),(71,'2025-11-21',545015,5,NULL,345,147,NULL,NULL,'CANCELADA'),(72,'2025-11-09',384056,2,NULL,267,24,NULL,NULL,'CANCELADA'),(73,'2025-10-13',442432,4,NULL,393,130,NULL,NULL,'CANCELADA'),(74,'2025-04-28',351956,1,NULL,321,87,NULL,NULL,'CANCELADA'),(75,'2025-03-02',1496832,4,NULL,365,10,NULL,NULL,'CANCELADA'),(76,'2026-01-07',840204,2,NULL,383,109,NULL,NULL,'CONFIRMADA'),(77,'2025-10-13',389957,1,NULL,185,106,NULL,NULL,'FINALIZADA'),(78,'2026-07-10',860580,5,NULL,372,134,NULL,NULL,'CONFIRMADA'),(79,'2026-01-30',671038,2,NULL,356,177,NULL,NULL,'CANCELADA'),(80,'2026-06-03',322962,1,NULL,318,99,NULL,NULL,'CONFIRMADA'),(81,'2025-11-28',1152117,3,NULL,339,76,NULL,NULL,'FINALIZADA'),(82,'2024-11-22',1384240,5,NULL,305,11,NULL,NULL,'FINALIZADA'),(83,'2025-12-22',1755760,5,NULL,320,89,NULL,NULL,'CONFIRMADA'),(84,'2025-11-28',2323510,5,NULL,390,159,NULL,NULL,'FINALIZADA'),(85,'2026-05-07',755050,5,NULL,394,46,NULL,NULL,'FINALIZADA'),(86,'2026-05-03',1556204,4,NULL,268,181,NULL,NULL,'CANCELADA'),(87,'2025-07-21',883584,4,NULL,369,125,NULL,NULL,'FINALIZADA'),(88,'2025-12-10',1469142,3,NULL,357,98,NULL,NULL,'CONFIRMADA'),(89,'2026-06-04',988060,5,NULL,354,181,NULL,NULL,'FINALIZADA'),(90,'2026-01-04',1281044,4,NULL,347,24,NULL,NULL,'CONFIRMADA'),(91,'2026-08-18',59999,1,NULL,29,139,NULL,NULL,'FINALIZADA'),(92,'2026-09-27',879194,2,NULL,294,179,NULL,NULL,'CONFIRMADA'),(93,'2025-03-29',240000,4,NULL,41,92,NULL,NULL,'CONFIRMADA'),(94,'2026-10-23',979428,2,NULL,357,70,NULL,NULL,'FINALIZADA'),(95,'2025-12-29',464702,1,NULL,390,184,NULL,NULL,'CANCELADA'),(96,'2025-03-10',1362393,3,NULL,363,180,NULL,NULL,'CANCELADA'),(97,'2025-11-14',312269,1,NULL,179,38,NULL,NULL,'CANCELADA'),(98,'2026-01-04',403324,4,NULL,287,139,NULL,NULL,'CONFIRMADA'),(99,'2026-08-09',553040,5,NULL,393,124,NULL,NULL,'CONFIRMADA'),(100,'2026-09-21',318624,2,NULL,300,82,NULL,NULL,'FINALIZADA'),(101,'2026-04-20',1288131,3,NULL,367,147,NULL,NULL,'CANCELADA'),(102,'2026-07-11',1963675,5,NULL,376,59,NULL,NULL,'CANCELADA'),(103,'2026-10-03',968886,3,NULL,318,87,NULL,NULL,'CONFIRMADA'),(104,'2025-07-17',327100,2,NULL,384,16,NULL,NULL,'CANCELADA'),(105,'2026-04-15',1152117,3,NULL,339,124,NULL,NULL,'FINALIZADA'),(106,'2026-03-06',1167153,3,NULL,268,49,NULL,NULL,'CONFIRMADA'),(107,'2024-12-03',1955965,5,NULL,348,10,NULL,NULL,'CONFIRMADA'),(108,'2025-03-24',1229283,3,NULL,373,88,NULL,NULL,'CONFIRMADA'),(109,'2025-04-30',453030,3,NULL,394,197,NULL,NULL,'FINALIZADA'),(110,'2026-09-01',1362393,3,NULL,363,62,NULL,NULL,'CANCELADA'),(111,'2026-03-21',1899815,5,NULL,272,182,NULL,NULL,'CANCELADA'),(112,'2025-10-28',263824,1,NULL,180,79,NULL,NULL,'CONFIRMADA'),(113,'2025-08-25',438454,1,NULL,317,74,NULL,NULL,'CONFIRMADA'),(114,'2026-06-30',443714,1,NULL,281,193,NULL,NULL,'CANCELADA'),(115,'2025-04-14',887428,2,NULL,281,123,NULL,NULL,'CONFIRMADA'),(116,'2026-05-15',1150923,3,NULL,331,34,NULL,NULL,'CANCELADA'),(117,'2026-10-26',924070,2,NULL,337,41,NULL,NULL,'CANCELADA'),(118,'2025-08-15',1920195,5,NULL,339,96,NULL,NULL,'FINALIZADA'),(119,'2026-09-02',1195730,5,NULL,395,54,NULL,NULL,'CANCELADA'),(120,'2025-03-01',649585,5,NULL,353,160,NULL,NULL,'CANCELADA'),(121,'2025-07-02',1016140,5,NULL,302,25,NULL,NULL,'CONFIRMADA'),(122,'2024-12-12',688464,4,NULL,372,27,NULL,NULL,'CONFIRMADA'),(123,'2026-09-20',1178205,3,NULL,376,188,NULL,NULL,'CANCELADA'),(124,'2025-10-17',1752660,5,NULL,319,144,NULL,NULL,'CONFIRMADA'),(125,'2026-07-05',400088,2,NULL,316,32,NULL,NULL,'CONFIRMADA'),(126,'2025-07-29',1319120,5,NULL,180,137,NULL,NULL,'CANCELADA'),(127,'2026-01-23',360000,4,NULL,33,98,NULL,NULL,'CANCELADA'),(128,'2026-08-28',220896,1,NULL,369,62,NULL,NULL,'FINALIZADA'),(129,'2024-11-26',527648,2,NULL,180,90,NULL,NULL,'CANCELADA'),(130,'2026-03-29',743816,2,NULL,279,156,NULL,NULL,'CANCELADA'),(131,'2026-06-28',979428,2,NULL,357,115,NULL,NULL,'CANCELADA'),(132,'2026-05-29',576408,3,NULL,295,193,NULL,NULL,'FINALIZADA'),(133,'2026-05-13',1840044,4,NULL,184,78,NULL,NULL,'CANCELADA'),(134,'2026-01-27',450000,5,NULL,33,187,NULL,NULL,'CANCELADA'),(135,'2025-11-14',743816,2,NULL,279,69,NULL,NULL,'FINALIZADA'),(136,'2024-11-20',924070,2,NULL,337,16,NULL,NULL,'FINALIZADA'),(137,'2025-02-24',990824,2,NULL,313,133,NULL,NULL,'CONFIRMADA'),(138,'2025-05-23',993879,3,NULL,368,79,NULL,NULL,'CANCELADA'),(139,'2026-06-29',428729,1,NULL,270,181,NULL,NULL,'FINALIZADA'),(140,'2025-09-26',968844,4,NULL,290,130,NULL,NULL,'CONFIRMADA'),(141,'2026-03-27',768078,2,NULL,339,184,NULL,NULL,'CONFIRMADA'),(142,'2025-01-18',239146,1,NULL,395,32,NULL,NULL,'CONFIRMADA'),(143,'2026-11-08',319547,1,NULL,274,196,NULL,NULL,'FINALIZADA'),(144,'2025-04-03',1394106,3,NULL,390,122,NULL,NULL,'FINALIZADA'),(145,'2025-01-14',1402128,4,NULL,319,116,NULL,NULL,'CANCELADA'),(146,'2025-08-10',960783,3,NULL,347,167,NULL,NULL,'CONFIRMADA'),(147,'2025-05-27',830544,3,NULL,305,82,NULL,NULL,'FINALIZADA'),(148,'2026-07-08',911774,2,NULL,312,54,NULL,NULL,'FINALIZADA'),(149,'2025-04-22',454956,3,NULL,326,209,NULL,NULL,'CANCELADA'),(150,'2025-10-06',745790,2,NULL,182,67,NULL,NULL,'FINALIZADA'),(151,'2025-07-11',743816,2,NULL,279,49,NULL,NULL,'FINALIZADA'),(152,'2026-02-09',592836,3,NULL,354,151,NULL,NULL,'CONFIRMADA'),(153,'2025-06-05',663602,2,NULL,282,25,NULL,NULL,'FINALIZADA'),(154,'2025-02-04',1169292,4,NULL,324,114,NULL,NULL,'CONFIRMADA'),(155,'2025-08-03',1392664,4,NULL,330,163,NULL,NULL,'FINALIZADA'),(156,'2026-08-24',359108,2,NULL,278,116,NULL,NULL,'CONFIRMADA'),(157,'2026-08-28',783900,3,NULL,329,87,NULL,NULL,'CONFIRMADA'),(158,'2025-07-02',175904,1,NULL,297,202,NULL,NULL,'FINALIZADA'),(159,'2025-08-14',470862,2,NULL,315,155,NULL,NULL,'CONFIRMADA'),(160,'2026-09-28',1855105,5,NULL,386,85,NULL,NULL,'CONFIRMADA'),(161,'2024-11-20',548236,4,NULL,360,59,NULL,NULL,'FINALIZADA'),(162,'2025-02-08',1530010,5,NULL,288,42,NULL,NULL,'CANCELADA'),(163,'2026-06-27',362479,1,NULL,355,91,NULL,NULL,'CANCELADA'),(164,'2026-07-24',1060310,5,NULL,391,195,NULL,NULL,'CONFIRMADA'),(165,'2025-05-24',1342076,4,NULL,356,84,NULL,NULL,'CONFIRMADA'),(166,'2025-06-03',514568,4,NULL,266,12,NULL,NULL,'CANCELADA'),(167,'2025-05-19',1229283,3,NULL,373,151,NULL,NULL,'CANCELADA'),(168,'2026-04-26',1981648,4,NULL,313,135,NULL,NULL,'FINALIZADA'),(169,'2026-07-08',1018965,5,NULL,381,93,NULL,NULL,'CANCELADA'),(170,'2026-02-10',553696,2,NULL,305,150,NULL,NULL,'FINALIZADA'),(171,'2025-12-08',385926,3,NULL,266,187,NULL,NULL,'FINALIZADA'),(172,'2025-02-23',371021,1,NULL,386,76,NULL,NULL,'CANCELADA'),(173,'2025-07-13',810580,2,NULL,301,190,NULL,NULL,'FINALIZADA'),(174,'2026-06-08',235431,1,NULL,315,115,NULL,NULL,'FINALIZADA'),(175,'2024-12-31',897770,5,NULL,278,180,NULL,NULL,'CONFIRMADA'),(176,'2026-04-17',836968,4,NULL,323,167,NULL,NULL,'CANCELADA'),(177,'2026-07-09',455887,1,NULL,312,62,NULL,NULL,'CANCELADA'),(178,'2025-07-30',819522,2,NULL,373,38,NULL,NULL,'FINALIZADA'),(179,'2025-08-10',717076,4,NULL,358,66,NULL,NULL,'CONFIRMADA'),(180,'2025-12-24',1000000,5,NULL,39,52,NULL,NULL,'FINALIZADA'),(181,'2026-08-17',978700,4,NULL,186,142,NULL,NULL,'CONFIRMADA'),(182,'2025-06-28',1659005,5,NULL,282,55,NULL,NULL,'FINALIZADA'),(183,'2025-10-07',858754,2,NULL,367,192,NULL,NULL,'CONFIRMADA'),(184,'2025-07-26',270000,3,NULL,33,39,NULL,NULL,'CANCELADA'),(185,'2026-11-03',254584,1,NULL,177,49,NULL,NULL,'FINALIZADA'),(186,'2025-09-01',1062942,3,NULL,351,66,NULL,NULL,'CONFIRMADA'),(187,'2025-03-24',612004,2,NULL,288,96,NULL,NULL,'FINALIZADA'),(188,'2025-04-05',60000,1,NULL,41,158,NULL,NULL,'CANCELADA'),(189,'2025-01-21',539944,4,NULL,296,59,NULL,NULL,'FINALIZADA'),(190,'2025-06-29',425439,1,NULL,176,209,NULL,NULL,'CONFIRMADA'),(191,'2026-10-26',619825,5,NULL,314,93,NULL,NULL,'CONFIRMADA'),(192,'2026-09-23',2143645,5,NULL,270,28,NULL,NULL,'CONFIRMADA'),(193,'2026-06-02',812912,4,NULL,302,51,NULL,NULL,'CANCELADA'),(194,'2025-11-12',2127195,5,NULL,176,39,NULL,NULL,'CANCELADA'),(195,'2024-12-06',1693216,4,NULL,322,77,NULL,NULL,'FINALIZADA');
/*!40000 ALTER TABLE `reserva` ENABLE KEYS */;
UNLOCK TABLES;

--
-- Table structure for table `tarjeta`
--

DROP TABLE IF EXISTS `tarjeta`;
/*!40101 SET @saved_cs_client     = @@character_set_client */;
/*!50503 SET character_set_client = utf8mb4 */;
CREATE TABLE `tarjeta` (
  `id` int(11) NOT NULL AUTO_INCREMENT,
  `nombre` varchar(100) NOT NULL,
  `tipo_tarjeta` varchar(50) NOT NULL,
  `numero` varchar(16) NOT NULL,
  `fecha_vencimiento` varchar(200) NOT NULL,
  `cvv` int(11) NOT NULL,
  `turista_id` int(11) DEFAULT NULL,
  PRIMARY KEY (`id`),
  KEY `turista_id` (`turista_id`),
  CONSTRAINT `tarjeta_ibfk_1` FOREIGN KEY (`turista_id`) REFERENCES `turista` (`id`)
) ENGINE=InnoDB AUTO_INCREMENT=2 DEFAULT CHARSET=utf8mb4 COLLATE=utf8mb4_general_ci;
/*!40101 SET character_set_client = @saved_cs_client */;

--
-- Dumping data for table `tarjeta`
--

LOCK TABLES `tarjeta` WRITE;
/*!40000 ALTER TABLE `tarjeta` DISABLE KEYS */;
INSERT INTO `tarjeta` VALUES (1,'Benito Camelas','TC','2222222222222222','12/30',111,9);
/*!40000 ALTER TABLE `tarjeta` ENABLE KEYS */;
UNLOCK TABLES;

--
-- Table structure for table `turista`
--

DROP TABLE IF EXISTS `turista`;
/*!40101 SET @saved_cs_client     = @@character_set_client */;
/*!50503 SET character_set_client = utf8mb4 */;
CREATE TABLE `turista` (
  `id` int(11) NOT NULL AUTO_INCREMENT,
  `nombre` varchar(30) DEFAULT NULL,
  `correo` varchar(50) DEFAULT NULL,
  `celular` varchar(20) DEFAULT NULL,
  `fecha_nacimiento` date DEFAULT NULL,
  `direccion` varchar(50) DEFAULT NULL,
  `tipo_identificacion` varchar(5) DEFAULT NULL,
  `identificacion` varchar(30) DEFAULT NULL,
  `contrasena` varchar(100) DEFAULT NULL,
  `intentos_fallidos` int(11) DEFAULT NULL,
  `bloqueado_hasta` datetime DEFAULT NULL,
  `pin_recuperacion` varchar(6) DEFAULT NULL,
  `expira_pin` datetime DEFAULT NULL,
  `token_recuperacion` varchar(255) DEFAULT NULL,
  `expira_token` datetime DEFAULT NULL,
  `ciudad_id` int(11) DEFAULT NULL,
  `acepto_terminos` tinyint(1) DEFAULT NULL,
  `estado` tinyint(1) DEFAULT NULL,
  `fecha_registro` datetime DEFAULT NULL,
  PRIMARY KEY (`id`),
  UNIQUE KEY `celular` (`celular`),
  UNIQUE KEY `correo` (`correo`),
  UNIQUE KEY `identificacion` (`identificacion`),
  KEY `ciudad_id` (`ciudad_id`),
  CONSTRAINT `turista_ibfk_1` FOREIGN KEY (`ciudad_id`) REFERENCES `ciudad` (`id`)
) ENGINE=InnoDB AUTO_INCREMENT=210 DEFAULT CHARSET=utf8mb4 COLLATE=utf8mb4_general_ci;
/*!40101 SET character_set_client = @saved_cs_client */;

--
-- Dumping data for table `turista`
--

LOCK TABLES `turista` WRITE;
/*!40000 ALTER TABLE `turista` DISABLE KEYS */;
INSERT INTO `turista` VALUES (8,'James Rendon','vanegasjames01@gmail.com','31345658354','2007-08-01','cll 131 b bis # 95 b 34','CC','1028941955','$2b$12$eoNd1.Y0RtkKCnrc5NnuOek16vXMJl4cd6RjY4fV1It0vJnOWlBwS',0,NULL,NULL,NULL,NULL,NULL,3,1,NULL,NULL),(9,'David Rendon','rendondavid328@gmail.com','31345658355','2007-08-01','cll 131 b bis # 95 b 33','CC','1028941954','$2b$12$mf9fJroS9HtkGlKz6FhwiOio3GhWmrNMU5C/JBm0MhHnDilOnvJby',0,NULL,'195594','2025-11-07 04:38:51',NULL,NULL,1,1,NULL,NULL),(10,'Manuel Rafael Gómez Ospino','sergio71@example.org','3259224834','1971-08-08','Av. Archipiélago de San Andrés, Providencia y Sant','TI','31576093','$2b$12$C8u1ZIxWruPNS1/oEj7isuHrzcyemqOJlQ/k3TBDbOB/8xFRSdebq',0,NULL,NULL,NULL,NULL,NULL,1,1,1,'2025-10-07 02:43:12'),(11,'Liliana Inés Rodríguez','ernesto38@example.org','8663953903','1985-02-06','Av. Ortiz # 6Q-7 Sur','CE','98625374','$2b$12$LFX02I.axRWc0IqlcLeh0O/q1z0ja7e.H1xsEmoNFhmuWyAqilyxa',0,NULL,NULL,NULL,NULL,NULL,3,1,1,'2025-10-07 02:43:12'),(12,'Zoraida Johanna Roa Sánchez','pguzman@example.net','4611840032','1997-10-24','Calle 7K # 40-33','CE','59937892','$2b$12$3ovNno.yVs4gUA/bC.vfpOsB3CUfF2meaEdRCvt.lFGETuikse9Kq',0,NULL,NULL,NULL,NULL,NULL,2,1,1,'2025-10-07 02:43:12'),(13,'Liliana Milena Bustamante','ligiavargas@example.com','9162505385','1998-10-03','Cl. 167 # 9B-7 Este','CC','11853829','$2b$12$hMLZEFyJuMFuA0pfgRsQeOLQdHq1JKoe1CXAYC0P4TOfzKJSFxc0a',0,NULL,NULL,NULL,NULL,NULL,4,1,1,'2025-10-07 02:43:12'),(14,'Carlos Augusto Bedoya Ardila','alexandra16@example.net','9859205705','1999-07-04','Carrera 67 Este # 6C-59 Este','TI','66124636','$2b$12$HoQfDSPCY8eUkNkr0UIrAOF58lOKMBiu..1mf/iVssYZiQqBgXgty',0,NULL,NULL,NULL,NULL,NULL,3,1,1,'2025-10-07 02:43:12'),(15,'María María Giraldo Rodríguez','luzquintero@example.net','9667687673','1981-11-25','Cr. 134 # 6M-48','TI','73758589','$2b$12$uvPLY1txKasoHUbl/g0qAuqZcZnuGJvdbyru.nRVNlu621yBglcE2',0,NULL,NULL,NULL,NULL,NULL,5,1,1,'2025-10-07 02:43:12'),(16,'Leonardo Leonel Jiménez Ramíre','jennygonzalez@example.org','1761727416','1982-05-13','Carrera 77 # 1-2 Este','CE','12025833','$2b$12$/l/kXfYJ3k5oryGQ2cIH3OcEqij5u3Yl4GeQQVR6cKosa8PkHC1Qe',0,NULL,NULL,NULL,NULL,NULL,1,1,1,'2025-10-07 02:43:12'),(17,'Ignacio Arenas','robert17@example.com','9072832363','1994-01-20','Cl. 125 Bis # 5-5 Sur','TI','15228004','$2b$12$zhkN9w2Pxb0WqrQ1GGudBOe/CxtgvP.JIl.wniOWQfje2mtg4O9aS',0,NULL,NULL,NULL,NULL,NULL,2,1,1,'2025-10-07 02:43:12'),(18,'Fernanda Montenegro Martínez','vvillegas@example.net','9816653881','1981-08-13','Calle 38 # 1-2 Este','TI','93548122','$2b$12$xmZeKFswizsN3s.wdoimFuMtFcqhAHtI8DiOfAZvW3R.Jw/8/Q/me',0,NULL,NULL,NULL,NULL,NULL,2,1,1,'2025-10-07 02:43:12'),(19,'Andrés Toro Becerra','oscar32@example.org','9131087710','1981-05-12','Cl. 90 # 9-3','TI','82281989','$2b$12$CY1xHqw9NwyRMASYNH6cq.WAdOwMZ2txq79UDtSMif9FE6pz0/0QK',0,NULL,NULL,NULL,NULL,NULL,3,1,1,'2025-10-07 02:43:12'),(20,'Alexandra Roa Uribe','torresdoris@example.com','5955536009','1975-03-06','Avenida carrera 27 # 73-7 Sur','CC','41831102','$2b$12$WwCUD9571jxpyIA.4oopCOOwbYUDIWjmD4bk1/r1U4cIrJ6rKbKtq',0,NULL,NULL,NULL,NULL,NULL,5,1,1,'2025-10-07 02:43:12'),(21,'Camila Pineda Castaño','hernandezandres@example.org','0273385293','1979-06-02','Calle 4 Bis # 79-1','TI','61158684','$2b$12$ydYrtZvKs.gcaQRdzwlVpuRR5ycKXdEikj34Lv0/gcZaFhZrcXRZ.',0,NULL,NULL,NULL,NULL,NULL,1,1,1,'2025-10-07 02:43:12'),(22,'Luz Osorio Pérez','morenoana@example.com','2777159044','1999-09-26','Cr. 35 # 60-58 Este','CC','36775063','$2b$12$JpD/q.28vc/Ru/UHIsE5meJJMeR0zuoZKHmweeCnPvqpwhfJgAH9q',0,NULL,NULL,NULL,NULL,NULL,1,1,1,'2025-10-07 02:43:12'),(23,'Yesid Gregorio Guerrero','judith96@example.org','9746090242','1994-04-14','Carrera 27 # 31M-2 Sur','TI','53091605','$2b$12$CerS0Uyo0EM/rikLE9UbaOku64f5.GszI6fyQ1IYJuI2dqq7tCW1m',0,NULL,NULL,NULL,NULL,NULL,2,1,1,'2025-10-07 02:43:12'),(24,'Segundo Ángel Hernández','luzgarcia@example.org','3968152918','1980-06-18','Calle 195 # 6-95','CC','65228501','$2b$12$Fad2fGuUBLBOfsdA4RfTX.xbAV5Wiydp.UWgjmzpNYTpJEgt32eQ6',0,NULL,NULL,NULL,NULL,NULL,5,1,1,'2025-10-07 02:43:12'),(25,'Patricia Jiménez Rodríguez','qbuitrago@example.net','9113590778','1980-01-10','Avenida carrera 32 # 6-28 Este','CE','69252245','$2b$12$DjAZHhMr.4qLxXMJp568POwJ0Ql9Yz6mbFG6qu97uhFd0zs0hcKqm',0,NULL,NULL,NULL,NULL,NULL,4,1,1,'2025-10-07 02:43:12'),(26,'David Carlos Sanabria','andres72@example.org','6617424383','1996-05-10','Dg. 5 Sur # 9F-5 Este','CC','62832571','$2b$12$h64fuEnkUrPtlaAJhhoXXuq3gl6aw4TkkE47yW3jAr0HcbRjpXM76',0,NULL,NULL,NULL,NULL,NULL,1,1,1,'2025-10-07 02:43:12'),(27,'Eduardo Eduardo Ramos','osvaldo80@example.com','0335348212','1966-12-31','Av. carrera 137 # 3-31 Este','CE','71005189','$2b$12$CgY2bPshnrsyI0NtcvxhZ.3xX8S2S5el9DpT4N4TWf7aeQUfBmss.',0,NULL,NULL,NULL,NULL,NULL,3,1,1,'2025-10-07 02:43:12'),(28,'Lorena Silvia Cifuentes Carril','meryquintero@example.org','4702665759','1993-04-21','Calle 6ª # 19-56','TI','78674700','$2b$12$uzqpxDzWG5nKXaTwh/0xw.IlZ0vDVmbHWHwLcIQk/hZX1a9s1rLty',0,NULL,NULL,NULL,NULL,NULL,3,1,1,'2025-10-07 02:43:12'),(29,'Alfonso William Mejía','vvelasco@example.com','9812161770','1975-09-25','Tr. 134Y Bis # 9-9','CE','29137995','$2b$12$D1Mh41xWZQXYpoCMlGmykuq.4qOMbyTGa7SkBeaPpMXnHODWDNEjy',0,NULL,NULL,NULL,NULL,NULL,1,1,1,'2025-10-07 02:43:12'),(30,'Brandon González Cifuentes','blanca37@example.org','5831126713','1998-06-17','Calle 193 # 67-8 Sur','CC','28957142','$2b$12$4Q1tg9QDzY7AsImoWGTu9OLV8FRXRSqpT9fTagbfaGHFbOScbn/JW',0,NULL,NULL,NULL,NULL,NULL,5,1,1,'2025-10-07 02:43:12'),(31,'Fredy Emilio Vergara Rivera','torreselsy@example.net','1048163116','2000-09-12','Diagonal 5 Este # 9-1 Sur','TI','41676367','$2b$12$v6e..iHGvA0gboUiuFzeB.iRY9GVDdVfsf4beA8BOITv8raovJYiG',0,NULL,NULL,NULL,NULL,NULL,2,1,1,'2025-10-07 02:43:12'),(32,'Diana María Sandoval Pérez','nrincon@example.com','9914679843','1972-01-26','Carrera 169 # 4Y-3 Este','CC','38743194','$2b$12$h4OWeR4iujPClDt.0Nzfpe.TXmczctTYIq1ajHQYqhO6u/FDVs8mm',0,NULL,NULL,NULL,NULL,NULL,4,1,1,'2025-10-07 02:43:12'),(33,'Amelia Luisa Rosero','jaime12@example.com','6978585466','1984-05-04','Carrera 78 # 4-91 Este','TI','74193724','$2b$12$LG1L18L/nPvX10rESkxT8ucvLXWwfwHBGHIKB0YU9RBSQqwBUMLFK',0,NULL,NULL,NULL,NULL,NULL,5,1,1,'2025-10-07 02:43:12'),(34,'José Murillo','albeiro96@example.net','1841739032','2002-05-25','Cr. 103 # 30X-2','CC','96590586','$2b$12$vb.fx0Jh0kRj7Dw9VynO8OUiB756K1GGKXr10/rONTiAZNXqxd1Vm',0,NULL,NULL,NULL,NULL,NULL,2,1,1,'2025-11-07 02:43:18'),(35,'Enrique José Bejarano','mtamayo@example.com','8072412187','1994-04-15','Avenida calle 135 # 1-58','CC','27243371','$2b$12$R3c.waZ9n5xuLx7bSuN2SOKsLP4fQbYWSaYKQJfhA6GXaHgscUTUK',0,NULL,NULL,NULL,NULL,NULL,2,1,1,'2025-11-07 02:43:19'),(36,'Nataly Marina Naranjo','angeltoro@example.org','9509767328','1968-02-28','Calle 6ª # 9-50','CE','61425085','$2b$12$Bz5wihmBWp2wT3KwZuqJ8OQA.rCpT0eo5obRGjNuAdPmh2KOWA1De',0,NULL,NULL,NULL,NULL,NULL,3,1,1,'2025-11-07 02:43:19'),(37,'Carolina Guzmán Rueda','osorioarmando@example.com','6136103487','1992-02-07','Dg. 122 # 9-93','TI','47614297','$2b$12$jZsDq3v1ebpp/8EFk1RtAuAHGX0y7y.tBJklvCvJuQygSEUNESeo6',0,NULL,NULL,NULL,NULL,NULL,2,1,1,'2025-11-07 02:43:19'),(38,'Fredy Jorge Herrera','nubiabravo@example.org','0139877015','1977-06-15','Transversal 22Y Bis # 2-4 Sur','CE','59996602','$2b$12$vQOWqdi9PEyvBC5gRELcHO7UYwUrru2F/6wKYOTzqmSaTB6Yl1tzO',0,NULL,NULL,NULL,NULL,NULL,4,1,1,'2025-11-07 02:43:19'),(39,'Ramón Benítez','ospinacecilia@example.org','1600804099','1991-02-08','Cl. 3X # 4V-1 Este','CC','23844056','$2b$12$zjGPQ.9WU8AvT3ZCnvUi7uoe0TkPY11nUFKyyqZ5Jnysk4zenwCWq',0,NULL,NULL,NULL,NULL,NULL,2,1,1,'2025-11-07 02:43:20'),(40,'Ángel López Rodríguez','johana90@example.org','3631989954','1999-12-06','Diagonal 6ª # 7D-9','CC','67082916','$2b$12$8aLRonICF0cbm2aEUwi6.uEXlBWJ.xH.OSPErtfI2c0/YXo/XzMhG',0,NULL,NULL,NULL,NULL,NULL,3,1,1,'2025-11-07 02:43:20'),(41,'Óscar Sierra Romero','juan16@example.com','3432812209','1973-07-13','Carrera 189 # 99-22 Sur','CC','19312566','$2b$12$rumYBLNXfd0vwZrbY839beJ8PyZha59hLoLxG2HFTv4dAYBgTwu4q',0,NULL,NULL,NULL,NULL,NULL,4,1,1,'2025-11-07 02:43:20'),(42,'Daniel Arias','francodiana@example.net','6434623792','2003-04-08','Cl. 4W Bis X # 69-43 Este','CC','17102256','$2b$12$zo6/87pBbmfYIkRVt7sGcum5psSLfi2MnZkTlcnVEGRFy/h.Bg1n2',0,NULL,NULL,NULL,NULL,NULL,5,1,1,'2025-11-07 02:43:20'),(43,'Juan Carlos Duque Sepúlveda','agudelofelix@example.org','4867175817','1991-02-02','Cr. 125 # 98T-4 Sur','CE','11617679','$2b$12$X7Pmn7GwPDr3/ks1Bxy34OwwssufJiFHA6h65TkH7U55YAEg/wMOG',0,NULL,NULL,NULL,NULL,NULL,1,1,1,'2025-11-07 02:43:21'),(44,'Xiomara Marín','lopezfernando@example.org','9893640841','1987-12-07','Av. calle 97 # 5-7 Este','CE','49120741','$2b$12$NaCE4NbifIXEJjzPezwA3OEI3ztdUI2WSBsnzWUlQMSWcu34yvsgS',0,NULL,NULL,NULL,NULL,NULL,3,1,1,'2025-11-07 02:43:21'),(45,'María González','harold49@example.com','4037938260','1998-06-22','Transversal 22 # 9-3','CE','17809584','$2b$12$URD09d5YUyTHv7Ci0QgJB.Wclz6u00HLAakWjnyPLvsQm/YomWC4e',0,NULL,NULL,NULL,NULL,NULL,1,1,1,'2025-11-07 02:43:21'),(46,'Sebastián Bernal','monicapinzon@example.com','1934986425','2005-12-30','Cl. 11 # 4-42 Sur','CE','18875639','$2b$12$5dYPO1MFwfx1y835piUBAuoAioNvV.Kbwjx28O8.7j.TfUnfaVrRW',0,NULL,NULL,NULL,NULL,NULL,3,1,1,'2025-11-07 02:43:22'),(47,'Armando Adrián Gómez','carloslopez@example.net','4328005319','1996-04-09','Cl. 53 # 2-76 Este','CE','12805102','$2b$12$qj4kL5z7chL9Ce4WbIHf1.lh733QrH0gFUrjIqGOEbtrsNuKEtZmK',0,NULL,NULL,NULL,NULL,NULL,5,1,1,'2025-11-07 02:43:22'),(48,'Yaneth Rubio Cardona','luispalacios@example.org','8050521537','1971-02-03','Avenida Alejandra Carol Vega # 5-7','CC','31972546','$2b$12$.UtLb3KEqSy/H4qBvaUmKuTu4zXnnwX4TTTJkifIQGxupaXNSh1jS',0,NULL,NULL,NULL,NULL,NULL,1,1,1,'2025-11-07 02:43:22'),(49,'Miriam Lina Bustamante','julio41@example.com','6233765529','1970-09-17','Cl. 91L Bis V # 1-67','TI','13818318','$2b$12$bTalVcd/gjXxaGFcWnv/GOXvG4LSQMn9ab7KpEF2iw1qCLmn6vZUO',0,NULL,NULL,NULL,NULL,NULL,4,1,1,'2025-11-07 02:43:22'),(50,'César Ortiz Pinzón','bermudezcecilia@example.com','3435471546','1966-11-18','Calle 43 # 99-74','CE','32518961','$2b$12$QnLMUFS7Z5UYZiNvGN/DRuXir0b/l0Cra/.1Y7NZdPOtedJDwvVOy',0,NULL,NULL,NULL,NULL,NULL,3,1,1,'2025-11-07 02:43:23'),(51,'María Gutiérrez','roseropaula@example.net','3532139597','1994-04-17','Calle 2ª # 9K-80 Este','CE','51653673','$2b$12$CHh3jQGJwQb0UY6xlggrje5rT0zSHK2yIAFXPDH7G/hiAJZCc4K02',0,NULL,NULL,NULL,NULL,NULL,2,1,1,'2025-11-07 02:43:23'),(52,'Luisa González','ruthcabrera@example.com','0454646920','1973-02-02','Cr. 106 # 85-4 Sur','TI','46679908','$2b$12$Hc8pAp18.KvGEdbA5Wni.OkMmgJeFreFhIIdjhK9Ch0fD1L3Zhvtm',0,NULL,NULL,NULL,NULL,NULL,3,1,1,'2025-11-07 02:43:23'),(53,'Isaías Valencia','albeiromedina@example.com','5057069327','1974-01-24','Carrera 154N # 7-9 Sur','TI','45866158','$2b$12$MM8WYJrRH4kWtMKGbWrUBOaMNkr9mPOF9plVpR1vCgGXIQXtomZHW',0,NULL,NULL,NULL,NULL,NULL,2,1,1,'2025-11-07 02:43:23'),(54,'Fernando Joel López','julian77@example.net','3715312423','2000-03-30','Av. carrera 8ª # 7-73 Este','CE','21360197','$2b$12$CBH4r.0en37khvtkwqKLfeVBl5fO2Ubw85OwE02jY7qBAEHjVtuve',0,NULL,NULL,NULL,NULL,NULL,4,1,1,'2025-11-07 02:43:24'),(55,'Ana Guzmán Morales','upalacios@example.org','0412837567','1988-01-27','Calle 87 # 8T-94','CE','55908058','$2b$12$JA64A5i1zQVqyVNr1l0F1OzYmM2qANHucutLc1OhiTZwfcxKkNJnS',0,NULL,NULL,NULL,NULL,NULL,3,1,1,'2025-11-07 02:43:24'),(56,'Sofía María Trujillo Ramírez','mendezingrid@example.net','3714084759','2000-03-11','Carrera 191K Bis # 3-4 Este','CC','12349501','$2b$12$O3ur1lnyAHoID9aLA1xvvO1eGhr.PqGUDS/ZZjwr0/BysV9jlwBWS',0,NULL,NULL,NULL,NULL,NULL,1,1,1,'2025-11-07 02:43:24'),(57,'Joaquín Luis Parra','lopezmaria@example.net','6907427175','1976-01-08','Avenida calle 6ª # 39-7','CC','69466610','$2b$12$gwaI1VUntV7Lh8LrH57HNe6DeAvvGyllqlazRt9o1GW3zBbvhZfb6',0,NULL,NULL,NULL,NULL,NULL,4,1,1,'2025-11-07 02:43:24'),(58,'Paula Sandra Morales García','dosorio@example.com','7401543408','1999-10-18','Calle 76 # 13-89','CE','93099729','$2b$12$L4lgqfDamnUIKW94XBlINuQFB69QNyLs35.Z7PXNxMeIQcr/Wknqy',0,NULL,NULL,NULL,NULL,NULL,3,1,1,'2025-11-07 02:43:25'),(59,'Luis Cabrera','ayalaantonio@example.net','5522509112','1980-07-27','Tr. 56 # 5-5 Sur','TI','14995672','$2b$12$E2rcVj14TFlKUdY5PyVKMubCSIfENVhoutJlOLzcQVKSqJQH7y26y',0,NULL,NULL,NULL,NULL,NULL,3,1,1,'2025-11-07 02:43:25'),(60,'John Jiménez','tsanchez@example.com','5942714593','1966-01-31','Cr. 135 # 32-2 Sur','CC','97030362','$2b$12$Vk1B6C/kKJ.7t8fYAGwhSOuXxT72H1vBJcgoUHkU3YUXGFO3JtwP6',0,NULL,NULL,NULL,NULL,NULL,2,1,1,'2025-11-07 02:43:25'),(61,'Javier Luis Peña Bolívar','miguelvera@example.net','9834889553','1992-06-22','Carrera 135 # 44-40 Este','TI','93406822','$2b$12$OKiGBzkR7e7O/rxASqNhwuTpgcT5CevKT03ZAIWkgSwF5qVKdbow.',0,NULL,NULL,NULL,NULL,NULL,4,1,1,'2025-11-07 02:43:25'),(62,'Sebastián Duque Muñoz','ymolina@example.org','5602419400','2004-05-18','Calle 1P # 1-5 Sur','CC','42436366','$2b$12$yJZrhcux2DFzo9f/hccPjuKhOJZ.PxcwKOWBlQs7bW.YMWtCN4Ppu',0,NULL,NULL,NULL,NULL,NULL,4,1,1,'2025-11-07 02:43:26'),(63,'Augusto Julio Ruiz González','vilma94@example.net','5615828121','1986-09-09','Carrera 7I Sur # 77-1 Sur','CC','48283238','$2b$12$uc02OtSN33OBIvoZhJWpuOcHeJcyx9vv76gzWPhCzmCGqvgU0WDaC',0,NULL,NULL,NULL,NULL,NULL,5,1,1,'2025-11-07 02:43:26'),(64,'Alexander José Villa','mmoreno@example.org','7177061478','2004-10-28','Cr. 4L # 67-68','CE','33253146','$2b$12$OiBYqJg3hAJWQljNscIfOufhikVCAayuLwmw9FBuXRWMCoFiY8OVu',0,NULL,NULL,NULL,NULL,NULL,5,1,1,'2025-11-07 02:43:26'),(65,'Iván Ramírez Barrios','giraldojose@example.org','9748252173','1986-10-03','Calle 199 # 86A-4 Este','TI','72742583','$2b$12$n0X5/pMEiWj9UPInuRzuQujI5ufj1fm36rLJ6.UaH0jHk0nD6ll5O',0,NULL,NULL,NULL,NULL,NULL,5,1,1,'2025-11-07 02:43:26'),(66,'Andrés Rengifo Barragán','qgarcia@example.com','3226709077','2005-09-05','Carrera 80 Este # 14H-9 Este','CE','48755935','$2b$12$uL42zEMWahiApJ4SPfNvX.bnJmj9NoYCm7zM2cf2HAQOqRbMGEwly',0,NULL,NULL,NULL,NULL,NULL,2,1,1,'2025-11-07 02:43:27'),(67,'Javier Cárdenas','olivaramos@example.org','9658933559','1989-09-15','Av. Adriana Méndez Ayala # 8-60','CE','47553909','$2b$12$SxWA3sf5AR81dYokQ0s/Tu7K0Th9T9lTeg2yFVuKKtVU9v9WfoCau',0,NULL,NULL,NULL,NULL,NULL,1,1,1,'2025-11-07 02:43:27'),(68,'Luz García Díaz','miguel66@example.com','4260944064','1973-11-02','Avenida Bernardo Alexander Serna # 24U-34','CE','22859787','$2b$12$nXmWmyjf2KPgzTExxZOU9e.v8JT9UPjols8z6IuZ/aFixKR7KHQpu',0,NULL,NULL,NULL,NULL,NULL,3,1,1,'2025-11-07 02:43:27'),(69,'Blanca Sanabria Ruiz','albertosanchez@example.com','6681598805','1968-04-20','Cr. 19V Bis # 60-49 Sur','CE','99385476','$2b$12$RNi3LRovLs84apNtHIS8Detxp/osNgbAvU5FHEWwFKJhtFQMPC7Iu',0,NULL,NULL,NULL,NULL,NULL,2,1,1,'2025-11-07 02:43:28'),(70,'Ángel Armando Ruiz Delgado','ylozano@example.org','7539898794','2001-08-17','Carrera 65 # 1-3 Este','TI','41394522','$2b$12$dre4A2fx2Kk2zXcqUexa8OZ/FxAoN893SundZX.Nk3zdnf0Y7EWZ.',0,NULL,NULL,NULL,NULL,NULL,4,1,1,'2025-11-07 02:43:28'),(71,'Francisco Giovanni Fernández M','alberto14@example.net','9681079939','1988-01-19','Calle 85 # 97-3 Sur','TI','72739106','$2b$12$Y0MCROkp79g9fvgd4d.oM.hIuKrFPK4uCzJVNPmqOz/BE8UmAQNNi',0,NULL,NULL,NULL,NULL,NULL,5,1,1,'2025-11-07 02:43:28'),(72,'Carlos Londoño Pineda','eduardo31@example.com','4083645464','1976-10-09','Av. carrera 6ª # 5-46 Sur','TI','21290356','$2b$12$B867uvhqWq.lnS4dmrgQ0ulzN8q38mPMirC5BNe0Bq8iNyN34VOrC',0,NULL,NULL,NULL,NULL,NULL,4,1,1,'2025-11-07 02:43:29'),(73,'Alberto Agudelo','natalia44@example.org','2161707344','1990-07-15','Cr. 1ª # 33K-5 Sur','TI','32652655','$2b$12$9H6NF3CsCHzBgJReOgTAnu.DO1cxhijIyn57exbZxl7VCJIeYqHB6',0,NULL,NULL,NULL,NULL,NULL,4,1,1,'2025-11-07 02:43:29'),(74,'Cristina María Sanabria Aguirr','lilianabeltran@example.com','2856195926','1976-06-07','Cr. 43 Sur # 3-3 Este','TI','18674961','$2b$12$dEnK9F.UQ5n9Us7RL/zlG.ewuc4G9Mcnzf4IPp5UuxwvSrM3isW.W',0,NULL,NULL,NULL,NULL,NULL,4,1,1,'2025-11-07 02:43:29'),(75,'Rubén Alirio Ayala','andresdiaz@example.org','8982787626','2001-08-31','Carrera 5ª # 83-6','TI','80606182','$2b$12$se.8Sb1A4S9cx.JO01T5aOyn/CrpuYif4Bk8c6K1C2M/E4goD4cI.',0,NULL,NULL,NULL,NULL,NULL,4,1,1,'2025-11-07 02:43:30'),(76,'María Vergara','segundorojas@example.com','2872324286','1996-01-31','Carrera 1ª # 2G-87 Sur','CC','84586123','$2b$12$Ki8Ss6VFX4i0Rtu0bcgvYeem4dHe6DWBhDl0871KhLT/BO.IkoEvq',0,NULL,NULL,NULL,NULL,NULL,3,1,1,'2025-11-07 02:43:30'),(77,'Ana Moreno','brueda@example.org','9794990993','1968-04-16','Avenida Mariana María Velasco # 2-66','CE','56222982','$2b$12$UPvNE58qhwDSiceFr/O4eOn9REriRl.hAK0T1k.Vd6Ixw4qrWLWOO',0,NULL,NULL,NULL,NULL,NULL,1,1,1,'2025-11-07 02:43:30'),(78,'Beatriz Correa Gómez','karolsoto@example.net','8706528541','1977-10-26','Cr. 51D # 26-4','CE','33003797','$2b$12$cJhKVEdmxpxnhEQlMiZMqelZokWyViuUl6WogB9QTN8l86REpbm66',0,NULL,NULL,NULL,NULL,NULL,3,1,1,'2025-11-07 02:43:30'),(79,'Nubia Helena Suárez Giraldo','vvelandia@example.org','8684828070','1975-04-17','Av. calle 57 # 7-87','TI','60270911','$2b$12$DUFnjgdCxVpkDilTm05ECO.ygC2U15nN6Er7KTtj4jwhN19pEcNke',0,NULL,NULL,NULL,NULL,NULL,2,1,1,'2025-11-07 02:43:31'),(80,'Dany Andrés Montenegro','jose05@example.net','1365034491','1986-01-30','Av. carrera 165 # 3-6 Sur','CE','92542066','$2b$12$b0eLb1LHUlOnQyZfui0BpOxSHqG79w9DAv2/QhK5rbZ0A/g9C8NdS',0,NULL,NULL,NULL,NULL,NULL,5,1,1,'2025-11-07 02:43:31'),(81,'Manuel Rivera Peña','fernandoramirez@example.net','0502717260','1998-06-06','Diagonal 33 # 25-5 Este','CC','66573991','$2b$12$c9PFl6P7bV4q6n4mmo8iZOEAo/LeF1r7QCOh9CcpKMC5hIZFB.bae',0,NULL,NULL,NULL,NULL,NULL,3,1,1,'2025-11-07 02:43:31'),(82,'Ricardo Giovanny Morales Angar','kmiranda@example.org','2473444894','1974-07-26','Calle 5S # 75-3','TI','70648072','$2b$12$Z.SaQLzI4ri2QahgFdq9bOhQlZKf6QP8NohQCWINB4oKlLk/cMvzG',0,NULL,NULL,NULL,NULL,NULL,2,1,1,'2025-11-07 02:43:32'),(83,'Josefina Moreno','rtriana@example.com','7199492118','1986-02-13','Avenida Méndez # 9-90','CE','48895153','$2b$12$/FaTE/DdcQmPd2p7B71ZwuhLcKJrK/3x/b/Dhi1S0ZrjyJGrY/tm6',0,NULL,NULL,NULL,NULL,NULL,5,1,1,'2025-11-07 02:43:32'),(84,'Alexander Manuel Santos','alvarezvalentina@example.net','6290194679','1977-06-05','Diagonal 37T # 6-67 Sur','CE','78943364','$2b$12$H817mdg8JD9kUi3FrVl86.0KBqevD/fEEIJv7g6gX67n3HSBIropy',0,NULL,NULL,NULL,NULL,NULL,2,1,1,'2025-11-07 02:43:32'),(85,'Clara Gabriela Sandoval Ardila','arrietaosvaldo@example.com','8911321481','1983-06-27','Calle 60Y # 79E-3 Sur','CE','51558406','$2b$12$DS/W.Yoe4618lZpZ2Ch70enhkEBxy0vG3I9jNT2KwB9L4IOli4SeG',0,NULL,NULL,NULL,NULL,NULL,3,1,1,'2025-11-07 02:43:32'),(86,'María Patricia Galindo','wperez@example.org','1108652851','1972-09-04','Cl. 73 # 3-68 Este','CC','38722243','$2b$12$YEye8p3ChpzR/8T3Dl1M3O2XZBlEDbiDE5I2c94dtVluG2piFvZmW',0,NULL,NULL,NULL,NULL,NULL,3,1,1,'2025-11-07 02:43:33'),(87,'Laura Mercedes Flórez Guevara','alfredo01@example.org','0683671498','1976-04-24','Cl. 171E # 9M-90 Este','CE','94903659','$2b$12$0DsC8TH/CYz.6FQ8sDpf.OVYOtfc6tfX3g85wv3n9v5KEOt6MqVBS',0,NULL,NULL,NULL,NULL,NULL,3,1,1,'2025-11-07 02:43:33'),(88,'Jairo Diego Rivas','fabiancastrillon@example.com','6305889104','1983-10-01','Carrera 1ª # 75-61','TI','27523342','$2b$12$EjG70WY9nI4b9zPJ0qXfnuyg9pCj7vztdJgPdajn9R1if0zVqWgWu',0,NULL,NULL,NULL,NULL,NULL,1,1,1,'2025-11-07 02:43:33'),(89,'Iván Rojas','ariasesperanza@example.net','2005391826','1989-03-31','Carrera 193 # 8-7 Sur','CE','11623301','$2b$12$RZqDPJmf.vuAcw0J09RgKu/zYK.PktLNsnP45m/jg47jw.w4L.n7e',0,NULL,NULL,NULL,NULL,NULL,4,1,1,'2025-11-07 02:43:33'),(90,'Edith Uribe','paola96@example.org','6537888917','1975-09-05','Cr. 167O # 9-9','CE','65921834','$2b$12$AlSucA2rIuQ3R2oAEJ9/0OzX.wJ8hG24se6pVpltFa0EF0.iFBTC2',0,NULL,NULL,NULL,NULL,NULL,4,1,1,'2025-11-07 02:43:34'),(91,'Rosalba Leydi Reyes','alejandroalvarez@example.net','2022302315','2004-11-04','Carrera 98 # 1-6','CC','74528382','$2b$12$AJwVa8hjDo2IXgEwRIhxdOme2lMq/5WbXhkyqYU4L8FxGru9yFRsK',0,NULL,NULL,NULL,NULL,NULL,2,1,1,'2025-11-07 02:43:34'),(92,'James Moreno','jamesriascos@example.com','5230361964','2002-03-02','Av. calle 80 # 62-1','TI','57823598','$2b$12$yMssH1qwy3Bkqx5H9iSZ/.N0yBadKX4fPNlQ1Lo1675Gdu5tPaGDS',0,NULL,NULL,NULL,NULL,NULL,2,1,1,'2025-11-07 02:43:35'),(93,'Fernanda Leonor Montoya','mariojimenez@example.com','7471835299','1980-01-30','Cl. 30 # 7-70 Sur','TI','43923566','$2b$12$cL2BmNvhivaqNiGYI9Q.K.4UN0m.2W2TAEe6CSYDjqsFjmCxEGPje',0,NULL,NULL,NULL,NULL,NULL,1,1,1,'2025-11-07 02:43:35'),(94,'Claudia Pardo','albertosandoval@example.net','9655892084','1991-05-02','Avenida Boyacá # 36-29 Sur','CE','75556621','$2b$12$q02N1kzxRLmebORIHc2jMuk6MauYVykSFiKZ00iamYfSLVWc/Ria.',0,NULL,NULL,NULL,NULL,NULL,1,1,1,'2025-11-07 02:43:35'),(95,'Valeria Rodríguez Velásquez','vargascristina@example.com','9031327784','1970-12-24','Diagonal 176 Bis # 9-2','CC','15965099','$2b$12$oJaf1Msb6y.qXG8uK9g9l.DqBZMJUwqObmJ5Cd6IFWCiHhoYy5Zzi',0,NULL,NULL,NULL,NULL,NULL,5,1,1,'2025-11-07 02:43:35'),(96,'Alberto Johan Londoño Flórez','moralesedinson@example.com','4429030466','2001-08-11','Carrera 57 # 23-5 Sur','CE','34040619','$2b$12$oR1fl8Y7GHB0jvN62/vwW.nXotNmvttPB4kyRVJ8MVMZ/TSgRkVg6',0,NULL,NULL,NULL,NULL,NULL,1,1,1,'2025-11-07 02:43:36'),(97,'María Herrera Díaz','dario66@example.org','1733207658','1970-08-27','Avenida carrera 2ª # 2H-4 Este','CE','20014368','$2b$12$iTeoPn0Xo5yvYyY5lqhBMOkScq0URVi18Cfwhfg5DAlq4xvDx455C',0,NULL,NULL,NULL,NULL,NULL,3,1,1,'2025-11-07 02:43:36'),(98,'Antonio Gallego Carvajal','andres10@example.org','2429937124','1987-08-18','Cr. 96B # 1-54 Este','CC','46147459','$2b$12$UwPBh65zhpDQR9T0Djb5R.TYcw0W77Axf4w3enR5xrRLE8ORDpxue',0,NULL,NULL,NULL,NULL,NULL,1,1,1,'2025-11-07 02:43:36'),(99,'Camilo Alfonso Mosquera','polowilson@example.net','2334147354','1997-05-13','Cr. 22 Sur # 72-38 Sur','CE','20865942','$2b$12$0AlCjF.YoNiUJFRWy6AiUORaXQ2fzZl75EcfXN9fZY6msh3wOysxa',0,NULL,NULL,NULL,NULL,NULL,5,1,1,'2025-11-07 02:43:37'),(100,'Beatriz Alba Daza Herrera','oscar40@example.com','8611750450','2006-07-02','Diagonal 27J # 1-3 Sur','CE','28995294','$2b$12$YAlAM1pc.Vl9ihwODFxcruOum35WuCGeWZeSdDgfv4N6jUIZ0R8p6',0,NULL,NULL,NULL,NULL,NULL,4,1,1,'2025-11-07 02:43:37'),(101,'Enrique Alejandro Manrique','paula75@example.org','1986126944','1994-06-02','Calle 73 # 2-8','CC','46159641','$2b$12$yt8HHUUdKS8xZzrYBsthZ.NgeMtjttgMmTqRipAXD7LiewsuBAPqm',0,NULL,NULL,NULL,NULL,NULL,5,1,1,'2025-11-07 02:43:37'),(102,'Cristian Alexis Rodríguez','zvera@example.net','3968449899','1966-01-23','Avenida Josefina López Tamayo # 4-9','TI','19963290','$2b$12$KCy1Y/JXUvqNKn3Q1zBzgOUACgGm6pCUoW8vY0CGjFX3dDsE0HaGi',0,NULL,NULL,NULL,NULL,NULL,4,1,1,'2025-11-07 02:43:38'),(103,'Julio Vargas García','alfonso40@example.com','4242126380','1994-04-03','Cr. 3F Bis J # 40C-3 Sur','TI','67678099','$2b$12$1MQf0tHLSBSPhYaOfYKzf.PkwXFLA1T3.tOzG0N5PtEJEbRfVcDJy',0,NULL,NULL,NULL,NULL,NULL,2,1,1,'2025-11-07 02:43:38'),(104,'Carmen María Calderón Rodrígue','mgarcia@example.com','3477262765','2006-04-09','Cl. 97 # 3-8','TI','81495335','$2b$12$kDcRBEyP..sFlJ3ofoQmI./7HTZ4EbPZfBx2mWQV3GDoq2hFANx2K',0,NULL,NULL,NULL,NULL,NULL,5,1,1,'2025-11-07 02:43:38'),(105,'Andrés Daniel González','diazjuan@example.net','7263731360','1977-08-17','Avenida carrera 20 # 74-1 Sur','TI','19302820','$2b$12$79ISWY0bXiex4Mrhsy/dUODUb/kHU5qsQy/TA7Oxan3HjjuK9BvXe',0,NULL,NULL,NULL,NULL,NULL,1,1,1,'2025-11-07 02:43:38'),(106,'Miguel Antonio Cardozo','santosluz@example.net','5630389627','1980-03-05','Cl. 136 # 52Z-64 Sur','CC','10370262','$2b$12$VCzRFFmT1dX.VprdNEXTgOl37eu6jPfQLZKeRYsImgm3V0Ux22m0C',0,NULL,NULL,NULL,NULL,NULL,2,1,1,'2025-11-07 02:43:39'),(107,'Fredy Perdomo Rendón','alexander33@example.net','4467496304','1965-07-02','Av. calle 2ª # 60-7','CE','18902313','$2b$12$Z9npRe4btUurVz6WphSABOc.Pnf5ah5TPSZIdeu2.aw79HW8SKeCe',0,NULL,NULL,NULL,NULL,NULL,2,1,1,'2025-11-07 02:43:39'),(108,'Ángela Luz Vergara Hoyos','ana52@example.net','7615340097','2003-04-26','Carrera 9ª # 3-6 Sur','CE','31068614','$2b$12$NfWBxE.PI3RbwGjx3i/Ma.YfE0BoywwUjn4rt9aiXTR3WgdVrDqd2',0,NULL,NULL,NULL,NULL,NULL,2,1,1,'2025-11-07 02:43:40'),(109,'Daniel Fernando Velandia Quint','velasquezedgar@example.net','7074836900','1995-02-06','Cr. 67 # 1-3','CC','96695732','$2b$12$u6Et/Y5K6CqDf1UvZpScSeArPL/ce25MTY/DuU6O6CU/8xw1TOQI2',0,NULL,NULL,NULL,NULL,NULL,4,1,1,'2025-11-07 02:43:40'),(110,'Andrés Wilmer Cárdenas Rangel','olga70@example.com','0719666323','1996-12-28','Cl. 47X Bis F # 93Z-10','TI','43557389','$2b$12$FXzlAqExZHDkBV1IF6VLUe2wUbxjobNKqnCaHpYvGlMX5gCUotWRu',0,NULL,NULL,NULL,NULL,NULL,3,1,1,'2025-11-07 02:43:40'),(111,'Nelson García Díaz','luzardila@example.net','1263733629','2005-01-08','Diagonal 7M # 9-5','CE','16288961','$2b$12$bo5cXTkHGCWtkyf72rUB/eAvWPj6pzAmF3xAl2ZrqzmN50is0JFEe',0,NULL,NULL,NULL,NULL,NULL,5,1,1,'2025-11-07 02:43:40'),(112,'Walter José Reyes Narváez','millerlara@example.com','0365798937','1967-05-13','Carrera 17X # 8K-8 Este','CC','84391224','$2b$12$5OBJv.1FDsaNv36Z0x..a.Q6vmzdCF5atXGElK0olohu70VPNDyce',0,NULL,NULL,NULL,NULL,NULL,5,1,1,'2025-11-07 02:43:41'),(113,'Milton Julián Melo','mercedespedraza@example.org','0980049611','1989-01-20','Dg. 42 # 4-3 Sur','CE','38110277','$2b$12$RPay5QjvJ5MXiv/VRMxsmOiIOElykzCPQGKQTCqb7jkyeoJ26Ht3.',0,NULL,NULL,NULL,NULL,NULL,4,1,1,'2025-11-07 02:43:41'),(114,'Lida Villamizar García','ngaviria@example.com','4376543144','2004-07-13','Carrera 5Q # 91-9 Este','CC','52372792','$2b$12$PwQMW6chs2VwIMNO2mcsW.6ta1KENfzbQxOAd5FSfOvThVrW1eMl.',0,NULL,NULL,NULL,NULL,NULL,4,1,1,'2025-11-07 02:43:42'),(115,'Pedro Carlos Camacho Paz','edward95@example.com','0235239124','1967-08-05','Av. carrera 133 # 9-60 Este','CE','42790658','$2b$12$ZpWvQGyGbkcOeMRt6/rp2O2pZBWAgs70eut4Ugh5/lADrwjS9Qsz6',0,NULL,NULL,NULL,NULL,NULL,1,1,1,'2025-11-07 02:43:42'),(116,'Yuliana Judith López','sanchezmaria@example.org','9929794989','1994-08-03','Cl. 20 # 86-4 Este','CE','17321110','$2b$12$yNbyhk5ZvH3tDGEgj2HvP.ZS0123OIIZd2v6wIJkBY5H7IUmUXKNm',0,NULL,NULL,NULL,NULL,NULL,3,1,1,'2025-11-07 02:43:42'),(117,'Catalina Gómez','hoyosomar@example.net','6293928397','1984-07-24','Calle 197C # 5-9 Sur','CC','35731052','$2b$12$kJAOiCfsdolGZsbXlM.iHu8dC8Q52KZZ4d6JRd7/pQh7s3oid.s0W',0,NULL,NULL,NULL,NULL,NULL,2,1,1,'2025-11-07 02:43:42'),(118,'Amalia Erika Ortega Espinosa','angel91@example.net','1916572536','1991-05-01','Cr. 6ª # 5-4 Este','TI','23404215','$2b$12$vv1Z468lP0OljvgF0C4lOOd4mKxGV.13HqhLWbf7/Dm9zUOxhbyc.',0,NULL,NULL,NULL,NULL,NULL,5,1,1,'2025-11-07 02:43:43'),(119,'Darwin Luis Castro Hoyos','mlondono@example.net','0830290026','1994-02-26','Avenida calle 159 # 3-45 Sur','CE','37214080','$2b$12$oaWM2inouW2hTDmceRnB2uulx9e5pmmfj9PEONWXTiDfNgHjLk6ma',0,NULL,NULL,NULL,NULL,NULL,4,1,1,'2025-11-07 02:43:43'),(120,'Alexander José Cantillo','canowilson@example.com','6167191659','1983-12-19','Av. calle 95 # 54-28','CE','77809418','$2b$12$y9IAapPoAwcdTUGrr1/xte7/VNojEkkpHMTI4OPJtvfbDPZcBhXXm',0,NULL,NULL,NULL,NULL,NULL,5,1,1,'2025-11-07 02:43:43'),(121,'Azucena Aguilar Martínez','diazivan@example.org','4846377464','1978-08-15','Cr. 38 # 34-1','CC','99517028','$2b$12$qnDdkD3BgYl0FIHpCS7rvOtMaw/Czkm4wTdRdb/z.s4Pp.I3cyuc2',0,NULL,NULL,NULL,NULL,NULL,4,1,1,'2025-11-07 02:43:44'),(122,'Sebastián Rodríguez','ortizmanuel@example.net','7887103500','1988-10-01','Carrera 61 # 2-33 Sur','CC','59907143','$2b$12$lxPMCNlF9/eLUBaJC/CfCuQQjmfxNZBQdTUE.aeHt0btxUsJIPqnK',0,NULL,NULL,NULL,NULL,NULL,2,1,1,'2025-11-07 02:43:44'),(123,'Sandra Amparo Barreto Herrera','adriana03@example.org','3328857049','1993-04-23','Calle 46F # 4-1 Sur','TI','12733184','$2b$12$4yPf3PogUm9F604HRid8AeZYXP6Uot0Cnub.ed7kPZ02l7orqZ8Nm',0,NULL,NULL,NULL,NULL,NULL,5,1,1,'2025-11-07 02:43:44'),(124,'Jesús Pablo González','jdominguez@example.net','6506626559','1999-03-02','Av. calle 194 # 8-73','CC','80401602','$2b$12$Ri7f2YvK/Wm9JlD8mngVq.8KmmYAp9XOlw18XEoNvLELi8zh1l3Xa',0,NULL,NULL,NULL,NULL,NULL,1,1,1,'2025-11-07 02:43:44'),(125,'Elena Yesenia Orjuela','shoyos@example.com','3900778828','1977-02-22','Avenida Atlántico # 3G-2','CC','11226223','$2b$12$ZYHLBmjeaQVVhYdvI0WY6u1XC7yYa1JeA5sUwZqLqA5k1Ilg.amwC',0,NULL,NULL,NULL,NULL,NULL,2,1,1,'2025-11-07 02:43:45'),(126,'Tatiana Medina Ojeda','qreyes@example.com','2301286612','1976-10-08','Tr. 86W Este # 41-56 Sur','TI','48489828','$2b$12$JP/6jmhXDWsr1ALNHPLLjOF4voiTmPUqGB9/T3Wxv9Im/opc/auCe',0,NULL,NULL,NULL,NULL,NULL,1,1,1,'2025-11-07 02:43:45'),(127,'Daniela Osorio','moralestatiana@example.com','8433038200','1998-05-24','Transversal 142N # 9-1','CC','92263185','$2b$12$EiYJ9/atiRR3pGhVZVeTiuTXCDlGT1g9AOaoPUBHolg6NdReVKlde',0,NULL,NULL,NULL,NULL,NULL,5,1,1,'2025-11-07 02:43:45'),(128,'Diego Acosta','miguelvargas@example.org','2182718567','2000-11-15','Carrera 73 # 48-16 Este','CE','27351981','$2b$12$8oRM3NCJHaQO307xiqtmfuMDWgv5lxYTnyy6.kLJZjkvvlOt9B5De',0,NULL,NULL,NULL,NULL,NULL,3,1,1,'2025-11-07 02:43:45'),(129,'José López','qbarreto@example.com','1893970671','1986-03-28','Avenida calle 1ª # 91-63 Sur','TI','39206708','$2b$12$6uFLU7UWtHF8TzPFja9pMec9ubMRcCReRidIGqIOCNVvJGmTFk2Ra',0,NULL,NULL,NULL,NULL,NULL,5,1,1,'2025-11-07 02:43:46'),(130,'Alexander Julio Arrieta','henry14@example.com','0023175685','1966-05-29','Avenida calle 187 # 9-54','CE','84480518','$2b$12$7hPgwAR9ObIROkEZDS9hZuynj2Y1NCTz9gbEUxMxipYQlZuNpuBwS',0,NULL,NULL,NULL,NULL,NULL,3,1,1,'2025-11-07 02:43:46'),(131,'Silvia Gloria Vega Ríos','cristinaguzman@example.com','7789898557','2001-09-14','Diagonal 154 Bis # 48-81','CC','27018414','$2b$12$1a4Vd9Te6hQ/ImrrtsV.C.AMe6IygvwhZ7f3w7vCDOE/BpzojfQjq',0,NULL,NULL,NULL,NULL,NULL,3,1,1,'2025-11-07 02:43:46'),(132,'Antonio Gómez','qortiz@example.net','8393333771','1995-10-18','Carrera 3U Este # 3-9 Sur','CC','95630743','$2b$12$2izpTZhsRgpvVjffVi5HwOMttqW4ytFW57Z4nwrb7LvIcSWSfrEOS',0,NULL,NULL,NULL,NULL,NULL,3,1,1,'2025-11-07 02:43:46'),(133,'Elena Laura Hernández Pardo','wdiaz@example.org','7211538989','2002-12-30','Av. calle 103 # 89-7','TI','22979958','$2b$12$fP6vxpccxXZdBh.VZo8MEO6Jt9UmJkkTo9r7LRNg2KbGwx38NHU3K',0,NULL,NULL,NULL,NULL,NULL,4,1,1,'2025-11-07 02:43:47'),(134,'Sebastián Solano Mosquera','rojasmarcela@example.net','6034708235','1998-10-04','Dg. 61 # 8-23 Sur','TI','64763456','$2b$12$GPlbgDXDc2./647pTVglhe1ahuCkNVyF1cCBZj0Re9oNqy.p9g/Um',0,NULL,NULL,NULL,NULL,NULL,5,1,1,'2025-11-07 02:43:47'),(135,'Alexander Aguilar Gómez','mbarragan@example.net','5725691812','1994-05-27','Calle 9ª # 11-10 Este','CE','10551426','$2b$12$SmGU4WG0UhtKJ7OBJqcSlOoiYJCg2QDdZf8F/YjEZnQHTj0KO1DjS',0,NULL,NULL,NULL,NULL,NULL,2,1,1,'2025-11-07 02:43:47'),(136,'Claudia Luz Cifuentes','castanedacesar@example.com','5705655499','2003-06-01','Cr. 110M # 3-67 Este','CC','86271543','$2b$12$u8DRmWJ.D/dkBE8kcPFd/OJMXY1f6P1b50C9Uwdlcs6QZdyuymLTy',0,NULL,NULL,NULL,NULL,NULL,4,1,1,'2025-11-07 02:43:47'),(137,'Marcela Palacios','pachecorocio@example.net','5640080855','1989-02-09','Carrera 57 # 8-37','CC','46962942','$2b$12$v9aY5wQL0e4NQ01UBJfVwee7ss8wfUVJFU5.azXVzPK7YG31ywnS2',0,NULL,NULL,NULL,NULL,NULL,3,1,1,'2025-11-07 02:43:48'),(138,'Lorena García','camila95@example.net','7426908039','1997-01-17','Carrera 9ª # 6C-8','CC','56605926','$2b$12$QsnYcVDQr2PioSGKsl/93el4wPUSHeHVXRIjfUrdUZkEZeKDLAovG',0,NULL,NULL,NULL,NULL,NULL,4,1,1,'2025-11-07 02:43:48'),(139,'Marlon Felipe Loaiza Cuesta','dolly76@example.net','6615497877','2005-10-06','Av. La Victoria # 45-45 Sur','TI','46990871','$2b$12$w1y80.C23ZxPXns51EhqNuxIHjULBSh59HADgJAAeV5JFDMoxjhg.',0,NULL,NULL,NULL,NULL,NULL,4,1,1,'2025-11-07 02:43:48'),(140,'Inés Fonseca','milena42@example.com','5234425161','1968-02-15','Cr. 45M # 81-8 Sur','TI','93386907','$2b$12$PG.SNkM9p/vwhWasAMU6EunbLxbwbrrPQM7XUIgRxrtzTWm/RUszC',0,NULL,NULL,NULL,NULL,NULL,2,1,1,'2025-11-07 02:43:48'),(141,'Mario Wilson Rodríguez Salas','urivera@example.net','7087694350','2006-05-04','Cl. 3ª # 61-13','CE','49887565','$2b$12$ZB5qk77Sfuvn6wibS.MBkuPEZxDwdtcnqPu0w8DK4dkw.XjsU6kC.',0,NULL,NULL,NULL,NULL,NULL,5,1,1,'2025-11-07 02:43:49'),(142,'José Suárez Bedoya','agudelomarisol@example.com','3855476326','1980-03-19','Cr. 30 # 1-55 Este','CC','60571191','$2b$12$zQ4kHn1Ob5zmfdNqF1dik.1muLyhOSpHbnV84UmLYw/uja1DaFbSm',0,NULL,NULL,NULL,NULL,NULL,2,1,1,'2025-11-07 02:43:49'),(143,'Pedro Salas','villegasrita@example.com','6635421804','1982-06-23','Av. Enrique Rueda # 8-8','CC','81059105','$2b$12$1i/7Ea4MvrES./cTnSarT.rAZwsGt0AuhipaPh3QhdQCAozoYflyC',0,NULL,NULL,NULL,NULL,NULL,3,1,1,'2025-11-07 02:43:49'),(144,'Dario Galindo Gómez','lealcamila@example.com','8358574664','1971-12-12','Carrera 18 # 36-42','CE','55900416','$2b$12$8D.pwM1HvEB1RiZjrunD7OG/c4wj0ND.XRtsF9UGFYO7/o1VA4tmS',0,NULL,NULL,NULL,NULL,NULL,1,1,1,'2025-11-07 02:43:49'),(145,'Yina Navarro Parra','ortegaantonio@example.com','1288068937','2001-07-14','Cr. 104W # 48-6','CC','50961316','$2b$12$CzbksxVEGCKd2/pwy2Cj8eff1LKJ2QfMBNJ18u7Qil3F7Y4AEoUFi',0,NULL,NULL,NULL,NULL,NULL,1,1,1,'2025-11-07 02:43:50'),(146,'Liliana Lucía Sepúlveda','lilianaramirez@example.com','8761720269','1965-04-04','Cr. 2ª # 2-13','CE','87400479','$2b$12$4Cwo0lCl9Xclmn9LVMp/9OiYMGHVqna8j3HDcJtT.oe6F7ivr5dfS',0,NULL,NULL,NULL,NULL,NULL,1,1,1,'2025-11-07 02:43:50'),(147,'Julián Carlos Tovar Torres','lguzman@example.com','4967378030','2007-04-11','Avenida calle 7ª # 28-2 Sur','TI','93188746','$2b$12$OmRrGbHCKx0DHCygo0MX5OCjyBrPoBHsEEUonAk3/jyC5ykAxW5sG',0,NULL,NULL,NULL,NULL,NULL,4,1,1,'2025-11-07 02:43:50'),(148,'Luz Montoya','xmonsalve@example.org','1929177988','1983-01-16','Calle 15 # 5-51','CC','85850759','$2b$12$xLL8pV2eXuAJQ4BCgGZS6eo47.An8Lf/6i0foBe67UBFX8Dwnc886',0,NULL,NULL,NULL,NULL,NULL,1,1,1,'2025-11-07 02:43:50'),(149,'Aida Díaz Roa','yurifranco@example.com','9312741999','1992-05-27','Cl. 2Y # 61-8','CC','88985504','$2b$12$DIQvtZyyncv4xI3Jsh8esuIxcSSgiwkSco0/kfMAlvpXPkM2KkOVm',0,NULL,NULL,NULL,NULL,NULL,5,1,1,'2025-11-07 02:43:51'),(150,'Esmeralda Esther Burgos Narváe','marlon18@example.net','9997414547','1966-09-21','Avenida Anserma # 9-36 Sur','CE','36455785','$2b$12$9BWv8anqVcrggMEo42yvxODtpJRpPGkAeTU8XVmDekAHfrEXDmA7W',0,NULL,NULL,NULL,NULL,NULL,1,1,1,'2025-11-07 02:43:51'),(151,'Antonio Andrés Silva González','lauragarzon@example.org','2090167183','1980-02-25','Cl. 6 Bis # 6-98 Sur','TI','44233558','$2b$12$xD1R3Vdj8ClC5o0YW6w0DOeacHvGv.DGj00MSIIoacysxwVgQ/jzK',0,NULL,NULL,NULL,NULL,NULL,2,1,1,'2025-11-07 02:43:51'),(152,'Edwin Juan Moreno','juanrincon@example.net','6616270420','2001-05-25','Cr. 8L # 63-8','TI','15111335','$2b$12$OnodlWCGyoT2/2ySPWcR8u1yQ/J6AR9U7T8wYkfdnBTsco3Eg/NYO',0,NULL,NULL,NULL,NULL,NULL,4,1,1,'2025-11-07 02:43:51'),(153,'Tatiana María Bermúdez','gomezyina@example.org','0900733668','1970-11-06','Carrera 41 # 1-91 Sur','CE','51855186','$2b$12$M9XVRhobr1r25C1oae3SWuNrb8bMTwo0dfDiq4aWFeZnf60IawRai',0,NULL,NULL,NULL,NULL,NULL,1,1,1,'2025-11-07 02:43:51'),(154,'Esther Andrea Chávez Medina','jhonperez@example.com','1255595436','2000-09-14','Diagonal 50D # 35-69','TI','92593540','$2b$12$svKW0nSpYquhgI0SuV8iY.JlvmTxe/U8f/ihebpP4q6Lk4jDjWRWC',0,NULL,NULL,NULL,NULL,NULL,1,1,1,'2025-11-07 02:43:52'),(155,'Jorge Pinzón','pedro70@example.org','7156719770','1986-04-29','Av. Sandra Omaira Ortiz # 3-62','CE','61025270','$2b$12$Qjpgvknp65nZqOJG1nBICOUX4vhM564RVNm7k.ca1uT.bnlU1JHsi',0,NULL,NULL,NULL,NULL,NULL,4,1,1,'2025-11-07 02:43:52'),(156,'Nubia Inés Ospina Rodríguez','qhernandez@example.org','5717395332','1965-07-26','Carrera 74D # 1B-77 Este','TI','67940190','$2b$12$/hswXaz.2fUpRL3p/dvJ9OOj0nvtw2VoN1EpHJs2hb/fqzQRvMMny',0,NULL,NULL,NULL,NULL,NULL,5,1,1,'2025-11-07 02:43:52'),(157,'María Durán','paola28@example.net','3957888715','1977-11-01','Avenida Ferney José Ramos # 38-30','CC','32298672','$2b$12$JPq/XoRymObHSX508KTBfeRiA/ExXYI4i1mViGP78UWBkDZyHSIIC',0,NULL,NULL,NULL,NULL,NULL,4,1,1,'2025-11-07 02:43:52'),(158,'María Velasco Suárez','mairagonzalez@example.net','7120016370','1973-03-01','Calle 23 # 65-43','CC','31295829','$2b$12$4owEVuSa9Aj8Hd1aKSyEPeWFBuCYxYf/OBTBV6RDG5EbJHUgldmPi',0,NULL,NULL,NULL,NULL,NULL,4,1,1,'2025-11-07 02:43:53'),(159,'Carmenza Hurtado Rodríguez','alejandrodiaz@example.net','9363148031','1995-11-06','Cr. 197Z # 6-51 Este','TI','94171360','$2b$12$ncjDQSaeaXVrD0ODHkYnxOsx4HB0PYIdzjz8Yx1V.3wGL/RC7DRbe',0,NULL,NULL,NULL,NULL,NULL,5,1,1,'2025-11-07 02:43:53'),(160,'Luis Giraldo González','vforero@example.net','7795318166','1990-11-06','Av. Archipiélago de San Andrés, Providencia y Sant','TI','87260246','$2b$12$XTOa2hXz7G9/O8loBhGz1ev/iBY.sfCuFJ0/oqav7/xN974XQ9b.a',0,NULL,NULL,NULL,NULL,NULL,5,1,1,'2025-11-07 02:43:53'),(161,'Mercedes González','ramirezguillermo@example.org','5660093890','1999-01-03','Cr. 88 # 95-5 Este','TI','43282551','$2b$12$DpuQMh3pEu4bXVQo9lvdVebnlA0QKwIxF9mDqPxmEMbG.7ONNUdra',0,NULL,NULL,NULL,NULL,NULL,2,1,1,'2025-11-07 02:43:53'),(162,'Jeferson Marín','lvelasco@example.net','2105388391','1978-07-08','Calle 2ª # 5O-55 Este','CC','28193612','$2b$12$nEzbF4d.MfS8OlYEaRXKWex/pEJb4tcIQS/qK2ywE0kv7rie1JlAa',0,NULL,NULL,NULL,NULL,NULL,3,1,1,'2025-11-07 02:43:54'),(163,'Wilmer Muñoz Ardila','sonia54@example.com','6596113025','1967-04-27','Calle 9 Este # 12-9 Este','CE','57854982','$2b$12$iz1njbg7RQVapMlKI0fKzetmL2CJ04zdeZ7EEizTm832iFTV.Tc66',0,NULL,NULL,NULL,NULL,NULL,1,1,1,'2025-11-07 02:43:54'),(164,'Ivonne Bedoya Gallego','gladyscarvajal@example.org','1520147953','1972-10-21','Carrera 32A # 3-6','CC','54376208','$2b$12$ikLuDEi4EQYyiuSCNESEfO4GEDRUMwoKMA1nxbFzpcUYg1u.pbpCa',0,NULL,NULL,NULL,NULL,NULL,2,1,1,'2025-11-07 02:43:54'),(165,'Yolanda Herrera','eochoa@example.org','6324704097','1990-09-19','Avenida calle 99 # 69-98','CE','72897239','$2b$12$EWE7LA0giWj62FVh4OynIeHvfmY8O/oFNXqSVSoBPW2TgoSwbEdUG',0,NULL,NULL,NULL,NULL,NULL,1,1,1,'2025-11-07 02:43:54'),(166,'Luis Escobar','ofigueroa@example.com','1898038761','1965-08-30','Cr. 145Y Bis # 1-75 Sur','CC','11866269','$2b$12$931Ok0IjEfbG3cD/pypPJO1.PgnHqWJYnFk/r.bcxKOcicxIHVr7u',0,NULL,NULL,NULL,NULL,NULL,4,1,1,'2025-11-07 02:43:55'),(167,'Francy Fernanda Palacios Bauti','angel61@example.org','6149156190','1979-08-23','Avenida calle 6ª # 9-4 Este','CC','75233740','$2b$12$c2iMya960dRYmMMSjQwPAOjfaRc2V8WXAtk9OxNdieYOPhdRRFtl2',0,NULL,NULL,NULL,NULL,NULL,2,1,1,'2025-11-07 02:43:55'),(168,'Alicia Martínez Hernández','marcelaherrera@example.org','0930769873','1993-02-15','Cr. 173 # 76-95 Sur','TI','63962860','$2b$12$ShDGb8pw96hVXu9NwzelLOtgrcYO9nb5f2eoxf2aVnSImiTSLUH8O',0,NULL,NULL,NULL,NULL,NULL,2,1,1,'2025-11-07 02:43:55'),(169,'Jorge Pablo López Martínez','rubioluz@example.org','2082900225','1998-10-03','Carrera 138M # 73-63','CE','88322446','$2b$12$gm3n4TCIN8Qdlend5ImWEunLUFsH7tUFRvFJcZDjtH/EL88nPpHB.',0,NULL,NULL,NULL,NULL,NULL,1,1,1,'2025-11-07 02:43:55'),(170,'Denis Victoria Pérez','moralesmanuel@example.com','9336933229','1999-08-10','Av. Vaupés # 6-51 Sur','TI','66895580','$2b$12$bpIy2zpBwW4waLDdO2swfeLaO.zYvxQTIYp2dMrp1/J2Nn8M.J8ge',0,NULL,NULL,NULL,NULL,NULL,5,1,1,'2025-11-07 02:43:56'),(171,'Elvia Naranjo','xiomararodriguez@example.org','7371953336','1982-05-05','Cr. 5 Sur # 16-51 Sur','CC','78263821','$2b$12$jcRHG9P/B02uN28BbL/BVeDU7D8UV4VuNRVcfgCYnqDtPq25C9qFO',0,NULL,NULL,NULL,NULL,NULL,2,1,1,'2025-11-07 02:43:56'),(172,'Camilo Cárdenas Parra','juannunez@example.org','3722161710','1965-02-18','Avenida calle 12 # 35-81 Sur','TI','60302057','$2b$12$G1AJsgs1cGTxiyvGA/nL6uCWlz68VjivdmeB7DQ/rEpkOSrpou2du',0,NULL,NULL,NULL,NULL,NULL,2,1,1,'2025-11-07 02:43:56'),(173,'Alba María Leal Gómez','cgomez@example.net','7609423494','2000-10-31','Cr. 8I # 4-4 Este','TI','61183001','$2b$12$mMfJtD0r.zq5htR3ykAC7eiVxsTMVB4UXneR2pvatRYr/J/WG1vr6',0,NULL,NULL,NULL,NULL,NULL,2,1,1,'2025-11-07 02:43:56'),(174,'José Julio Meneses Saavedra','martin25@example.org','5167233938','1971-12-26','Cr. 161 # 8-8 Sur','CE','20026322','$2b$12$dr5Kgzvz5QF8sZVggmHRUuHhaLiWqxiVc10WY7adbiX1/dZ77Jw1e',0,NULL,NULL,NULL,NULL,NULL,4,1,1,'2025-11-07 02:43:57'),(175,'Astrid Romero Gómez','luismoreno@example.org','6418195762','1999-11-09','Cr. 74 # 62R-7','TI','10230071','$2b$12$TEnILaU2mA7bSwVszAoeiu1pADiaiV8IvqMNWMZ/JF/RNnuvhFYC6',0,NULL,NULL,NULL,NULL,NULL,2,1,1,'2025-11-07 02:43:57'),(176,'Jesús Fabián Barbosa','gomezmaria@example.org','9952812295','2004-03-02','Dg. 56I Este # 4-8','CE','77166318','$2b$12$hDintC2vNhruHXGjfGLxS.JdpPBl/9Yu07gnRB6hfECfmxPXoKXiu',0,NULL,NULL,NULL,NULL,NULL,3,1,1,'2025-11-07 02:43:57'),(177,'Hermes José Galvis','xrojas@example.com','6812219350','1979-03-22','Avenida carrera 26 # 42-1','CE','35816791','$2b$12$4NUjb0MvrHooxvzZSVlmIuz03YyBlRi3V6.Tj/93.9yt7ouH/FBMC',0,NULL,NULL,NULL,NULL,NULL,5,1,1,'2025-11-07 02:43:57'),(178,'María Forero','maria57@example.com','4353667011','1969-03-02','Carrera 99 # 90-92 Sur','CC','62272996','$2b$12$6JGVVoDFCm3/fgFJz.lr2Oxq6SmDIiHspHc/Su.NRx89XNgSlMf3G',0,NULL,NULL,NULL,NULL,NULL,1,1,1,'2025-11-07 02:43:58'),(179,'Jesús Giraldo González','marcos17@example.com','7746786370','1975-01-25','Avenida calle 198 # 9-4 Sur','CC','12916412','$2b$12$oAIvxn0tlM9.lYTleyBL8ueR5yZ7qstsWJEZ21IiVu8aeLbQtXkNa',0,NULL,NULL,NULL,NULL,NULL,5,1,1,'2025-11-07 02:43:58'),(180,'Paola Moreno Rueda','jairomartinez@example.com','3718788840','1988-01-17','Cl. 166F Bis C # 89-4 Este','CE','21891985','$2b$12$F5V7Zz/l.nf.GGJ8ABYjAOP0nVc2wVuhdqF3wGEtwatFQ2Lmbcs8O',0,NULL,NULL,NULL,NULL,NULL,1,1,1,'2025-11-07 02:43:58'),(181,'Nelcy Vargas','valentinanaranjo@example.net','4594462985','1986-12-11','Transversal 59 # 91-39 Sur','CE','40402037','$2b$12$2pDAzassEmFlwVHBjNwHnOj5HYUDXPN11.mnqq953tkufNdU44iSe',0,NULL,NULL,NULL,NULL,NULL,5,1,1,'2025-11-07 02:43:58'),(182,'Andrea María Delgado','margaritarojas@example.net','9209117887','1988-02-23','Cl. 178 # 7-3 Sur','CC','71715695','$2b$12$y.osEMi9aiuqOB//GYcknOsp0PhAe8IJSifQMoIYqyCJ9eesQ1May',0,NULL,NULL,NULL,NULL,NULL,5,1,1,'2025-11-07 02:43:59'),(183,'Andrés Carlos Muñoz Bustamante','ardilaelkin@example.net','2311851633','1998-11-18','Cr. 4ª # 90-8','CE','81874351','$2b$12$ysAC2/LRSEeQ/iZAoSHujOBBQEKJu/3dDGHogDngTW4xtUBdpF40m',0,NULL,NULL,NULL,NULL,NULL,1,1,1,'2025-11-07 02:43:59'),(184,'María Durán','hrojas@example.com','6078910427','1991-03-28','Cl. 83 # 8G-4 Este','CC','33189602','$2b$12$VVKdKDtXV02rAhBNd99tZOp0AGkzv22X89Fmf8aXXgL.tt6HiO.aO',0,NULL,NULL,NULL,NULL,NULL,4,1,1,'2025-11-07 02:43:59'),(185,'Martha Arias Hernández','juan49@example.net','4183973305','2002-05-12','Carrera 18 # 3-1 Este','TI','42572191','$2b$12$LlwENr9i6B.1VlhBLrx25uwb/bYNE75bL3huWHgTt.B6q0tAUq9Wu',0,NULL,NULL,NULL,NULL,NULL,2,1,1,'2025-11-07 02:43:59'),(186,'Fanny Ramírez','albaposada@example.com','5296906579','2006-03-18','Carrera 113D # 28-7','TI','27119919','$2b$12$n3PcTez860zHilnlfmaMd.AeCA1YfJ31v36W2D6r7Uw1B9lgkdEym',0,NULL,NULL,NULL,NULL,NULL,3,1,1,'2025-11-07 02:44:00'),(187,'Leonardo Castaño','reyespatricia@example.com','9882029820','1996-10-19','Cl. 5ª # 26E-7 Sur','TI','33351214','$2b$12$LsoHifDYu3yxNpKYvHTC7OapBPCkb0oRhImAVUMeAzNOgipQ7/3re',0,NULL,NULL,NULL,NULL,NULL,5,1,1,'2025-11-07 02:44:00'),(188,'Karol Denis Cárdenas','salazarcarlos@example.org','9386793991','1999-06-19','Carrera 13 # 22-46 Sur','CC','61682891','$2b$12$A6vfmmcEzBMwAAKBrnWOl.KmU3Hd2gcV.QneStpJYlOuNc/NiF5eG',0,NULL,NULL,NULL,NULL,NULL,4,1,1,'2025-11-07 02:44:00'),(189,'Lucía Carolina Torres','ivanvelez@example.net','2452783552','1967-09-08','Cr. 142 # 59-6','TI','26105541','$2b$12$QcMUBQB4WPxOPMSh9OJ8devHhEOechtB8WpbmSGsmQZkGzXi.73n6',0,NULL,NULL,NULL,NULL,NULL,4,1,1,'2025-11-07 02:44:00'),(190,'David Alberto Calderón Correa','alexander85@example.org','4480979802','1993-08-08','Calle 1R # 96-87 Este','TI','47382108','$2b$12$EiCuAEUbURfgsU.3BxFLJ.KBYubl1RAzC7GdI8HztPF5UHfRLJ1ui',0,NULL,NULL,NULL,NULL,NULL,4,1,1,'2025-11-07 02:44:01'),(191,'Yuli Zapata Muñoz','orozcoalexander@example.com','2730694461','1983-07-25','Cr. 138 # 4-9 Este','TI','20216283','$2b$12$yYWFOk6OENExIRbGKYxozek.0R/5dRcOZl61r87Qg23zQq/VDDnMe',0,NULL,NULL,NULL,NULL,NULL,2,1,1,'2025-11-07 02:44:01'),(192,'Luz Leonor Torres Álvarez','sarias@example.net','0848545444','1984-05-01','Dg. 42C # 92-96 Sur','TI','35122494','$2b$12$gY68hngXidBQJ1Us6X9cBOzF9OnReu/s/fK1R/a1lIXpOYvu3a/96',0,NULL,NULL,NULL,NULL,NULL,5,1,1,'2025-11-07 02:44:01'),(193,'María Gaviria','nicolasparra@example.org','2498272509','1988-04-17','Carrera 1ª # 2E-39 Sur','CE','42908187','$2b$12$HwHndN8u5BrD2ywsAkT2k.OqlbHZudiqxJNc6fd6XqQNRVAtG4kpW',0,NULL,NULL,NULL,NULL,NULL,4,1,1,'2025-11-07 02:44:01'),(194,'Javier Daniel Ardila','sreyes@example.com','4481792382','1999-05-28','Cl. 184C # 27-9 Este','CC','36172360','$2b$12$HqdKw6ZeYa7tOX3sMEz7DuR8C9OYPTjsXWu2Qmy1btKy9qVcHxw06',0,NULL,NULL,NULL,NULL,NULL,3,1,1,'2025-11-07 02:44:02'),(195,'Milena Osorio','beltraneugenia@example.net','3196983697','1997-08-17','Cl. 2W # 23-76','CC','28202153','$2b$12$61EHvORSeLDjrPYWzwOUCe9fr5vlW.JIxIdPZgMiHc1mbP5YikAUa',0,NULL,NULL,NULL,NULL,NULL,3,1,1,'2025-11-07 02:44:02'),(196,'Edward Peña Gutiérrez','natalia68@example.com','4383925663','1996-03-20','Cl. 192H Bis K # 9-2','CC','79723232','$2b$12$x2HP5A6RQ7HZ7YJq8SMMyumcCTcH0l8AjqMBat59Kccc4GQOOugDa',0,NULL,NULL,NULL,NULL,NULL,1,1,1,'2025-11-07 02:44:02'),(197,'Jorge Alexander González','icuellar@example.net','3073564850','1984-11-28','Carrera 96L # 88E-7 Sur','TI','72291660','$2b$12$zuwQNBhBghuRdWHrcVvEb.1k2Ybl1cZDyJP7UQ9BWSf13a/sYj502',0,NULL,NULL,NULL,NULL,NULL,2,1,1,'2025-11-07 02:44:02'),(198,'José Suárez Escobar','tarias@example.com','0486050229','1966-01-11','Avenida carrera 147 # 2-19 Este','CC','89746433','$2b$12$K6wEpQWiJNwJw0dbJXhwouNFAq2jVrfYY6vST0tl1qzESrJuFyGHm',0,NULL,NULL,NULL,NULL,NULL,1,1,1,'2025-11-07 02:44:03'),(199,'Josefa Narváez','cavila@example.com','2088193420','1973-10-30','Diagonal 53B # 75-8 Este','CC','13720644','$2b$12$gcueaFeatsim.dF5TImhIuUGhvzeRDW6Km0.2PQn17j9ueqa3DczO',0,NULL,NULL,NULL,NULL,NULL,4,1,1,'2025-11-07 02:44:03'),(200,'Libia Rodríguez','alonso38@example.org','5960969848','1966-08-03','Calle 140P # 23-1 Sur','TI','40591713','$2b$12$0p00xxlLc1ivODtJZ4h2ruGgVZCxO.ec1ZH6egaVAkCJyXgqXtg16',0,NULL,NULL,NULL,NULL,NULL,5,1,1,'2025-11-07 02:44:03'),(201,'Leidy López','vbustos@example.org','1740420664','1994-02-06','Cl. 2L Sur # 2-60 Este','CE','14765812','$2b$12$Iy4m2yN8AzFpOl/ni//vNuZz.uzNJDB0RICTX4QH0f1orZngvj3oW',0,NULL,NULL,NULL,NULL,NULL,3,1,1,'2025-11-07 02:44:03'),(202,'Nancy Gómez Marín','jhongalvis@example.com','5792478681','1988-06-09','Transversal 9ª # 77-76 Este','TI','15386142','$2b$12$Vxk9saoDjmyFjX5G9eVu.OfpNOXNZMVnNJE8QwGHgoS4r6TzItk2e',0,NULL,NULL,NULL,NULL,NULL,3,1,1,'2025-11-07 02:44:04'),(203,'Zoraida Silva','qjimenez@example.com','4497195969','1985-12-09','Av. Chivolo # 81-6','CE','15988456','$2b$12$ALmKDvEsalZMsDujAiPeTOtWAhD2k9jI0HrIT2W0PV0.eUn3SgaHO',0,NULL,NULL,NULL,NULL,NULL,5,1,1,'2025-11-07 02:44:04'),(204,'Humberto Hernando Mejía','vrodriguez@example.com','3208040094','1965-06-08','Avenida La Tola # 42V-1 Este','CC','45295407','$2b$12$a9srlLOYTeBkdOpFujA8s.ncwng7/Is0IC9mp/V1LUXfuygEGxPqC',0,NULL,NULL,NULL,NULL,NULL,2,1,1,'2025-11-07 02:44:05'),(205,'Humberto Daniel Páez Barrera','castromaria@example.com','3638369636','1996-04-03','Tr. 71 # 2T-72','CC','84139763','$2b$12$pEUHQRwIZidsF5QHoxKq2Oo13VGNl.2YZ55fnIFgIANSk9C39z2My',0,NULL,NULL,NULL,NULL,NULL,1,1,1,'2025-11-07 02:44:05'),(206,'Elena Alexandra Angulo','alexandrapalacios@example.com','4660297778','1990-02-17','Calle 159E # 5-47','CC','72989957','$2b$12$w5BQu2mzV6BDXhRyyYQTleaOwWP5QJ3Sdvg0wEMDLjtocHnAMjFk6',0,NULL,NULL,NULL,NULL,NULL,2,1,1,'2025-11-07 02:44:05'),(207,'Carmen Ibarra Guzmán','figueroaarmando@example.com','3252499510','1969-07-01','Dg. 165 # 9-8 Sur','CE','18609662','$2b$12$T09bvcL30ptvPIopWLwZkOs1pW0lawGaLlrKlQHzjZUF6OGrNvNji',0,NULL,NULL,NULL,NULL,NULL,2,1,1,'2025-11-07 02:44:06'),(208,'Damaris Reyes','lmedina@example.net','3665695036','2007-06-30','Calle 28 # 22V-7','CC','80267961','$2b$12$0qzKHEcMAKGWl.n8gJXnAO.dODhssmodfYrY9pvsMRSWSbaIIz3Ee',0,NULL,NULL,NULL,NULL,NULL,1,1,1,'2025-11-07 02:44:06'),(209,'Teresa Domínguez Yepes','imanrique@example.org','4237841740','2004-05-01','Transversal 47 # 2-79 Sur','CE','59267214','$2b$12$fBD2tWinH1vk7t.PH4B62.6UIHC9HSDFq.UtVz5s7kHJyEVeoGh1u',0,NULL,NULL,NULL,NULL,NULL,4,1,1,'2025-11-07 02:44:06');
/*!40000 ALTER TABLE `turista` ENABLE KEYS */;
UNLOCK TABLES;

--
-- Table structure for table `ubicacion`
--

DROP TABLE IF EXISTS `ubicacion`;
/*!40101 SET @saved_cs_client     = @@character_set_client */;
/*!50503 SET character_set_client = utf8mb4 */;
CREATE TABLE `ubicacion` (
  `id` int(11) NOT NULL AUTO_INCREMENT,
  `longitud` varchar(30) DEFAULT NULL,
  `latitud` varchar(30) DEFAULT NULL,
  `id_plan` int(11) DEFAULT NULL,
  PRIMARY KEY (`id`),
  KEY `id_plan` (`id_plan`),
  CONSTRAINT `ubicacion_ibfk_1` FOREIGN KEY (`id_plan`) REFERENCES `plan` (`id`)
) ENGINE=InnoDB DEFAULT CHARSET=utf8mb4 COLLATE=utf8mb4_general_ci;
/*!40101 SET character_set_client = @saved_cs_client */;

--
-- Dumping data for table `ubicacion`
--

LOCK TABLES `ubicacion` WRITE;
/*!40000 ALTER TABLE `ubicacion` DISABLE KEYS */;
/*!40000 ALTER TABLE `ubicacion` ENABLE KEYS */;
UNLOCK TABLES;

--
-- Dumping events for database 'escapade_parfaite'
--

--
-- Dumping routines for database 'escapade_parfaite'
--
/*!50003 DROP PROCEDURE IF EXISTS `CrearAdministrador` */;
/*!50003 SET @saved_cs_client      = @@character_set_client */ ;
/*!50003 SET @saved_cs_results     = @@character_set_results */ ;
/*!50003 SET @saved_col_connection = @@collation_connection */ ;
/*!50003 SET character_set_client  = utf8mb4 */ ;
/*!50003 SET character_set_results = utf8mb4 */ ;
/*!50003 SET collation_connection  = utf8mb4_general_ci */ ;
/*!50003 SET @saved_sql_mode       = @@sql_mode */ ;
/*!50003 SET sql_mode              = 'NO_AUTO_VALUE_ON_ZERO' */ ;
DELIMITER ;;
CREATE DEFINER=`root`@`localhost` PROCEDURE `CrearAdministrador`( 

    IN Nombre VARCHAR(30), 

    IN Correo VARCHAR(50), 

    IN Celular VARCHAR(15), 

    IN TipoIdentificacion VARCHAR(5), 

    IN Identificacion VARCHAR(15), 

    IN ContrasenaPlano VARCHAR(100) 

)
BEGIN 

    INSERT INTO administrador ( 

        nombre, 

        correo, 

        celular, 

        tipo_identificacion, 

        identificacion, 

        contrasena 

    ) 

    VALUES ( 

        Nombre, 

        Correo, 

        Celular, 

        TipoIdentificacion, 

        Identificacion, 

        SHA2(ContrasenaPlano, 256) 

    ); 

END ;;
DELIMITER ;
/*!50003 SET sql_mode              = @saved_sql_mode */ ;
/*!50003 SET character_set_client  = @saved_cs_client */ ;
/*!50003 SET character_set_results = @saved_cs_results */ ;
/*!50003 SET collation_connection  = @saved_col_connection */ ;
/*!50003 DROP PROCEDURE IF EXISTS `crearTurista` */;
/*!50003 SET @saved_cs_client      = @@character_set_client */ ;
/*!50003 SET @saved_cs_results     = @@character_set_results */ ;
/*!50003 SET @saved_col_connection = @@collation_connection */ ;
/*!50003 SET character_set_client  = utf8mb4 */ ;
/*!50003 SET character_set_results = utf8mb4 */ ;
/*!50003 SET collation_connection  = utf8mb4_general_ci */ ;
/*!50003 SET @saved_sql_mode       = @@sql_mode */ ;
/*!50003 SET sql_mode              = 'NO_AUTO_VALUE_ON_ZERO' */ ;
DELIMITER ;;
CREATE DEFINER=`root`@`localhost` PROCEDURE `crearTurista`( IN nombre VARCHAR(30),  

IN correo VARCHAR(50),  

IN celular VARCHAR(20),  

IN fecha_nacimiento DATE,  

IN direccion VARCHAR(50),  

IN tipo_identificacion VARCHAR(5),  

IN contrasenaEnc VARCHAR(100),  

IN ciudad_id INT(11))
BEGIN INSERT INTO turista  

(nombre, correo, celular, fecha_nacimiento, direccion, tipo_identificacion, contrasena, ciudad_id) 

VALUES (nombre, correo, celular, fecha_nacimiento, direccion, tipo_identificacion, SHA2(contrasenaEnc,256), ciudad_id);  

END ;;
DELIMITER ;
/*!50003 SET sql_mode              = @saved_sql_mode */ ;
/*!50003 SET character_set_client  = @saved_cs_client */ ;
/*!50003 SET character_set_results = @saved_cs_results */ ;
/*!50003 SET collation_connection  = @saved_col_connection */ ;
/*!50003 DROP PROCEDURE IF EXISTS `ReservasPorAño` */;
/*!50003 SET @saved_cs_client      = @@character_set_client */ ;
/*!50003 SET @saved_cs_results     = @@character_set_results */ ;
/*!50003 SET @saved_col_connection = @@collation_connection */ ;
/*!50003 SET character_set_client  = utf8mb4 */ ;
/*!50003 SET character_set_results = utf8mb4 */ ;
/*!50003 SET collation_connection  = utf8mb4_general_ci */ ;
/*!50003 SET @saved_sql_mode       = @@sql_mode */ ;
/*!50003 SET sql_mode              = 'NO_AUTO_VALUE_ON_ZERO' */ ;
DELIMITER ;;
CREATE DEFINER=`root`@`localhost` PROCEDURE `ReservasPorAño`(IN Año INT)
BEGIN 

    SELECT  

        r.fecha_reserva,  

        r.costo_final,  

        p.nombre AS nombre_plan,  

        c.nombre AS nombre_ciudad 

    FROM reserva AS r 

    INNER JOIN plan AS p ON p.id = r.id_plan 

    INNER JOIN ciudad AS c ON c.id = p.id_ciudad 

    WHERE YEAR(r.fecha_reserva) = Año; 

END ;;
DELIMITER ;
/*!50003 SET sql_mode              = @saved_sql_mode */ ;
/*!50003 SET character_set_client  = @saved_cs_client */ ;
/*!50003 SET character_set_results = @saved_cs_results */ ;
/*!50003 SET collation_connection  = @saved_col_connection */ ;
/*!50003 DROP PROCEDURE IF EXISTS `ReservasPorAñoCiudad` */;
/*!50003 SET @saved_cs_client      = @@character_set_client */ ;
/*!50003 SET @saved_cs_results     = @@character_set_results */ ;
/*!50003 SET @saved_col_connection = @@collation_connection */ ;
/*!50003 SET character_set_client  = utf8mb4 */ ;
/*!50003 SET character_set_results = utf8mb4 */ ;
/*!50003 SET collation_connection  = utf8mb4_general_ci */ ;
/*!50003 SET @saved_sql_mode       = @@sql_mode */ ;
/*!50003 SET sql_mode              = 'NO_AUTO_VALUE_ON_ZERO' */ ;
DELIMITER ;;
CREATE DEFINER=`root`@`localhost` PROCEDURE `ReservasPorAñoCiudad`( 

    IN Año INT, 

    IN Ciudad VARCHAR(100) 

)
BEGIN 

    SELECT  

        r.fecha_reserva,  

        r.costo_final,  

        p.nombre AS nombre_plan,  

        c.nombre AS nombre_ciudad 

    FROM reserva AS r 

    INNER JOIN plan AS p ON p.id = r.id_plan 

    INNER JOIN ciudad AS c ON c.id = p.id_ciudad 

    WHERE YEAR(r.fecha_reserva) = Año 

      AND c.nombre = Ciudad; 

END ;;
DELIMITER ;
/*!50003 SET sql_mode              = @saved_sql_mode */ ;
/*!50003 SET character_set_client  = @saved_cs_client */ ;
/*!50003 SET character_set_results = @saved_cs_results */ ;
/*!50003 SET collation_connection  = @saved_col_connection */ ;
/*!50003 DROP PROCEDURE IF EXISTS `VerFavoritosPorTurista` */;
/*!50003 SET @saved_cs_client      = @@character_set_client */ ;
/*!50003 SET @saved_cs_results     = @@character_set_results */ ;
/*!50003 SET @saved_col_connection = @@collation_connection */ ;
/*!50003 SET character_set_client  = utf8mb4 */ ;
/*!50003 SET character_set_results = utf8mb4 */ ;
/*!50003 SET collation_connection  = utf8mb4_general_ci */ ;
/*!50003 SET @saved_sql_mode       = @@sql_mode */ ;
/*!50003 SET sql_mode              = 'NO_AUTO_VALUE_ON_ZERO' */ ;
DELIMITER ;;
CREATE DEFINER=`root`@`localhost` PROCEDURE `VerFavoritosPorTurista`( 

    IN NombreTurista VARCHAR(100) 

)
BEGIN 

    SELECT  

        t.nombre AS turista, 

        p.nombre AS plan, 

        c.nombre AS ciudad 

    FROM favorito f 

    JOIN turista t ON t.id = f.id_turista 

    JOIN plan p ON p.id = f.id_plan 

    JOIN ciudad c ON c.id = p.id_ciudad 

    WHERE t.nombre = NombreTurista; 

END ;;
DELIMITER ;
/*!50003 SET sql_mode              = @saved_sql_mode */ ;
/*!50003 SET character_set_client  = @saved_cs_client */ ;
/*!50003 SET character_set_results = @saved_cs_results */ ;
/*!50003 SET collation_connection  = @saved_col_connection */ ;
/*!50003 DROP PROCEDURE IF EXISTS `VerInformesPorAdministrador` */;
/*!50003 SET @saved_cs_client      = @@character_set_client */ ;
/*!50003 SET @saved_cs_results     = @@character_set_results */ ;
/*!50003 SET @saved_col_connection = @@collation_connection */ ;
/*!50003 SET character_set_client  = utf8mb4 */ ;
/*!50003 SET character_set_results = utf8mb4 */ ;
/*!50003 SET collation_connection  = utf8mb4_general_ci */ ;
/*!50003 SET @saved_sql_mode       = @@sql_mode */ ;
/*!50003 SET sql_mode              = 'NO_AUTO_VALUE_ON_ZERO' */ ;
DELIMITER ;;
CREATE DEFINER=`root`@`localhost` PROCEDURE `VerInformesPorAdministrador`(  

    IN NombreAdmin VARCHAR(100)  

)
BEGIN  

    SELECT   

        i.fecha_creacion,  

        i.nombre,   

        a.nombre AS nombre_admin  

    FROM informe i  

    JOIN administrador a ON a.id = i.id_administrador  

    WHERE a.nombre = NombreAdmin;  

END ;;
DELIMITER ;
/*!50003 SET sql_mode              = @saved_sql_mode */ ;
/*!50003 SET character_set_client  = @saved_cs_client */ ;
/*!50003 SET character_set_results = @saved_cs_results */ ;
/*!50003 SET collation_connection  = @saved_col_connection */ ;
/*!50003 DROP PROCEDURE IF EXISTS `VerInformesRecientes` */;
/*!50003 SET @saved_cs_client      = @@character_set_client */ ;
/*!50003 SET @saved_cs_results     = @@character_set_results */ ;
/*!50003 SET @saved_col_connection = @@collation_connection */ ;
/*!50003 SET character_set_client  = utf8mb4 */ ;
/*!50003 SET character_set_results = utf8mb4 */ ;
/*!50003 SET collation_connection  = utf8mb4_general_ci */ ;
/*!50003 SET @saved_sql_mode       = @@sql_mode */ ;
/*!50003 SET sql_mode              = 'NO_AUTO_VALUE_ON_ZERO' */ ;
DELIMITER ;;
CREATE DEFINER=`root`@`localhost` PROCEDURE `VerInformesRecientes`()
BEGIN  

    SELECT   

        i.nombre AS nombre_informe,  

        i.fecha_creacion,  

        a.nombre AS nombre_administrador  

    FROM informe i  

    inner JOIN administrador a ON a.id = i.id_administrador  

    WHERE i.fecha_creacion >= CURDATE() - INTERVAL 15 DAY;  

END ;;
DELIMITER ;
/*!50003 SET sql_mode              = @saved_sql_mode */ ;
/*!50003 SET character_set_client  = @saved_cs_client */ ;
/*!50003 SET character_set_results = @saved_cs_results */ ;
/*!50003 SET collation_connection  = @saved_col_connection */ ;
/*!50003 DROP PROCEDURE IF EXISTS `VerIngresosPorCiudad` */;
/*!50003 SET @saved_cs_client      = @@character_set_client */ ;
/*!50003 SET @saved_cs_results     = @@character_set_results */ ;
/*!50003 SET @saved_col_connection = @@collation_connection */ ;
/*!50003 SET character_set_client  = utf8mb4 */ ;
/*!50003 SET character_set_results = utf8mb4 */ ;
/*!50003 SET collation_connection  = utf8mb4_general_ci */ ;
/*!50003 SET @saved_sql_mode       = @@sql_mode */ ;
/*!50003 SET sql_mode              = 'NO_AUTO_VALUE_ON_ZERO' */ ;
DELIMITER ;;
CREATE DEFINER=`root`@`localhost` PROCEDURE `VerIngresosPorCiudad`( 

    IN Ciudad VARCHAR(100) 

)
BEGIN 

    SELECT  

        c.nombre AS ciudad, 

        SUM(r.costo_final) AS ingresos_totales 

    FROM reserva r 

    JOIN plan p ON p.id = r.id_plan 

    JOIN ciudad c ON c.id = p.id_ciudad 

    WHERE c.nombre = Ciudad 

    GROUP BY c.nombre; 

END ;;
DELIMITER ;
/*!50003 SET sql_mode              = @saved_sql_mode */ ;
/*!50003 SET character_set_client  = @saved_cs_client */ ;
/*!50003 SET character_set_results = @saved_cs_results */ ;
/*!50003 SET collation_connection  = @saved_col_connection */ ;
/*!50003 DROP PROCEDURE IF EXISTS `VerPlanesPopularesPorCiudad` */;
/*!50003 SET @saved_cs_client      = @@character_set_client */ ;
/*!50003 SET @saved_cs_results     = @@character_set_results */ ;
/*!50003 SET @saved_col_connection = @@collation_connection */ ;
/*!50003 SET character_set_client  = utf8mb4 */ ;
/*!50003 SET character_set_results = utf8mb4 */ ;
/*!50003 SET collation_connection  = utf8mb4_general_ci */ ;
/*!50003 SET @saved_sql_mode       = @@sql_mode */ ;
/*!50003 SET sql_mode              = 'NO_AUTO_VALUE_ON_ZERO' */ ;
DELIMITER ;;
CREATE DEFINER=`root`@`localhost` PROCEDURE `VerPlanesPopularesPorCiudad`( 

    IN Ciudad VARCHAR(100) 

)
BEGIN 

    SELECT  

        p.nombre AS plan, 

        COUNT(*) AS cantidad_reservas 

    FROM reserva r 

    JOIN plan p ON p.id = r.id_plan 

    JOIN ciudad c ON c.id = p.id_ciudad 

    WHERE c.nombre = Ciudad 

    GROUP BY p.nombre 

    ORDER BY cantidad_reservas DESC; 

END ;;
DELIMITER ;
/*!50003 SET sql_mode              = @saved_sql_mode */ ;
/*!50003 SET character_set_client  = @saved_cs_client */ ;
/*!50003 SET character_set_results = @saved_cs_results */ ;
/*!50003 SET collation_connection  = @saved_col_connection */ ;
/*!50003 DROP PROCEDURE IF EXISTS `VerReservasPorCiudadPrecio` */;
/*!50003 SET @saved_cs_client      = @@character_set_client */ ;
/*!50003 SET @saved_cs_results     = @@character_set_results */ ;
/*!50003 SET @saved_col_connection = @@collation_connection */ ;
/*!50003 SET character_set_client  = utf8mb4 */ ;
/*!50003 SET character_set_results = utf8mb4 */ ;
/*!50003 SET collation_connection  = utf8mb4_general_ci */ ;
/*!50003 SET @saved_sql_mode       = @@sql_mode */ ;
/*!50003 SET sql_mode              = 'NO_AUTO_VALUE_ON_ZERO' */ ;
DELIMITER ;;
CREATE DEFINER=`root`@`localhost` PROCEDURE `VerReservasPorCiudadPrecio`( 

    IN Ciudad VARCHAR(100), 

    IN PrecioMin DECIMAL(10,2), 

    IN PrecioMax DECIMAL(10,2) 

)
BEGIN 

    SELECT  

        r.fecha_reserva, 

        r.costo_final, 

        p.nombre AS plan, 

        c.nombre AS ciudad 

    FROM reserva r 

    JOIN plan p ON p.id = r.id_plan 

    JOIN ciudad c ON c.id = p.id_ciudad 

    WHERE c.nombre = Ciudad 

      AND r.costo_final BETWEEN PrecioMin AND PrecioMax; 

END ;;
DELIMITER ;
/*!50003 SET sql_mode              = @saved_sql_mode */ ;
/*!50003 SET character_set_client  = @saved_cs_client */ ;
/*!50003 SET character_set_results = @saved_cs_results */ ;
/*!50003 SET collation_connection  = @saved_col_connection */ ;
/*!50003 DROP PROCEDURE IF EXISTS `VerReservasPorTurista` */;
/*!50003 SET @saved_cs_client      = @@character_set_client */ ;
/*!50003 SET @saved_cs_results     = @@character_set_results */ ;
/*!50003 SET @saved_col_connection = @@collation_connection */ ;
/*!50003 SET character_set_client  = utf8mb4 */ ;
/*!50003 SET character_set_results = utf8mb4 */ ;
/*!50003 SET collation_connection  = utf8mb4_general_ci */ ;
/*!50003 SET @saved_sql_mode       = @@sql_mode */ ;
/*!50003 SET sql_mode              = 'NO_AUTO_VALUE_ON_ZERO' */ ;
DELIMITER ;;
CREATE DEFINER=`root`@`localhost` PROCEDURE `VerReservasPorTurista`( 

    IN NombreTurista VARCHAR(100) 

)
BEGIN 

    SELECT  

        r.fecha_reserva, 

        r.costo_final, 

        p.nombre AS plan, 

        c.nombre AS ciudad, 

        t.nombre AS turista 

    FROM reserva r 

    JOIN plan p ON p.id = r.id_plan 

    JOIN ciudad c ON c.id = p.id_ciudad 

    JOIN turista t ON t.id = r.id_turista 

    WHERE t.nombre = NombreTurista; 

END ;;
DELIMITER ;
/*!50003 SET sql_mode              = @saved_sql_mode */ ;
/*!50003 SET character_set_client  = @saved_cs_client */ ;
/*!50003 SET character_set_results = @saved_cs_results */ ;
/*!50003 SET collation_connection  = @saved_col_connection */ ;
/*!50003 DROP PROCEDURE IF EXISTS `VerReservasRecientesPorCiudad` */;
/*!50003 SET @saved_cs_client      = @@character_set_client */ ;
/*!50003 SET @saved_cs_results     = @@character_set_results */ ;
/*!50003 SET @saved_col_connection = @@collation_connection */ ;
/*!50003 SET character_set_client  = utf8mb4 */ ;
/*!50003 SET character_set_results = utf8mb4 */ ;
/*!50003 SET collation_connection  = utf8mb4_general_ci */ ;
/*!50003 SET @saved_sql_mode       = @@sql_mode */ ;
/*!50003 SET sql_mode              = 'NO_AUTO_VALUE_ON_ZERO' */ ;
DELIMITER ;;
CREATE DEFINER=`root`@`localhost` PROCEDURE `VerReservasRecientesPorCiudad`( 

    IN Ciudad VARCHAR(100) 

)
BEGIN 

    SELECT  

        r.fecha_reserva,  

        r.costo_final,  

        p.nombre AS plan,  

        c.nombre AS ciudad 

    FROM reserva r 

    JOIN plan p ON p.id = r.id_plan 

    JOIN ciudad c ON c.id = p.id_ciudad 

    WHERE r.fecha_reserva >= CURDATE() - INTERVAL 30 DAY 

      AND c.nombre = Ciudad; 

END ;;
DELIMITER ;
/*!50003 SET sql_mode              = @saved_sql_mode */ ;
/*!50003 SET character_set_client  = @saved_cs_client */ ;
/*!50003 SET character_set_results = @saved_cs_results */ ;
/*!50003 SET collation_connection  = @saved_col_connection */ ;

--
-- Final view structure for view `planesporciudad`
--

/*!50001 DROP VIEW IF EXISTS `planesporciudad`*/;
/*!50001 SET @saved_cs_client          = @@character_set_client */;
/*!50001 SET @saved_cs_results         = @@character_set_results */;
/*!50001 SET @saved_col_connection     = @@collation_connection */;
/*!50001 SET character_set_client      = utf8mb4 */;
/*!50001 SET character_set_results     = utf8mb4 */;
/*!50001 SET collation_connection      = utf8mb4_general_ci */;
/*!50001 CREATE ALGORITHM=UNDEFINED */
/*!50013 DEFINER=`root`@`localhost` SQL SECURITY DEFINER */
/*!50001 VIEW `planesporciudad` AS select `p`.`id` AS `id_plan`,`p`.`nombre` AS `nombre_plan`,`c`.`id` AS `id_ciudad`,`c`.`nombre` AS `nombre_ciudad` from (`plan` `p` join `ciudad` `c` on(`p`.`id_ciudad` = `c`.`id`)) */;
/*!50001 SET character_set_client      = @saved_cs_client */;
/*!50001 SET character_set_results     = @saved_cs_results */;
/*!50001 SET collation_connection      = @saved_col_connection */;
/*!40103 SET TIME_ZONE=@OLD_TIME_ZONE */;

/*!40101 SET SQL_MODE=@OLD_SQL_MODE */;
/*!40014 SET FOREIGN_KEY_CHECKS=@OLD_FOREIGN_KEY_CHECKS */;
/*!40014 SET UNIQUE_CHECKS=@OLD_UNIQUE_CHECKS */;
/*!40101 SET CHARACTER_SET_CLIENT=@OLD_CHARACTER_SET_CLIENT */;
/*!40101 SET CHARACTER_SET_RESULTS=@OLD_CHARACTER_SET_RESULTS */;
/*!40101 SET COLLATION_CONNECTION=@OLD_COLLATION_CONNECTION */;
/*!40111 SET SQL_NOTES=@OLD_SQL_NOTES */;

-- Dump completed on 2025-11-11  1:27:24
